store_id,sku,opening_stock,closing_stock,replenishment_qty,lead_time
S001,SKU0001,129,111,38,5
S001,SKU0002,174,154,37,7
S001,SKU0003,54,23,117,1
S001,SKU0004,66,43,125,4
S001,SKU0005,53,27,37,2
S001,SKU0006,293,276,31,3
S001,SKU0007,62,29,122,6
S001,SKU0008,246,234,109,2
S001,SKU0009,101,70,65,6
S001,SKU0010,80,42,85,2
S001,SKU0011,63,29,108,6
S001,SKU0012,299,275,30,1
S001,SKU0013,142,132,39,7
S001,SKU0014,255,220,63,5
S001,SKU0015,199,189,126,6
S001,SKU0016,86,74,29,1
S001,SKU0017,219,187,146,3
S001,SKU0018,55,21,61,7
S001,SKU0019,261,251,125,5
S001,SKU0020,115,78,142,7
S001,SKU0021,281,252,74,7
S001,SKU0022,217,198,89,1
S001,SKU0023,206,185,85,5
S001,SKU0024,168,142,68,5
S001,SKU0025,271,249,84,5
S001,SKU0026,224,189,127,3
S001,SKU0027,194,159,80,2
S001,SKU0028,236,208,36,7
S001,SKU0029,132,101,40,4
S001,SKU0030,115,103,41,1
S001,SKU0031,201,190,103,2
S001,SKU0032,60,35,142,2
S001,SKU0033,265,239,91,7
S001,SKU0034,62,39,21,7
S001,SKU0035,205,182,83,2
S001,SKU0036,61,47,123,3
S001,SKU0037,197,175,64,4
S001,SKU0038,116,95,106,2
S001,SKU0039,202,175,31,7
S001,SKU0040,256,225,64,6
S001,SKU0041,150,137,49,7
S001,SKU0042,285,259,142,1
S001,SKU0043,267,232,52,5
S001,SKU0044,55,21,73,3
S001,SKU0045,93,63,34,5
S001,SKU0046,227,190,141,5
S001,SKU0047,101,89,120,6
S001,SKU0048,111,98,22,3
S001,SKU0049,289,270,146,6
S001,SKU0050,157,129,127,1
S001,SKU0051,199,186,118,1
S001,SKU0052,121,86,80,7
S001,SKU0053,57,35,113,3
S001,SKU0054,204,187,40,4
S001,SKU0055,284,251,98,6
S001,SKU0056,202,186,122,2
S001,SKU0057,50,30,142,6
S001,SKU0058,111,91,112,1
S001,SKU0059,252,218,48,4
S001,SKU0060,284,273,42,6
S001,SKU0061,116,83,92,1
S001,SKU0062,180,154,148,1
S001,SKU0063,290,257,84,5
S001,SKU0064,272,256,62,3
S001,SKU0065,254,233,73,7
S001,SKU0066,108,72,126,1
S001,SKU0067,243,210,41,2
S001,SKU0068,56,28,36,4
S001,SKU0069,72,53,73,5
S001,SKU0070,295,273,125,7
S001,SKU0071,189,164,121,1
S001,SKU0072,89,54,117,6
S001,SKU0073,120,84,117,3
S001,SKU0074,222,192,100,4
S001,SKU0075,79,68,28,2
S001,SKU0076,110,77,27,5
S001,SKU0077,101,74,20,1
S001,SKU0078,236,219,45,7
S001,SKU0079,122,87,29,4
S001,SKU0080,288,257,138,6
S001,SKU0081,167,141,76,7
S001,SKU0082,270,260,82,5
S001,SKU0083,276,241,137,4
S001,SKU0084,126,97,21,4
S001,SKU0085,272,254,91,4
S001,SKU0086,228,197,51,4
S001,SKU0087,283,260,82,6
S001,SKU0088,213,180,71,4
S001,SKU0089,71,51,39,1
S001,SKU0090,179,148,84,3
S001,SKU0091,268,232,77,3
S001,SKU0092,81,69,125,3
S001,SKU0093,278,252,127,7
S001,SKU0094,89,78,128,4
S001,SKU0095,63,53,104,1
S001,SKU0096,164,132,141,4
S001,SKU0097,270,258,46,1
S001,SKU0098,286,256,62,5
S001,SKU0099,130,105,36,2
S001,SKU0100,203,169,81,4
S001,SKU0101,229,213,115,6
S001,SKU0102,293,256,86,4
S001,SKU0103,59,36,136,7
S001,SKU0104,220,182,87,3
S001,SKU0105,190,169,120,6
S001,SKU0106,164,139,136,6
S001,SKU0107,290,260,112,2
S001,SKU0108,128,98,25,2
S001,SKU0109,119,83,79,2
S001,SKU0110,86,71,105,1
S001,SKU0111,138,126,98,1
S001,SKU0112,228,217,96,5
S001,SKU0113,138,115,101,3
S001,SKU0114,125,94,71,7
S001,SKU0115,272,235,85,2
S001,SKU0116,297,259,105,3
S001,SKU0117,208,188,27,1
S001,SKU0118,90,68,118,6
S001,SKU0119,298,268,130,7
S001,SKU0120,259,223,35,6
S001,SKU0121,221,192,69,6
S001,SKU0122,171,137,132,1
S001,SKU0123,174,162,27,3
S001,SKU0124,285,249,95,4
S001,SKU0125,273,238,145,1
S001,SKU0126,278,259,120,5
S001,SKU0127,191,172,89,1
S001,SKU0128,297,263,73,2
S001,SKU0129,131,109,87,2
S001,SKU0130,119,96,45,7
S001,SKU0131,296,280,65,2
S001,SKU0132,235,225,35,3
S001,SKU0133,290,271,95,4
S001,SKU0134,243,229,55,3
S001,SKU0135,166,142,125,2
S001,SKU0136,144,106,75,3
S001,SKU0137,86,74,54,4
S001,SKU0138,106,69,140,5
S001,SKU0139,275,257,64,5
S001,SKU0140,54,18,145,3
S001,SKU0141,230,215,102,2
S001,SKU0142,204,188,115,6
S001,SKU0143,174,136,24,6
S001,SKU0144,131,98,92,2
S001,SKU0145,76,58,84,3
S001,SKU0146,111,80,125,4
S001,SKU0147,101,87,119,1
S001,SKU0148,152,119,59,7
S001,SKU0149,210,171,135,1
S001,SKU0150,72,45,137,1
S001,SKU0151,124,85,72,4
S001,SKU0152,216,189,66,2
S001,SKU0153,135,96,52,3
S001,SKU0154,55,34,98,6
S001,SKU0155,268,238,35,4
S001,SKU0156,272,241,138,7
S001,SKU0157,220,191,24,3
S001,SKU0158,168,132,104,6
S001,SKU0159,134,118,39,4
S001,SKU0160,249,238,38,7
S001,SKU0161,117,102,72,3
S001,SKU0162,154,138,103,6
S001,SKU0163,284,248,79,5
S001,SKU0164,77,49,47,2
S001,SKU0165,55,21,95,6
S001,SKU0166,58,47,90,3
S001,SKU0167,190,156,21,4
S001,SKU0168,106,81,65,5
S001,SKU0169,78,63,132,5
S001,SKU0170,280,245,142,7
S001,SKU0171,125,112,64,1
S001,SKU0172,268,236,62,4
S001,SKU0173,162,144,107,6
S001,SKU0174,184,168,67,6
S001,SKU0175,222,208,35,2
S001,SKU0176,275,256,139,5
S001,SKU0177,223,191,39,5
S001,SKU0178,94,63,52,4
S001,SKU0179,97,76,122,5
S001,SKU0180,152,121,148,1
S001,SKU0181,102,90,85,3
S001,SKU0182,270,246,143,4
S001,SKU0183,256,241,99,4
S001,SKU0184,275,241,123,3
S001,SKU0185,179,160,37,3
S001,SKU0186,192,174,98,6
S001,SKU0187,57,34,35,3
S001,SKU0188,177,152,139,6
S001,SKU0189,98,71,85,4
S001,SKU0190,84,74,38,6
S001,SKU0191,182,165,85,3
S001,SKU0192,53,34,63,7
S001,SKU0193,299,285,30,3
S001,SKU0194,268,244,95,6
S001,SKU0195,286,267,34,7
S001,SKU0196,251,225,73,2
S001,SKU0197,223,210,138,6
S001,SKU0198,294,265,89,5
S001,SKU0199,224,207,111,6
S001,SKU0200,75,61,76,4
S001,SKU0201,244,214,70,2
S001,SKU0202,252,222,131,3
S001,SKU0203,166,155,20,4
S001,SKU0204,111,79,51,1
S001,SKU0205,65,37,42,3
S001,SKU0206,168,139,128,2
S001,SKU0207,289,260,88,3
S001,SKU0208,140,114,86,1
S001,SKU0209,50,36,74,6
S001,SKU0210,65,54,73,7
S001,SKU0211,298,259,54,1
S001,SKU0212,295,276,133,2
S001,SKU0213,71,39,86,7
S001,SKU0214,178,153,32,2
S001,SKU0215,201,173,107,3
S001,SKU0216,296,262,88,6
S001,SKU0217,168,130,56,2
S001,SKU0218,277,255,56,6
S001,SKU0219,210,172,140,5
S001,SKU0220,52,37,72,4
S001,SKU0221,210,185,22,3
S001,SKU0222,209,197,133,3
S001,SKU0223,167,138,110,4
S001,SKU0224,168,145,44,4
S001,SKU0225,290,264,52,5
S001,SKU0226,178,156,126,2
S001,SKU0227,88,77,123,6
S001,SKU0228,210,181,89,2
S001,SKU0229,294,266,68,3
S001,SKU0230,136,100,53,6
S001,SKU0231,160,132,33,5
S001,SKU0232,222,189,91,2
S001,SKU0233,272,258,47,2
S001,SKU0234,113,84,56,7
S001,SKU0235,267,230,113,2
S001,SKU0236,265,227,143,1
S001,SKU0237,129,112,50,4
S001,SKU0238,227,207,118,2
S001,SKU0239,71,46,124,1
S001,SKU0240,120,101,95,7
S001,SKU0241,164,133,105,6
S001,SKU0242,193,171,46,3
S001,SKU0243,207,183,116,2
S001,SKU0244,200,183,70,2
S001,SKU0245,117,105,97,7
S001,SKU0246,160,133,111,1
S001,SKU0247,97,78,51,4
S001,SKU0248,202,165,147,3
S001,SKU0249,94,59,91,3
S001,SKU0250,269,241,68,2
S001,SKU0251,57,37,41,7
S001,SKU0252,76,49,79,1
S001,SKU0253,108,70,116,2
S001,SKU0254,131,121,93,3
S001,SKU0255,282,257,128,7
S001,SKU0256,125,99,105,6
S001,SKU0257,54,35,86,4
S001,SKU0258,261,240,102,5
S001,SKU0259,161,145,103,5
S001,SKU0260,212,184,64,5
S001,SKU0261,255,242,97,4
S001,SKU0262,74,41,95,3
S001,SKU0263,149,123,114,5
S001,SKU0264,202,171,127,3
S001,SKU0265,111,76,88,6
S001,SKU0266,178,156,26,7
S001,SKU0267,211,200,83,6
S001,SKU0268,52,27,85,1
S001,SKU0269,157,127,85,3
S001,SKU0270,194,178,143,1
S001,SKU0271,174,160,24,3
S001,SKU0272,52,26,146,7
S001,SKU0273,255,244,144,1
S001,SKU0274,233,213,116,5
S001,SKU0275,89,61,57,1
S001,SKU0276,194,178,82,2
S001,SKU0277,87,57,66,1
S001,SKU0278,51,25,80,4
S001,SKU0279,230,201,81,5
S001,SKU0280,104,71,77,2
S001,SKU0281,275,247,102,5
S001,SKU0282,212,180,85,3
S001,SKU0283,194,164,29,7
S001,SKU0284,225,198,77,1
S001,SKU0285,223,209,143,4
S001,SKU0286,106,67,25,3
S001,SKU0287,134,123,21,5
S001,SKU0288,241,208,124,2
S001,SKU0289,250,228,31,1
S001,SKU0290,123,112,133,5
S001,SKU0291,114,85,146,6
S001,SKU0292,197,175,54,4
S001,SKU0293,126,107,48,5
S001,SKU0294,242,216,112,3
S001,SKU0295,253,235,84,3
S001,SKU0296,253,216,72,7
S001,SKU0297,277,243,63,1
S001,SKU0298,105,68,80,1
S001,SKU0299,131,110,32,6
S001,SKU0300,192,153,124,7
S001,SKU0301,163,133,81,7
S001,SKU0302,123,110,84,7
S001,SKU0303,99,81,129,4
S001,SKU0304,187,177,64,5
S001,SKU0305,191,176,110,5
S001,SKU0306,193,163,45,5
S001,SKU0307,115,83,62,6
S001,SKU0308,297,273,148,3
S001,SKU0309,151,132,58,6
S001,SKU0310,277,259,96,6
S001,SKU0311,177,154,144,7
S001,SKU0312,107,71,139,5
S001,SKU0313,90,76,72,4
S001,SKU0314,293,272,132,3
S001,SKU0315,157,119,128,2
S001,SKU0316,119,101,64,1
S001,SKU0317,61,51,79,3
S001,SKU0318,258,238,148,6
S001,SKU0319,188,172,60,1
S001,SKU0320,228,210,79,1
S001,SKU0321,243,205,44,3
S001,SKU0322,191,169,56,7
S001,SKU0323,151,130,25,7
S001,SKU0324,227,191,89,3
S001,SKU0325,58,31,139,5
S001,SKU0326,212,183,78,2
S001,SKU0327,241,221,24,6
S001,SKU0328,99,84,63,7
S001,SKU0329,79,42,133,1
S001,SKU0330,203,182,32,4
S001,SKU0331,50,26,129,3
S001,SKU0332,271,245,22,1
S001,SKU0333,230,220,117,1
S001,SKU0334,205,175,45,6
S001,SKU0335,152,119,138,6
S001,SKU0336,87,72,101,6
S001,SKU0337,140,108,109,3
S001,SKU0338,245,223,56,5
S001,SKU0339,257,236,133,3
S001,SKU0340,189,156,59,3
S001,SKU0341,166,129,58,7
S001,SKU0342,78,42,50,3
S001,SKU0343,83,44,33,3
S001,SKU0344,135,119,109,2
S001,SKU0345,98,76,118,7
S001,SKU0346,259,235,104,4
S001,SKU0347,196,175,122,2
S001,SKU0348,150,114,35,1
S001,SKU0349,132,97,70,2
S001,SKU0350,68,35,137,7
S001,SKU0351,144,131,85,5
S001,SKU0352,95,57,33,2
S001,SKU0353,132,97,76,7
S001,SKU0354,202,181,50,2
S001,SKU0355,96,79,34,6
S001,SKU0356,184,163,128,4
S001,SKU0357,96,83,77,3
S001,SKU0358,104,66,138,6
S001,SKU0359,223,192,113,6
S001,SKU0360,122,100,77,4
S001,SKU0361,109,97,45,1
S001,SKU0362,115,88,134,3
S001,SKU0363,232,204,96,6
S001,SKU0364,80,51,79,3
S001,SKU0365,276,265,85,5
S001,SKU0366,240,224,146,4
S001,SKU0367,269,258,59,7
S001,SKU0368,92,54,33,1
S001,SKU0369,200,171,145,7
S001,SKU0370,54,22,58,4
S001,SKU0371,126,96,140,3
S001,SKU0372,272,260,20,4
S001,SKU0373,120,87,79,7
S001,SKU0374,196,185,99,2
S001,SKU0375,113,102,102,4
S001,SKU0376,224,188,118,1
S001,SKU0377,95,71,44,4
S001,SKU0378,213,190,103,6
S001,SKU0379,62,48,43,1
S001,SKU0380,108,79,103,7
S001,SKU0381,99,85,72,7
S001,SKU0382,296,284,104,5
S001,SKU0383,291,273,86,2
S001,SKU0384,90,72,26,1
S001,SKU0385,139,106,25,4
S001,SKU0386,136,122,85,4
S001,SKU0387,199,170,88,7
S001,SKU0388,240,227,62,3
S001,SKU0389,185,173,87,7
S001,SKU0390,215,187,65,7
S001,SKU0391,125,100,126,4
S001,SKU0392,147,113,82,5
S001,SKU0393,89,53,110,1
S001,SKU0394,241,210,91,6
S001,SKU0395,67,52,40,7
S001,SKU0396,247,235,100,3
S001,SKU0397,124,108,100,4
S001,SKU0398,124,86,107,5
S001,SKU0399,233,197,58,3
S001,SKU0400,78,51,135,5
S001,SKU0401,74,48,30,5
S001,SKU0402,85,49,76,1
S001,SKU0403,161,125,65,7
S001,SKU0404,148,127,111,3
S001,SKU0405,106,68,132,6
S001,SKU0406,274,237,84,3
S001,SKU0407,96,58,86,4
S001,SKU0408,136,103,90,2
S001,SKU0409,165,147,32,5
S001,SKU0410,159,148,141,3
S001,SKU0411,54,41,86,3
S001,SKU0412,86,73,116,3
S001,SKU0413,74,55,135,7
S001,SKU0414,65,34,112,7
S001,SKU0415,116,105,88,2
S001,SKU0416,169,153,49,1
S001,SKU0417,179,163,144,5
S001,SKU0418,234,222,118,7
S001,SKU0419,275,264,116,6
S001,SKU0420,269,254,123,6
S001,SKU0421,59,24,91,2
S001,SKU0422,76,55,132,2
S001,SKU0423,150,123,96,3
S001,SKU0424,213,185,113,7
S001,SKU0425,269,234,117,5
S001,SKU0426,283,256,63,1
S001,SKU0427,88,71,145,1
S001,SKU0428,180,152,111,6
S001,SKU0429,264,242,123,3
S001,SKU0430,112,98,108,7
S001,SKU0431,259,239,105,1
S001,SKU0432,170,141,117,6
S001,SKU0433,284,272,103,3
S001,SKU0434,78,67,33,1
S001,SKU0435,199,188,93,7
S001,SKU0436,193,177,91,5
S001,SKU0437,183,162,32,4
S001,SKU0438,241,205,44,2
S001,SKU0439,122,110,75,4
S001,SKU0440,151,137,45,1
S001,SKU0441,68,35,68,6
S001,SKU0442,198,178,40,7
S001,SKU0443,206,177,117,6
S001,SKU0444,288,259,77,6
S001,SKU0445,297,268,96,5
S001,SKU0446,233,200,149,4
S001,SKU0447,163,145,136,4
S001,SKU0448,90,53,67,1
S001,SKU0449,289,260,83,4
S001,SKU0450,118,81,126,3
S001,SKU0451,95,67,52,7
S001,SKU0452,109,81,105,3
S001,SKU0453,217,206,34,5
S001,SKU0454,294,267,99,7
S001,SKU0455,51,33,66,2
S001,SKU0456,110,100,22,4
S001,SKU0457,178,168,95,5
S001,SKU0458,191,172,43,4
S001,SKU0459,116,78,76,7
S001,SKU0460,167,140,86,2
S001,SKU0461,56,35,78,2
S001,SKU0462,61,39,128,7
S001,SKU0463,238,210,31,2
S001,SKU0464,281,243,24,6
S001,SKU0465,124,104,50,5
S001,SKU0466,200,168,77,1
S001,SKU0467,189,176,40,2
S001,SKU0468,192,161,32,2
S001,SKU0469,198,179,42,3
S001,SKU0470,288,258,42,7
S001,SKU0471,108,82,46,1
S001,SKU0472,238,215,102,6
S001,SKU0473,163,136,50,5
S001,SKU0474,147,133,28,4
S001,SKU0475,195,183,109,3
S001,SKU0476,97,61,126,5
S001,SKU0477,151,122,58,2
S001,SKU0478,179,169,132,5
S001,SKU0479,114,79,144,3
S001,SKU0480,272,237,85,6
S001,SKU0481,174,144,99,1
S001,SKU0482,279,268,94,2
S001,SKU0483,235,220,56,2
S001,SKU0484,88,49,33,7
S001,SKU0485,175,141,76,1
S001,SKU0486,206,194,88,1
S001,SKU0487,126,111,70,4
S001,SKU0488,115,85,61,1
S001,SKU0489,189,153,111,1
S001,SKU0490,192,172,125,3
S001,SKU0491,242,231,67,4
S001,SKU0492,155,142,98,6
S001,SKU0493,181,171,33,7
S001,SKU0494,282,270,40,1
S001,SKU0495,220,202,93,7
S001,SKU0496,52,21,79,7
S001,SKU0497,224,187,106,2
S001,SKU0498,263,246,52,3
S001,SKU0499,102,78,117,5
S001,SKU0500,105,67,112,4
S002,SKU0001,238,211,70,6
S002,SKU0002,197,169,55,1
S002,SKU0003,137,113,91,2
S002,SKU0004,258,223,122,3
S002,SKU0005,260,223,68,2
S002,SKU0006,200,169,114,2
S002,SKU0007,263,232,42,2
S002,SKU0008,126,93,119,3
S002,SKU0009,100,86,137,7
S002,SKU0010,162,151,73,2
S002,SKU0011,72,49,37,1
S002,SKU0012,81,51,69,6
S002,SKU0013,192,154,114,6
S002,SKU0014,137,124,149,7
S002,SKU0015,254,241,131,1
S002,SKU0016,85,46,42,4
S002,SKU0017,277,250,47,2
S002,SKU0018,69,42,54,5
S002,SKU0019,137,105,134,4
S002,SKU0020,182,145,140,2
S002,SKU0021,296,259,78,3
S002,SKU0022,93,81,138,5
S002,SKU0023,78,56,71,5
S002,SKU0024,235,206,106,4
S002,SKU0025,215,199,104,5
S002,SKU0026,293,278,60,3
S002,SKU0027,259,237,109,5
S002,SKU0028,169,145,81,4
S002,SKU0029,65,49,38,2
S002,SKU0030,284,250,34,5
S002,SKU0031,56,38,86,7
S002,SKU0032,179,147,80,6
S002,SKU0033,75,58,133,6
S002,SKU0034,98,72,65,1
S002,SKU0035,138,109,145,3
S002,SKU0036,160,135,149,6
S002,SKU0037,220,185,35,3
S002,SKU0038,188,167,61,6
S002,SKU0039,142,129,96,1
S002,SKU0040,249,220,149,5
S002,SKU0041,88,66,44,5
S002,SKU0042,181,169,109,4
S002,SKU0043,67,56,98,5
S002,SKU0044,187,161,88,1
S002,SKU0045,240,208,25,4
S002,SKU0046,191,167,110,1
S002,SKU0047,297,265,59,2
S002,SKU0048,209,181,98,1
S002,SKU0049,259,244,121,5
S002,SKU0050,234,214,24,7
S002,SKU0051,73,53,136,3
S002,SKU0052,126,109,22,7
S002,SKU0053,253,237,31,7
S002,SKU0054,206,182,57,3
S002,SKU0055,124,87,107,3
S002,SKU0056,198,161,69,3
S002,SKU0057,179,155,34,3
S002,SKU0058,95,79,63,4
S002,SKU0059,211,193,29,5
S002,SKU0060,163,150,47,2
S002,SKU0061,172,141,97,7
S002,SKU0062,254,229,147,7
S002,SKU0063,276,244,128,6
S002,SKU0064,294,266,145,5
S002,SKU0065,188,153,94,5
S002,SKU0066,203,169,102,3
S002,SKU0067,156,134,121,2
S002,SKU0068,219,183,69,7
S002,SKU0069,157,136,26,1
S002,SKU0070,288,275,84,7
S002,SKU0071,56,18,68,1
S002,SKU0072,252,214,120,7
S002,SKU0073,186,162,129,2
S002,SKU0074,86,71,27,3
S002,SKU0075,224,186,89,7
S002,SKU0076,158,127,109,5
S002,SKU0077,90,79,111,6
S002,SKU0078,264,252,53,7
S002,SKU0079,287,258,127,4
S002,SKU0080,276,237,134,7
S002,SKU0081,240,219,119,3
S002,SKU0082,150,123,43,6
S002,SKU0083,236,205,141,2
S002,SKU0084,145,128,30,5
S002,SKU0085,225,215,68,7
S002,SKU0086,179,163,142,7
S002,SKU0087,211,200,113,4
S002,SKU0088,138,105,47,7
S002,SKU0089,265,238,26,4
S002,SKU0090,181,158,66,3
S002,SKU0091,88,63,104,6
S002,SKU0092,195,183,115,7
S002,SKU0093,59,30,89,6
S002,SKU0094,266,254,88,4
S002,SKU0095,138,102,137,6
S002,SKU0096,270,255,37,3
S002,SKU0097,106,77,22,1
S002,SKU0098,108,80,94,7
S002,SKU0099,76,40,63,3
S002,SKU0100,61,39,99,6
S002,SKU0101,244,233,114,6
S002,SKU0102,60,39,112,3
S002,SKU0103,266,252,144,5
S002,SKU0104,140,106,104,4
S002,SKU0105,243,228,130,5
S002,SKU0106,265,247,34,4
S002,SKU0107,243,206,103,1
S002,SKU0108,200,164,40,7
S002,SKU0109,147,117,92,1
S002,SKU0110,255,226,36,5
S002,SKU0111,174,140,133,5
S002,SKU0112,273,251,103,1
S002,SKU0113,228,192,101,5
S002,SKU0114,228,213,70,2
S002,SKU0115,125,94,94,6
S002,SKU0116,58,47,57,4
S002,SKU0117,77,38,95,5
S002,SKU0118,292,271,138,5
S002,SKU0119,160,134,83,1
S002,SKU0120,215,176,122,7
S002,SKU0121,185,169,59,2
S002,SKU0122,269,242,84,7
S002,SKU0123,124,89,63,1
S002,SKU0124,77,56,105,1
S002,SKU0125,63,52,135,6
S002,SKU0126,59,48,46,6
S002,SKU0127,231,200,85,5
S002,SKU0128,89,55,20,5
S002,SKU0129,72,53,47,1
S002,SKU0130,144,128,90,1
S002,SKU0131,204,175,139,1
S002,SKU0132,201,176,53,2
S002,SKU0133,294,283,112,2
S002,SKU0134,270,237,95,4
S002,SKU0135,196,166,83,7
S002,SKU0136,247,223,119,1
S002,SKU0137,290,253,99,2
S002,SKU0138,226,216,39,2
S002,SKU0139,281,261,44,1
S002,SKU0140,150,130,75,6
S002,SKU0141,200,171,84,5
S002,SKU0142,96,69,144,7
S002,SKU0143,93,65,25,4
S002,SKU0144,58,40,141,3
S002,SKU0145,209,194,110,7
S002,SKU0146,129,92,61,6
S002,SKU0147,228,211,114,3
S002,SKU0148,274,245,139,4
S002,SKU0149,180,155,51,5
S002,SKU0150,133,107,25,1
S002,SKU0151,177,167,28,2
S002,SKU0152,278,260,50,5
S002,SKU0153,144,120,145,3
S002,SKU0154,235,222,114,1
S002,SKU0155,268,235,31,4
S002,SKU0156,279,250,135,4
S002,SKU0157,130,111,120,5
S002,SKU0158,201,179,110,4
S002,SKU0159,242,212,55,2
S002,SKU0160,212,190,86,4
S002,SKU0161,89,64,75,2
S002,SKU0162,200,187,44,3
S002,SKU0163,192,158,50,3
S002,SKU0164,186,159,81,1
S002,SKU0165,105,81,22,5
S002,SKU0166,96,65,51,2
S002,SKU0167,135,124,101,5
S002,SKU0168,179,156,127,5
S002,SKU0169,251,234,88,2
S002,SKU0170,253,239,55,2
S002,SKU0171,231,198,41,1
S002,SKU0172,163,153,99,3
S002,SKU0173,245,213,122,7
S002,SKU0174,158,126,59,5
S002,SKU0175,128,95,43,2
S002,SKU0176,51,39,99,6
S002,SKU0177,211,187,144,1
S002,SKU0178,146,118,29,7
S002,SKU0179,55,44,31,4
S002,SKU0180,167,139,40,5
S002,SKU0181,265,255,143,4
S002,SKU0182,190,157,142,7
S002,SKU0183,275,247,40,4
S002,SKU0184,240,226,135,1
S002,SKU0185,128,98,135,1
S002,SKU0186,163,148,28,6
S002,SKU0187,164,129,70,5
S002,SKU0188,103,79,129,3
S002,SKU0189,288,276,46,6
S002,SKU0190,198,180,138,2
S002,SKU0191,276,238,130,6
S002,SKU0192,244,217,80,7
S002,SKU0193,184,155,109,1
S002,SKU0194,102,88,117,4
S002,SKU0195,160,136,134,5
S002,SKU0196,176,152,61,4
S002,SKU0197,195,180,89,5
S002,SKU0198,147,117,52,6
S002,SKU0199,236,221,77,4
S002,SKU0200,279,263,137,1
S002,SKU0201,243,222,108,4
S002,SKU0202,273,251,115,3
S002,SKU0203,165,135,99,6
S002,SKU0204,150,121,109,4
S002,SKU0205,64,54,129,6
S002,SKU0206,295,277,64,3
S002,SKU0207,116,81,78,5
S002,SKU0208,135,123,26,1
S002,SKU0209,195,169,56,1
S002,SKU0210,274,256,90,1
S002,SKU0211,152,131,100,1
S002,SKU0212,208,175,35,2
S002,SKU0213,114,78,145,2
S002,SKU0214,86,69,86,5
S002,SKU0215,191,178,103,3
S002,SKU0216,244,227,101,1
S002,SKU0217,288,274,73,6
S002,SKU0218,270,255,133,6
S002,SKU0219,196,163,102,3
S002,SKU0220,116,101,71,4
S002,SKU0221,71,40,113,1
S002,SKU0222,248,224,109,6
S002,SKU0223,172,151,62,7
S002,SKU0224,131,97,97,2
S002,SKU0225,189,179,97,6
S002,SKU0226,53,40,57,6
S002,SKU0227,65,29,128,3
S002,SKU0228,187,166,81,2
S002,SKU0229,119,80,95,4
S002,SKU0230,187,148,106,4
S002,SKU0231,112,78,60,3
S002,SKU0232,182,165,56,3
S002,SKU0233,57,21,57,1
S002,SKU0234,78,53,39,5
S002,SKU0235,87,77,67,3
S002,SKU0236,274,238,125,5
S002,SKU0237,249,217,32,3
S002,SKU0238,279,258,31,6
S002,SKU0239,163,125,115,7
S002,SKU0240,206,172,52,5
S002,SKU0241,104,68,91,1
S002,SKU0242,53,35,123,2
S002,SKU0243,81,69,65,6
S002,SKU0244,233,199,70,7
S002,SKU0245,270,242,81,3
S002,SKU0246,283,252,97,6
S002,SKU0247,128,96,140,2
S002,SKU0248,253,235,74,3
S002,SKU0249,225,203,48,1
S002,SKU0250,272,244,43,1
S002,SKU0251,201,185,111,7
S002,SKU0252,156,141,67,7
S002,SKU0253,224,201,61,3
S002,SKU0254,271,238,70,3
S002,SKU0255,171,133,79,3
S002,SKU0256,252,218,31,2
S002,SKU0257,92,61,135,6
S002,SKU0258,231,217,124,3
S002,SKU0259,93,61,97,5
S002,SKU0260,257,234,63,7
S002,SKU0261,97,81,130,7
S002,SKU0262,102,70,45,4
S002,SKU0263,120,101,103,5
S002,SKU0264,220,182,89,1
S002,SKU0265,73,60,105,7
S002,SKU0266,123,108,57,1
S002,SKU0267,263,232,100,4
S002,SKU0268,175,143,52,3
S002,SKU0269,117,106,149,1
S002,SKU0270,246,235,96,4
S002,SKU0271,171,150,135,7
S002,SKU0272,66,41,122,2
S002,SKU0273,66,42,25,3
S002,SKU0274,105,92,23,6
S002,SKU0275,176,139,21,2
S002,SKU0276,202,183,137,4
S002,SKU0277,182,171,127,1
S002,SKU0278,146,130,63,4
S002,SKU0279,65,31,79,2
S002,SKU0280,226,190,33,5
S002,SKU0281,256,225,130,2
S002,SKU0282,125,114,37,3
S002,SKU0283,77,47,130,4
S002,SKU0284,53,18,146,3
S002,SKU0285,221,206,110,7
S002,SKU0286,121,93,22,1
S002,SKU0287,103,64,95,4
S002,SKU0288,234,209,33,1
S002,SKU0289,211,196,20,6
S002,SKU0290,293,262,89,6
S002,SKU0291,109,82,59,7
S002,SKU0292,129,106,84,3
S002,SKU0293,80,70,34,1
S002,SKU0294,150,138,102,5
S002,SKU0295,273,237,41,6
S002,SKU0296,155,125,33,6
S002,SKU0297,171,145,84,6
S002,SKU0298,85,48,132,7
S002,SKU0299,117,93,53,7
S002,SKU0300,283,245,105,6
S002,SKU0301,80,44,46,5
S002,SKU0302,110,83,38,2
S002,SKU0303,126,109,101,2
S002,SKU0304,246,228,79,2
S002,SKU0305,105,91,53,2
S002,SKU0306,218,195,135,4
S002,SKU0307,77,66,138,6
S002,SKU0308,232,215,23,3
S002,SKU0309,144,134,109,3
S002,SKU0310,193,181,92,5
S002,SKU0311,111,89,111,2
S002,SKU0312,259,234,60,7
S002,SKU0313,80,50,100,5
S002,SKU0314,74,63,122,5
S002,SKU0315,217,194,134,1
S002,SKU0316,168,148,66,7
S002,SKU0317,295,262,66,4
S002,SKU0318,168,133,36,6
S002,SKU0319,160,132,88,2
S002,SKU0320,236,213,20,1
S002,SKU0321,70,51,34,5
S002,SKU0322,114,104,40,6
S002,SKU0323,168,158,29,1
S002,SKU0324,191,180,60,6
S002,SKU0325,236,207,122,7
S002,SKU0326,82,70,45,1
S002,SKU0327,297,260,87,5
S002,SKU0328,115,99,28,3
S002,SKU0329,291,253,98,5
S002,SKU0330,73,45,108,4
S002,SKU0331,195,173,35,3
S002,SKU0332,180,149,102,3
S002,SKU0333,218,198,46,2
S002,SKU0334,296,267,141,3
S002,SKU0335,109,80,64,4
S002,SKU0336,74,58,111,3
S002,SKU0337,208,172,59,3
S002,SKU0338,278,249,34,7
S002,SKU0339,230,219,113,6
S002,SKU0340,137,123,31,6
S002,SKU0341,65,47,40,5
S002,SKU0342,145,125,109,6
S002,SKU0343,251,235,102,4
S002,SKU0344,186,147,28,2
S002,SKU0345,111,89,88,3
S002,SKU0346,245,207,86,3
S002,SKU0347,108,71,37,5
S002,SKU0348,275,255,132,3
S002,SKU0349,278,243,53,3
S002,SKU0350,259,221,131,7
S002,SKU0351,293,267,93,4
S002,SKU0352,86,61,143,2
S002,SKU0353,151,125,112,6
S002,SKU0354,232,208,24,3
S002,SKU0355,277,257,123,4
S002,SKU0356,212,196,110,4
S002,SKU0357,223,202,36,5
S002,SKU0358,277,267,46,6
S002,SKU0359,158,123,24,5
S002,SKU0360,227,214,144,1
S002,SKU0361,244,215,111,1
S002,SKU0362,121,95,95,3
S002,SKU0363,119,97,69,4
S002,SKU0364,237,202,97,4
S002,SKU0365,223,205,149,4
S002,SKU0366,200,189,119,1
S002,SKU0367,88,57,89,7
S002,SKU0368,216,184,99,3
S002,SKU0369,250,232,41,1
S002,SKU0370,170,151,138,3
S002,SKU0371,263,232,39,6
S002,SKU0372,54,25,21,4
S002,SKU0373,219,192,26,5
S002,SKU0374,129,115,70,7
S002,SKU0375,79,62,65,4
S002,SKU0376,217,200,107,3
S002,SKU0377,78,58,84,2
S002,SKU0378,116,91,54,2
S002,SKU0379,259,228,138,5
S002,SKU0380,255,231,48,7
S002,SKU0381,116,77,127,2
S002,SKU0382,125,86,137,4
S002,SKU0383,105,85,44,4
S002,SKU0384,107,80,142,7
S002,SKU0385,58,44,62,7
S002,SKU0386,158,145,66,7
S002,SKU0387,142,123,100,1
S002,SKU0388,263,229,148,3
S002,SKU0389,58,30,49,6
S002,SKU0390,181,143,115,1
S002,SKU0391,50,39,57,2
S002,SKU0392,171,139,56,2
S002,SKU0393,55,43,47,6
S002,SKU0394,84,61,137,2
S002,SKU0395,242,220,96,1
S002,SKU0396,95,75,58,1
S002,SKU0397,184,161,87,3
S002,SKU0398,165,138,20,3
S002,SKU0399,175,145,31,4
S002,SKU0400,99,80,44,4
S002,SKU0401,65,32,111,1
S002,SKU0402,282,251,29,4
S002,SKU0403,235,207,58,3
S002,SKU0404,186,148,127,3
S002,SKU0405,245,230,46,5
S002,SKU0406,271,254,50,1
S002,SKU0407,71,33,137,3
S002,SKU0408,290,279,35,4
S002,SKU0409,66,52,64,3
S002,SKU0410,296,267,21,3
S002,SKU0411,105,73,142,4
S002,SKU0412,284,264,121,6
S002,SKU0413,135,120,92,6
S002,SKU0414,238,202,102,7
S002,SKU0415,133,116,50,3
S002,SKU0416,100,63,132,2
S002,SKU0417,253,232,44,1
S002,SKU0418,136,123,42,3
S002,SKU0419,199,175,83,1
S002,SKU0420,92,61,66,6
S002,SKU0421,69,36,114,7
S002,SKU0422,164,145,142,2
S002,SKU0423,104,86,46,2
S002,SKU0424,231,220,68,3
S002,SKU0425,244,213,72,7
S002,SKU0426,270,258,83,7
S002,SKU0427,238,226,58,7
S002,SKU0428,165,138,58,6
S002,SKU0429,222,193,113,7
S002,SKU0430,213,191,106,2
S002,SKU0431,234,222,137,2
S002,SKU0432,204,188,53,2
S002,SKU0433,107,97,136,2
S002,SKU0434,99,70,125,3
S002,SKU0435,184,157,104,7
S002,SKU0436,137,109,135,2
S002,SKU0437,99,86,130,5
S002,SKU0438,56,42,94,6
S002,SKU0439,108,96,103,1
S002,SKU0440,251,217,87,5
S002,SKU0441,141,119,128,6
S002,SKU0442,226,190,140,4
S002,SKU0443,127,95,23,6
S002,SKU0444,218,201,61,3
S002,SKU0445,76,53,82,6
S002,SKU0446,154,138,59,3
S002,SKU0447,81,51,133,1
S002,SKU0448,127,108,103,7
S002,SKU0449,294,271,29,4
S002,SKU0450,293,258,88,6
S002,SKU0451,70,31,104,2
S002,SKU0452,215,192,103,5
S002,SKU0453,220,181,85,2
S002,SKU0454,131,121,95,5
S002,SKU0455,93,68,110,4
S002,SKU0456,189,152,115,4
S002,SKU0457,95,83,90,7
S002,SKU0458,160,123,109,2
S002,SKU0459,262,239,81,1
S002,SKU0460,273,248,82,2
S002,SKU0461,149,125,117,4
S002,SKU0462,202,166,96,4
S002,SKU0463,92,61,50,4
S002,SKU0464,259,234,27,7
S002,SKU0465,296,276,136,7
S002,SKU0466,255,245,145,6
S002,SKU0467,75,36,93,5
S002,SKU0468,185,165,29,7
S002,SKU0469,122,100,64,5
S002,SKU0470,120,96,98,3
S002,SKU0471,149,132,140,5
S002,SKU0472,133,113,37,6
S002,SKU0473,117,106,88,4
S002,SKU0474,142,111,97,5
S002,SKU0475,285,267,129,2
S002,SKU0476,85,69,56,5
S002,SKU0477,106,72,42,6
S002,SKU0478,158,122,75,2
S002,SKU0479,248,214,38,7
S002,SKU0480,147,114,99,1
S002,SKU0481,262,243,128,4
S002,SKU0482,253,214,148,1
S002,SKU0483,286,268,110,4
S002,SKU0484,232,194,80,2
S002,SKU0485,144,108,121,1
S002,SKU0486,221,208,149,6
S002,SKU0487,225,196,118,5
S002,SKU0488,82,62,110,7
S002,SKU0489,191,152,59,6
S002,SKU0490,142,113,108,2
S002,SKU0491,287,268,103,5
S002,SKU0492,273,240,92,7
S002,SKU0493,202,167,116,1
S002,SKU0494,180,164,68,2
S002,SKU0495,89,53,100,7
S002,SKU0496,218,204,116,7
S002,SKU0497,85,60,39,3
S002,SKU0498,179,140,102,2
S002,SKU0499,170,156,98,1
S002,SKU0500,249,214,79,5
S003,SKU0001,218,185,53,5
S003,SKU0002,299,282,115,7
S003,SKU0003,136,123,72,6
S003,SKU0004,283,272,110,6
S003,SKU0005,273,251,139,6
S003,SKU0006,208,191,129,2
S003,SKU0007,199,166,72,6
S003,SKU0008,109,82,120,3
S003,SKU0009,218,207,59,7
S003,SKU0010,220,193,32,4
S003,SKU0011,75,44,101,3
S003,SKU0012,123,91,132,7
S003,SKU0013,218,187,58,1
S003,SKU0014,273,255,43,2
S003,SKU0015,267,237,29,1
S003,SKU0016,236,199,146,1
S003,SKU0017,59,48,40,7
S003,SKU0018,145,107,94,2
S003,SKU0019,67,41,131,6
S003,SKU0020,202,172,42,7
S003,SKU0021,283,248,50,4
S003,SKU0022,102,76,30,1
S003,SKU0023,68,33,24,4
S003,SKU0024,52,28,50,7
S003,SKU0025,67,49,24,1
S003,SKU0026,228,193,33,4
S003,SKU0027,299,283,39,4
S003,SKU0028,242,230,74,5
S003,SKU0029,154,127,134,4
S003,SKU0030,208,169,110,1
S003,SKU0031,227,207,63,3
S003,SKU0032,254,235,134,4
S003,SKU0033,287,276,125,7
S003,SKU0034,288,257,62,3
S003,SKU0035,251,222,132,3
S003,SKU0036,112,90,60,1
S003,SKU0037,121,103,144,4
S003,SKU0038,89,69,115,1
S003,SKU0039,295,280,64,2
S003,SKU0040,52,18,138,4
S003,SKU0041,235,217,89,4
S003,SKU0042,247,217,81,7
S003,SKU0043,93,78,116,3
S003,SKU0044,181,158,86,7
S003,SKU0045,161,122,146,1
S003,SKU0046,175,138,39,2
S003,SKU0047,198,188,40,5
S003,SKU0048,76,45,78,1
S003,SKU0049,52,36,32,2
S003,SKU0050,211,178,67,3
S003,SKU0051,248,225,145,1
S003,SKU0052,219,207,138,7
S003,SKU0053,158,128,92,6
S003,SKU0054,90,80,116,7
S003,SKU0055,286,258,64,7
S003,SKU0056,243,222,88,2
S003,SKU0057,102,82,105,5
S003,SKU0058,184,159,149,1
S003,SKU0059,184,165,93,7
S003,SKU0060,220,201,52,1
S003,SKU0061,288,259,144,1
S003,SKU0062,289,263,44,2
S003,SKU0063,69,57,114,1
S003,SKU0064,287,255,77,7
S003,SKU0065,278,262,28,5
S003,SKU0066,73,39,47,1
S003,SKU0067,198,181,88,4
S003,SKU0068,176,142,29,1
S003,SKU0069,87,56,145,7
S003,SKU0070,176,163,43,6
S003,SKU0071,291,270,87,5
S003,SKU0072,149,127,92,2
S003,SKU0073,86,53,29,7
S003,SKU0074,88,52,106,6
S003,SKU0075,133,104,36,6
S003,SKU0076,166,128,63,6
S003,SKU0077,299,277,77,6
S003,SKU0078,102,86,27,1
S003,SKU0079,272,244,52,7
S003,SKU0080,149,116,38,2
S003,SKU0081,167,155,50,1
S003,SKU0082,188,175,115,2
S003,SKU0083,86,62,82,5
S003,SKU0084,126,113,52,2
S003,SKU0085,285,264,45,7
S003,SKU0086,80,67,55,3
S003,SKU0087,102,86,31,1
S003,SKU0088,144,105,88,1
S003,SKU0089,75,37,126,1
S003,SKU0090,89,56,75,4
S003,SKU0091,238,206,43,4
S003,SKU0092,140,121,68,3
S003,SKU0093,263,229,89,4
S003,SKU0094,256,230,62,7
S003,SKU0095,173,148,21,5
S003,SKU0096,241,222,90,4
S003,SKU0097,259,232,112,2
S003,SKU0098,66,33,82,1
S003,SKU0099,213,187,120,2
S003,SKU0100,297,264,47,3
S003,SKU0101,75,42,38,6
S003,SKU0102,82,50,131,2
S003,SKU0103,100,80,126,5
S003,SKU0104,140,109,74,3
S003,SKU0105,178,147,119,4
S003,SKU0106,219,201,31,3
S003,SKU0107,172,146,134,7
S003,SKU0108,232,210,142,3
S003,SKU0109,228,200,34,7
S003,SKU0110,235,223,84,3
S003,SKU0111,70,51,39,4
S003,SKU0112,215,184,121,3
S003,SKU0113,96,78,116,7
S003,SKU0114,97,64,41,4
S003,SKU0115,167,139,134,2
S003,SKU0116,289,257,75,7
S003,SKU0117,222,199,74,6
S003,SKU0118,119,104,30,2
S003,SKU0119,218,190,84,5
S003,SKU0120,94,62,61,1
S003,SKU0121,235,216,30,2
S003,SKU0122,225,207,111,1
S003,SKU0123,270,234,111,2
S003,SKU0124,74,50,41,1
S003,SKU0125,179,149,34,6
S003,SKU0126,264,233,104,2
S003,SKU0127,253,237,50,1
S003,SKU0128,224,201,60,5
S003,SKU0129,143,129,73,1
S003,SKU0130,243,232,38,4
S003,SKU0131,227,201,23,2
S003,SKU0132,264,249,136,6
S003,SKU0133,251,218,72,4
S003,SKU0134,252,213,69,7
S003,SKU0135,63,53,139,1
S003,SKU0136,271,232,77,6
S003,SKU0137,154,121,144,5
S003,SKU0138,215,176,31,5
S003,SKU0139,248,237,108,7
S003,SKU0140,146,130,135,4
S003,SKU0141,276,239,60,1
S003,SKU0142,155,141,92,4
S003,SKU0143,113,76,96,3
S003,SKU0144,168,151,59,4
S003,SKU0145,278,262,87,2
S003,SKU0146,180,147,53,4
S003,SKU0147,296,284,136,6
S003,SKU0148,135,102,29,4
S003,SKU0149,158,132,77,3
S003,SKU0150,127,90,84,2
S003,SKU0151,166,142,66,4
S003,SKU0152,255,219,82,1
S003,SKU0153,209,189,24,1
S003,SKU0154,207,186,37,6
S003,SKU0155,273,256,121,7
S003,SKU0156,235,223,136,5
S003,SKU0157,162,137,57,2
S003,SKU0158,173,150,32,2
S003,SKU0159,240,215,135,5
S003,SKU0160,244,231,131,3
S003,SKU0161,177,144,25,5
S003,SKU0162,122,110,98,3
S003,SKU0163,129,113,91,6
S003,SKU0164,68,49,95,3
S003,SKU0165,258,221,140,5
S003,SKU0166,144,123,62,4
S003,SKU0167,100,81,22,4
S003,SKU0168,146,130,50,5
S003,SKU0169,263,245,71,7
S003,SKU0170,212,182,46,5
S003,SKU0171,276,237,35,2
S003,SKU0172,222,188,125,2
S003,SKU0173,262,233,54,6
S003,SKU0174,191,152,79,2
S003,SKU0175,162,146,93,6
S003,SKU0176,221,195,111,3
S003,SKU0177,255,237,59,6
S003,SKU0178,227,198,82,6
S003,SKU0179,182,149,134,4
S003,SKU0180,243,226,60,3
S003,SKU0181,61,47,126,3
S003,SKU0182,218,197,46,3
S003,SKU0183,204,191,125,1
S003,SKU0184,157,130,107,4
S003,SKU0185,201,163,139,2
S003,SKU0186,70,44,48,6
S003,SKU0187,78,42,28,5
S003,SKU0188,106,83,64,6
S003,SKU0189,145,119,55,4
S003,SKU0190,126,114,112,6
S003,SKU0191,214,197,143,3
S003,SKU0192,157,119,119,5
S003,SKU0193,109,90,39,3
S003,SKU0194,235,223,46,1
S003,SKU0195,144,121,131,4
S003,SKU0196,254,217,100,7
S003,SKU0197,246,230,146,2
S003,SKU0198,112,99,98,4
S003,SKU0199,200,168,83,1
S003,SKU0200,168,150,96,3
S003,SKU0201,275,239,44,2
S003,SKU0202,281,244,99,4
S003,SKU0203,182,153,93,5
S003,SKU0204,211,177,102,2
S003,SKU0205,158,135,34,5
S003,SKU0206,167,147,41,3
S003,SKU0207,227,199,62,6
S003,SKU0208,54,34,69,4
S003,SKU0209,281,256,78,2
S003,SKU0210,77,55,28,6
S003,SKU0211,225,209,125,5
S003,SKU0212,84,59,20,2
S003,SKU0213,101,71,29,7
S003,SKU0214,204,180,21,3
S003,SKU0215,245,213,46,6
S003,SKU0216,202,174,38,2
S003,SKU0217,229,217,91,2
S003,SKU0218,200,186,68,7
S003,SKU0219,96,75,23,7
S003,SKU0220,83,59,49,1
S003,SKU0221,101,74,73,5
S003,SKU0222,149,135,126,1
S003,SKU0223,111,98,128,6
S003,SKU0224,216,206,81,4
S003,SKU0225,159,121,113,4
S003,SKU0226,76,37,39,2
S003,SKU0227,197,159,89,4
S003,SKU0228,76,44,62,6
S003,SKU0229,128,109,91,1
S003,SKU0230,63,25,99,5
S003,SKU0231,79,48,86,4
S003,SKU0232,64,45,125,1
S003,SKU0233,168,149,57,4
S003,SKU0234,93,73,57,2
S003,SKU0235,171,149,124,5
S003,SKU0236,287,250,116,7
S003,SKU0237,164,145,55,1
S003,SKU0238,262,232,79,6
S003,SKU0239,285,260,63,2
S003,SKU0240,289,255,42,3
S003,SKU0241,173,137,94,6
S003,SKU0242,269,259,130,5
S003,SKU0243,91,58,30,3
S003,SKU0244,278,260,29,2
S003,SKU0245,172,162,137,4
S003,SKU0246,99,68,78,7
S003,SKU0247,173,149,74,5
S003,SKU0248,157,123,104,6
S003,SKU0249,51,15,68,6
S003,SKU0250,188,166,46,6
S003,SKU0251,105,77,79,4
S003,SKU0252,238,219,41,4
S003,SKU0253,89,56,39,4
S003,SKU0254,116,92,89,4
S003,SKU0255,222,192,67,1
S003,SKU0256,264,246,75,5
S003,SKU0257,167,135,69,2
S003,SKU0258,280,249,109,2
S003,SKU0259,102,83,98,2
S003,SKU0260,111,97,124,7
S003,SKU0261,243,209,131,5
S003,SKU0262,238,213,29,6
S003,SKU0263,125,111,76,5
S003,SKU0264,76,39,34,6
S003,SKU0265,264,254,33,3
S003,SKU0266,294,266,59,1
S003,SKU0267,278,242,123,7
S003,SKU0268,118,103,79,3
S003,SKU0269,85,66,64,6
S003,SKU0270,208,170,121,7
S003,SKU0271,291,264,146,2
S003,SKU0272,104,84,78,3
S003,SKU0273,122,111,61,3
S003,SKU0274,102,77,43,7
S003,SKU0275,279,247,82,6
S003,SKU0276,199,160,104,1
S003,SKU0277,81,56,142,1
S003,SKU0278,134,114,146,3
S003,SKU0279,267,231,135,2
S003,SKU0280,125,115,81,4
S003,SKU0281,194,158,125,4
S003,SKU0282,83,71,91,1
S003,SKU0283,51,38,71,1
S003,SKU0284,238,204,90,7
S003,SKU0285,112,89,140,2
S003,SKU0286,76,60,142,5
S003,SKU0287,292,279,122,3
S003,SKU0288,291,266,85,5
S003,SKU0289,262,250,132,1
S003,SKU0290,118,104,98,6
S003,SKU0291,248,221,123,5
S003,SKU0292,254,220,89,6
S003,SKU0293,175,165,65,3
S003,SKU0294,102,71,67,6
S003,SKU0295,202,165,47,4
S003,SKU0296,195,168,54,2
S003,SKU0297,268,258,108,4
S003,SKU0298,139,109,140,6
S003,SKU0299,194,170,90,7
S003,SKU0300,216,179,123,4
S003,SKU0301,254,238,38,5
S003,SKU0302,80,41,20,6
S003,SKU0303,218,183,22,2
S003,SKU0304,210,200,61,7
S003,SKU0305,204,175,60,1
S003,SKU0306,288,263,125,4
S003,SKU0307,135,101,136,1
S003,SKU0308,285,266,24,6
S003,SKU0309,111,87,113,4
S003,SKU0310,121,99,24,4
S003,SKU0311,185,148,45,6
S003,SKU0312,148,137,127,2
S003,SKU0313,276,247,127,5
S003,SKU0314,56,34,72,6
S003,SKU0315,70,48,88,4
S003,SKU0316,85,64,86,3
S003,SKU0317,296,275,130,1
S003,SKU0318,62,43,111,2
S003,SKU0319,161,136,78,2
S003,SKU0320,73,62,89,5
S003,SKU0321,165,151,43,4
S003,SKU0322,116,90,42,6
S003,SKU0323,152,141,66,3
S003,SKU0324,260,243,78,1
S003,SKU0325,289,263,144,2
S003,SKU0326,147,112,120,5
S003,SKU0327,129,112,83,2
S003,SKU0328,176,153,47,4
S003,SKU0329,166,135,111,3
S003,SKU0330,90,64,70,2
S003,SKU0331,225,197,145,2
S003,SKU0332,181,170,52,4
S003,SKU0333,208,177,65,1
S003,SKU0334,135,108,128,2
S003,SKU0335,276,263,20,7
S003,SKU0336,285,251,32,3
S003,SKU0337,231,192,72,6
S003,SKU0338,132,101,46,2
S003,SKU0339,92,53,73,6
S003,SKU0340,273,253,122,7
S003,SKU0341,180,153,65,7
S003,SKU0342,221,200,111,1
S003,SKU0343,251,240,109,3
S003,SKU0344,243,226,144,3
S003,SKU0345,290,277,116,5
S003,SKU0346,159,127,144,5
S003,SKU0347,141,120,145,1
S003,SKU0348,294,274,43,7
S003,SKU0349,150,128,135,2
S003,SKU0350,150,118,101,1
S003,SKU0351,74,42,61,3
S003,SKU0352,269,238,57,7
S003,SKU0353,285,265,88,4
S003,SKU0354,187,176,25,5
S003,SKU0355,254,225,28,6
S003,SKU0356,143,127,127,3
S003,SKU0357,266,235,78,7
S003,SKU0358,71,60,35,7
S003,SKU0359,276,261,61,3
S003,SKU0360,209,175,126,4
S003,SKU0361,289,272,108,1
S003,SKU0362,157,132,53,1
S003,SKU0363,228,211,28,7
S003,SKU0364,214,200,99,3
S003,SKU0365,296,259,23,6
S003,SKU0366,83,54,65,5
S003,SKU0367,135,101,84,2
S003,SKU0368,180,142,93,4
S003,SKU0369,254,220,131,1
S003,SKU0370,101,63,46,2
S003,SKU0371,291,259,112,3
S003,SKU0372,163,130,127,3
S003,SKU0373,193,173,110,5
S003,SKU0374,197,171,29,7
S003,SKU0375,247,228,68,1
S003,SKU0376,250,211,106,3
S003,SKU0377,110,86,66,1
S003,SKU0378,168,147,90,6
S003,SKU0379,146,120,62,7
S003,SKU0380,71,47,114,6
S003,SKU0381,292,279,122,4
S003,SKU0382,194,155,87,7
S003,SKU0383,256,243,91,3
S003,SKU0384,207,185,115,7
S003,SKU0385,170,158,23,1
S003,SKU0386,292,262,35,7
S003,SKU0387,193,168,146,3
S003,SKU0388,226,207,60,7
S003,SKU0389,181,159,26,6
S003,SKU0390,290,270,87,3
S003,SKU0391,168,132,24,6
S003,SKU0392,130,99,139,3
S003,SKU0393,80,46,130,7
S003,SKU0394,243,218,147,5
S003,SKU0395,181,159,21,7
S003,SKU0396,217,192,35,4
S003,SKU0397,101,66,120,6
S003,SKU0398,50,15,119,2
S003,SKU0399,270,249,115,3
S003,SKU0400,57,20,24,1
S003,SKU0401,192,180,119,4
S003,SKU0402,258,236,99,4
S003,SKU0403,202,183,47,5
S003,SKU0404,61,44,65,3
S003,SKU0405,191,158,30,5
S003,SKU0406,255,236,96,6
S003,SKU0407,128,112,87,4
S003,SKU0408,52,30,98,7
S003,SKU0409,57,24,78,2
S003,SKU0410,149,121,65,5
S003,SKU0411,156,135,100,4
S003,SKU0412,89,70,50,2
S003,SKU0413,285,258,125,3
S003,SKU0414,203,176,62,4
S003,SKU0415,70,39,86,4
S003,SKU0416,118,100,95,5
S003,SKU0417,237,207,80,5
S003,SKU0418,263,245,74,5
S003,SKU0419,271,253,90,6
S003,SKU0420,179,166,139,4
S003,SKU0421,178,150,87,2
S003,SKU0422,55,41,24,4
S003,SKU0423,276,252,89,1
S003,SKU0424,178,151,134,4
S003,SKU0425,74,46,81,1
S003,SKU0426,157,131,69,3
S003,SKU0427,204,168,37,7
S003,SKU0428,296,286,146,6
S003,SKU0429,186,160,108,2
S003,SKU0430,62,23,22,4
S003,SKU0431,139,119,56,4
S003,SKU0432,102,87,138,3
S003,SKU0433,199,173,122,1
S003,SKU0434,125,89,25,2
S003,SKU0435,279,263,70,1
S003,SKU0436,156,138,37,7
S003,SKU0437,191,177,107,3
S003,SKU0438,238,220,26,4
S003,SKU0439,139,112,61,2
S003,SKU0440,79,44,36,2
S003,SKU0441,137,121,92,7
S003,SKU0442,261,237,84,5
S003,SKU0443,189,163,60,3
S003,SKU0444,187,149,132,3
S003,SKU0445,225,195,76,5
S003,SKU0446,139,111,106,1
S003,SKU0447,206,194,50,5
S003,SKU0448,71,45,114,2
S003,SKU0449,110,87,88,4
S003,SKU0450,247,211,128,3
S003,SKU0451,158,147,95,1
S003,SKU0452,179,157,26,4
S003,SKU0453,242,222,67,2
S003,SKU0454,172,143,76,7
S003,SKU0455,255,217,60,1
S003,SKU0456,109,99,71,5
S003,SKU0457,177,165,142,4
S003,SKU0458,67,38,62,5
S003,SKU0459,98,72,81,4
S003,SKU0460,267,235,128,1
S003,SKU0461,136,109,69,4
S003,SKU0462,97,78,92,6
S003,SKU0463,175,137,84,1
S003,SKU0464,225,207,41,7
S003,SKU0465,101,88,23,6
S003,SKU0466,99,86,45,4
S003,SKU0467,123,108,29,2
S003,SKU0468,246,223,27,2
S003,SKU0469,191,181,32,4
S003,SKU0470,155,129,40,5
S003,SKU0471,189,165,44,6
S003,SKU0472,277,264,148,3
S003,SKU0473,225,199,65,7
S003,SKU0474,63,36,135,5
S003,SKU0475,57,41,77,2
S003,SKU0476,280,262,41,4
S003,SKU0477,91,59,146,5
S003,SKU0478,97,72,69,1
S003,SKU0479,189,164,51,6
S003,SKU0480,282,257,114,1
S003,SKU0481,184,152,80,7
S003,SKU0482,108,78,88,7
S003,SKU0483,224,191,76,5
S003,SKU0484,241,219,37,4
S003,SKU0485,63,32,28,2
S003,SKU0486,245,214,107,4
S003,SKU0487,157,146,20,2
S003,SKU0488,117,83,34,3
S003,SKU0489,278,245,91,2
S003,SKU0490,269,254,111,6
S003,SKU0491,235,224,133,4
S003,SKU0492,212,199,147,2
S003,SKU0493,299,280,149,4
S003,SKU0494,66,32,112,2
S003,SKU0495,172,147,67,2
S003,SKU0496,174,138,62,7
S003,SKU0497,134,120,43,7
S003,SKU0498,239,224,95,2
S003,SKU0499,59,31,32,1
S003,SKU0500,257,229,49,6
S004,SKU0001,288,249,48,7
S004,SKU0002,201,164,99,6
S004,SKU0003,153,133,91,4
S004,SKU0004,280,249,63,4
S004,SKU0005,76,41,142,5
S004,SKU0006,147,134,134,6
S004,SKU0007,208,176,52,7
S004,SKU0008,263,251,111,1
S004,SKU0009,188,164,113,3
S004,SKU0010,270,260,47,1
S004,SKU0011,279,241,91,7
S004,SKU0012,86,64,148,3
S004,SKU0013,125,114,82,4
S004,SKU0014,123,85,100,2
S004,SKU0015,141,119,46,7
S004,SKU0016,99,74,84,1
S004,SKU0017,239,205,38,6
S004,SKU0018,240,213,104,6
S004,SKU0019,258,234,75,2
S004,SKU0020,112,98,126,6
S004,SKU0021,179,154,32,5
S004,SKU0022,107,71,62,5
S004,SKU0023,78,41,29,3
S004,SKU0024,124,111,106,6
S004,SKU0025,135,102,47,7
S004,SKU0026,117,97,35,5
S004,SKU0027,299,276,60,5
S004,SKU0028,244,229,111,6
S004,SKU0029,208,186,148,6
S004,SKU0030,132,114,104,4
S004,SKU0031,189,172,140,6
S004,SKU0032,220,208,52,1
S004,SKU0033,214,186,132,5
S004,SKU0034,174,161,58,7
S004,SKU0035,143,117,32,3
S004,SKU0036,232,201,105,4
S004,SKU0037,111,73,147,5
S004,SKU0038,213,191,88,6
S004,SKU0039,241,229,84,4
S004,SKU0040,271,233,51,2
S004,SKU0041,193,160,101,4
S004,SKU0042,185,163,100,7
S004,SKU0043,115,104,71,3
S004,SKU0044,54,29,52,5
S004,SKU0045,221,190,141,7
S004,SKU0046,252,231,121,5
S004,SKU0047,165,130,45,2
S004,SKU0048,235,204,64,7
S004,SKU0049,281,248,78,3
S004,SKU0050,124,100,139,3
S004,SKU0051,122,101,108,4
S004,SKU0052,248,209,103,6
S004,SKU0053,57,38,53,2
S004,SKU0054,294,283,131,7
S004,SKU0055,99,83,27,1
S004,SKU0056,266,241,27,7
S004,SKU0057,256,224,44,7
S004,SKU0058,92,76,26,4
S004,SKU0059,288,250,28,3
S004,SKU0060,69,44,95,2
S004,SKU0061,244,217,21,6
S004,SKU0062,75,40,58,7
S004,SKU0063,101,62,35,6
S004,SKU0064,80,42,27,1
S004,SKU0065,297,271,117,1
S004,SKU0066,228,207,75,2
S004,SKU0067,76,41,133,3
S004,SKU0068,240,203,32,5
S004,SKU0069,261,235,78,5
S004,SKU0070,205,181,110,6
S004,SKU0071,107,97,80,1
S004,SKU0072,287,255,116,7
S004,SKU0073,122,87,131,1
S004,SKU0074,136,115,114,7
S004,SKU0075,114,93,135,4
S004,SKU0076,253,240,49,2
S004,SKU0077,211,199,128,5
S004,SKU0078,115,92,88,6
S004,SKU0079,295,265,90,5
S004,SKU0080,184,153,63,5
S004,SKU0081,223,192,71,6
S004,SKU0082,201,177,116,6
S004,SKU0083,73,51,73,6
S004,SKU0084,78,43,95,2
S004,SKU0085,215,185,104,6
S004,SKU0086,107,83,117,7
S004,SKU0087,287,252,31,2
S004,SKU0088,163,128,37,4
S004,SKU0089,140,128,141,2
S004,SKU0090,295,274,95,5
S004,SKU0091,252,223,53,1
S004,SKU0092,147,118,27,6
S004,SKU0093,176,138,133,4
S004,SKU0094,290,277,49,7
S004,SKU0095,224,212,85,3
S004,SKU0096,77,55,120,5
S004,SKU0097,226,205,45,5
S004,SKU0098,98,67,43,7
S004,SKU0099,176,142,133,1
S004,SKU0100,122,100,59,5
S004,SKU0101,68,58,23,5
S004,SKU0102,236,223,93,5
S004,SKU0103,113,85,137,5
S004,SKU0104,201,167,35,7
S004,SKU0105,221,200,52,2
S004,SKU0106,259,239,128,2
S004,SKU0107,76,65,131,2
S004,SKU0108,210,183,66,6
S004,SKU0109,115,82,85,5
S004,SKU0110,97,87,62,4
S004,SKU0111,81,46,107,6
S004,SKU0112,165,131,113,2
S004,SKU0113,222,212,39,6
S004,SKU0114,233,222,25,3
S004,SKU0115,116,84,109,7
S004,SKU0116,137,105,42,6
S004,SKU0117,128,92,89,7
S004,SKU0118,126,100,80,4
S004,SKU0119,162,145,37,1
S004,SKU0120,57,21,37,5
S004,SKU0121,105,89,42,2
S004,SKU0122,298,271,41,7
S004,SKU0123,109,90,39,6
S004,SKU0124,171,135,22,2
S004,SKU0125,111,79,97,3
S004,SKU0126,72,54,32,6
S004,SKU0127,285,260,48,5
S004,SKU0128,95,74,108,2
S004,SKU0129,274,263,128,4
S004,SKU0130,250,232,95,6
S004,SKU0131,67,45,83,3
S004,SKU0132,236,215,33,4
S004,SKU0133,140,102,112,7
S004,SKU0134,143,109,41,6
S004,SKU0135,142,105,44,2
S004,SKU0136,175,157,136,2
S004,SKU0137,206,196,111,6
S004,SKU0138,96,67,130,5
S004,SKU0139,279,250,97,1
S004,SKU0140,193,174,77,7
S004,SKU0141,107,82,25,2
S004,SKU0142,277,257,124,5
S004,SKU0143,223,203,135,2
S004,SKU0144,135,114,108,5
S004,SKU0145,299,263,138,1
S004,SKU0146,218,202,127,1
S004,SKU0147,87,52,34,3
S004,SKU0148,67,46,72,6
S004,SKU0149,59,29,58,5
S004,SKU0150,268,248,101,1
S004,SKU0151,66,50,146,4
S004,SKU0152,280,250,130,3
S004,SKU0153,87,52,61,2
S004,SKU0154,208,192,85,2
S004,SKU0155,264,248,56,7
S004,SKU0156,210,189,61,4
S004,SKU0157,175,160,141,5
S004,SKU0158,187,152,105,4
S004,SKU0159,146,135,136,1
S004,SKU0160,115,95,23,1
S004,SKU0161,125,89,109,3
S004,SKU0162,273,254,141,7
S004,SKU0163,90,80,109,2
S004,SKU0164,136,97,92,4
S004,SKU0165,123,107,138,3
S004,SKU0166,261,224,40,7
S004,SKU0167,219,205,103,7
S004,SKU0168,51,22,53,6
S004,SKU0169,254,217,94,7
S004,SKU0170,88,69,65,6
S004,SKU0171,202,178,97,4
S004,SKU0172,188,166,43,3
S004,SKU0173,83,48,64,5
S004,SKU0174,134,104,35,4
S004,SKU0175,97,61,83,5
S004,SKU0176,134,120,21,2
S004,SKU0177,225,192,42,6
S004,SKU0178,297,275,47,3
S004,SKU0179,228,210,27,2
S004,SKU0180,54,42,44,3
S004,SKU0181,205,186,83,1
S004,SKU0182,185,172,80,7
S004,SKU0183,215,180,83,6
S004,SKU0184,237,206,116,7
S004,SKU0185,213,178,35,2
S004,SKU0186,183,146,43,5
S004,SKU0187,174,162,133,5
S004,SKU0188,119,81,114,3
S004,SKU0189,113,84,114,4
S004,SKU0190,65,28,138,2
S004,SKU0191,216,206,39,6
S004,SKU0192,281,244,132,2
S004,SKU0193,165,150,99,3
S004,SKU0194,77,54,24,2
S004,SKU0195,102,89,127,6
S004,SKU0196,200,187,48,5
S004,SKU0197,98,70,147,3
S004,SKU0198,86,60,37,2
S004,SKU0199,155,144,82,2
S004,SKU0200,288,264,108,6
S004,SKU0201,105,69,34,2
S004,SKU0202,280,257,91,4
S004,SKU0203,103,85,102,1
S004,SKU0204,165,135,96,6
S004,SKU0205,227,199,69,5
S004,SKU0206,120,89,148,4
S004,SKU0207,77,54,134,6
S004,SKU0208,131,119,75,2
S004,SKU0209,271,260,90,3
S004,SKU0210,278,246,49,5
S004,SKU0211,116,82,57,6
S004,SKU0212,156,126,21,2
S004,SKU0213,266,247,140,1
S004,SKU0214,217,178,88,1
S004,SKU0215,93,68,79,7
S004,SKU0216,152,116,73,7
S004,SKU0217,218,187,29,4
S004,SKU0218,271,259,133,1
S004,SKU0219,113,88,121,5
S004,SKU0220,269,249,143,6
S004,SKU0221,248,218,74,7
S004,SKU0222,71,54,128,5
S004,SKU0223,200,177,29,6
S004,SKU0224,216,189,60,7
S004,SKU0225,107,82,128,3
S004,SKU0226,279,240,65,7
S004,SKU0227,295,276,86,5
S004,SKU0228,260,248,95,5
S004,SKU0229,195,185,130,3
S004,SKU0230,116,88,148,5
S004,SKU0231,105,68,149,4
S004,SKU0232,105,80,55,7
S004,SKU0233,103,93,109,5
S004,SKU0234,281,256,135,2
S004,SKU0235,52,39,59,7
S004,SKU0236,161,140,112,1
S004,SKU0237,70,53,81,6
S004,SKU0238,130,95,129,5
S004,SKU0239,186,172,108,6
S004,SKU0240,177,156,20,5
S004,SKU0241,149,131,29,5
S004,SKU0242,113,77,135,2
S004,SKU0243,274,236,98,4
S004,SKU0244,285,262,30,4
S004,SKU0245,137,98,138,7
S004,SKU0246,105,94,40,1
S004,SKU0247,139,102,92,6
S004,SKU0248,125,104,99,2
S004,SKU0249,200,170,149,2
S004,SKU0250,292,259,27,1
S004,SKU0251,139,118,86,5
S004,SKU0252,275,262,43,3
S004,SKU0253,264,229,97,2
S004,SKU0254,70,33,127,7
S004,SKU0255,205,195,83,4
S004,SKU0256,88,50,92,5
S004,SKU0257,128,91,58,5
S004,SKU0258,230,209,147,6
S004,SKU0259,238,215,58,2
S004,SKU0260,270,247,28,5
S004,SKU0261,101,73,66,3
S004,SKU0262,103,84,24,5
S004,SKU0263,272,236,24,4
S004,SKU0264,103,80,120,1
S004,SKU0265,289,262,103,7
S004,SKU0266,243,211,61,1
S004,SKU0267,102,73,119,1
S004,SKU0268,298,285,93,3
S004,SKU0269,190,161,46,4
S004,SKU0270,118,97,90,2
S004,SKU0271,82,61,62,5
S004,SKU0272,179,150,41,5
S004,SKU0273,125,94,110,1
S004,SKU0274,56,23,139,6
S004,SKU0275,57,27,60,3
S004,SKU0276,227,201,101,2
S004,SKU0277,228,204,20,7
S004,SKU0278,131,115,84,3
S004,SKU0279,225,193,116,4
S004,SKU0280,122,86,134,7
S004,SKU0281,268,234,96,4
S004,SKU0282,284,260,60,1
S004,SKU0283,238,221,129,2
S004,SKU0284,57,20,133,5
S004,SKU0285,264,226,71,7
S004,SKU0286,72,38,68,7
S004,SKU0287,123,107,78,1
S004,SKU0288,215,188,95,7
S004,SKU0289,204,178,109,3
S004,SKU0290,75,58,114,4
S004,SKU0291,156,130,46,3
S004,SKU0292,68,58,138,5
S004,SKU0293,109,77,99,2
S004,SKU0294,236,216,24,7
S004,SKU0295,271,243,95,6
S004,SKU0296,203,177,122,5
S004,SKU0297,142,109,135,1
S004,SKU0298,226,206,123,1
S004,SKU0299,267,252,28,4
S004,SKU0300,138,101,94,4
S004,SKU0301,168,150,88,1
S004,SKU0302,190,161,105,3
S004,SKU0303,281,244,122,2
S004,SKU0304,159,128,65,7
S004,SKU0305,144,110,62,7
S004,SKU0306,84,65,125,3
S004,SKU0307,158,125,129,3
S004,SKU0308,125,90,103,5
S004,SKU0309,205,181,21,4
S004,SKU0310,141,128,35,5
S004,SKU0311,199,187,127,1
S004,SKU0312,107,85,79,3
S004,SKU0313,218,181,62,1
S004,SKU0314,218,186,95,2
S004,SKU0315,185,161,51,7
S004,SKU0316,108,94,136,6
S004,SKU0317,255,219,45,6
S004,SKU0318,120,81,23,7
S004,SKU0319,266,235,24,2
S004,SKU0320,279,244,77,1
S004,SKU0321,211,186,38,2
S004,SKU0322,109,92,104,2
S004,SKU0323,125,98,95,2
S004,SKU0324,293,277,48,6
S004,SKU0325,123,96,101,1
S004,SKU0326,77,49,118,6
S004,SKU0327,74,54,128,3
S004,SKU0328,278,239,36,7
S004,SKU0329,123,105,62,6
S004,SKU0330,135,111,37,5
S004,SKU0331,249,218,71,5
S004,SKU0332,139,109,127,6
S004,SKU0333,142,121,96,4
S004,SKU0334,184,171,47,4
S004,SKU0335,181,161,145,4
S004,SKU0336,176,160,55,2
S004,SKU0337,51,27,92,3
S004,SKU0338,127,100,50,5
S004,SKU0339,92,71,109,4
S004,SKU0340,119,105,129,3
S004,SKU0341,212,202,42,7
S004,SKU0342,132,122,50,2
S004,SKU0343,209,180,94,5
S004,SKU0344,201,184,103,4
S004,SKU0345,130,108,131,1
S004,SKU0346,133,110,81,7
S004,SKU0347,169,147,140,7
S004,SKU0348,157,122,106,4
S004,SKU0349,131,93,125,5
S004,SKU0350,91,81,64,4
S004,SKU0351,166,146,95,7
S004,SKU0352,258,242,98,7
S004,SKU0353,157,128,22,4
S004,SKU0354,58,47,26,2
S004,SKU0355,152,128,44,3
S004,SKU0356,273,236,138,3
S004,SKU0357,73,51,141,5
S004,SKU0358,182,158,133,5
S004,SKU0359,287,275,87,4
S004,SKU0360,122,90,42,3
S004,SKU0361,205,178,108,2
S004,SKU0362,135,117,70,3
S004,SKU0363,61,39,36,5
S004,SKU0364,258,231,48,2
S004,SKU0365,92,64,70,1
S004,SKU0366,232,218,90,2
S004,SKU0367,257,231,71,6
S004,SKU0368,87,64,143,7
S004,SKU0369,256,234,84,1
S004,SKU0370,215,188,48,2
S004,SKU0371,278,249,145,7
S004,SKU0372,68,39,72,2
S004,SKU0373,182,163,52,5
S004,SKU0374,96,84,50,4
S004,SKU0375,146,120,61,2
S004,SKU0376,186,175,25,5
S004,SKU0377,129,118,131,6
S004,SKU0378,121,89,143,7
S004,SKU0379,275,265,123,7
S004,SKU0380,158,122,76,2
S004,SKU0381,110,86,104,6
S004,SKU0382,111,95,88,7
S004,SKU0383,93,82,49,1
S004,SKU0384,127,105,135,7
S004,SKU0385,167,142,139,2
S004,SKU0386,78,59,23,5
S004,SKU0387,132,99,78,1
S004,SKU0388,101,86,44,7
S004,SKU0389,285,274,92,3
S004,SKU0390,281,242,50,1
S004,SKU0391,73,50,100,1
S004,SKU0392,181,148,36,6
S004,SKU0393,132,101,108,2
S004,SKU0394,136,113,138,6
S004,SKU0395,180,144,149,7
S004,SKU0396,236,204,35,2
S004,SKU0397,182,170,79,4
S004,SKU0398,95,74,130,2
S004,SKU0399,287,250,47,2
S004,SKU0400,225,189,61,6
S004,SKU0401,173,151,39,6
S004,SKU0402,160,146,137,3
S004,SKU0403,68,32,117,2
S004,SKU0404,226,204,106,6
S004,SKU0405,181,158,21,4
S004,SKU0406,65,42,73,7
S004,SKU0407,61,24,79,1
S004,SKU0408,81,69,104,7
S004,SKU0409,297,259,69,3
S004,SKU0410,77,41,113,7
S004,SKU0411,174,161,42,2
S004,SKU0412,66,55,25,1
S004,SKU0413,172,162,76,2
S004,SKU0414,203,187,67,7
S004,SKU0415,80,52,92,2
S004,SKU0416,177,158,57,1
S004,SKU0417,257,228,107,5
S004,SKU0418,274,255,126,6
S004,SKU0419,120,90,69,1
S004,SKU0420,117,107,31,3
S004,SKU0421,211,184,146,7
S004,SKU0422,103,81,127,5
S004,SKU0423,297,270,31,2
S004,SKU0424,87,66,92,2
S004,SKU0425,124,89,94,7
S004,SKU0426,262,248,84,3
S004,SKU0427,237,223,59,2
S004,SKU0428,66,40,109,5
S004,SKU0429,76,43,81,4
S004,SKU0430,256,237,73,3
S004,SKU0431,180,157,39,3
S004,SKU0432,294,260,20,1
S004,SKU0433,152,115,44,5
S004,SKU0434,99,77,55,4
S004,SKU0435,214,179,148,7
S004,SKU0436,79,43,142,6
S004,SKU0437,207,185,24,3
S004,SKU0438,124,114,39,2
S004,SKU0439,191,173,50,1
S004,SKU0440,247,232,75,2
S004,SKU0441,125,87,30,7
S004,SKU0442,178,155,96,6
S004,SKU0443,161,138,145,6
S004,SKU0444,155,132,144,4
S004,SKU0445,135,98,26,7
S004,SKU0446,224,212,137,3
S004,SKU0447,89,60,131,2
S004,SKU0448,68,30,31,6
S004,SKU0449,277,267,50,2
S004,SKU0450,111,99,88,1
S004,SKU0451,139,108,146,3
S004,SKU0452,202,189,90,1
S004,SKU0453,168,148,40,5
S004,SKU0454,275,247,127,6
S004,SKU0455,166,155,57,2
S004,SKU0456,272,260,57,5
S004,SKU0457,110,72,67,7
S004,SKU0458,245,231,68,3
S004,SKU0459,125,88,111,4
S004,SKU0460,231,211,105,5
S004,SKU0461,227,189,22,4
S004,SKU0462,275,241,20,6
S004,SKU0463,127,114,20,3
S004,SKU0464,288,257,130,4
S004,SKU0465,184,157,86,1
S004,SKU0466,109,89,64,4
S004,SKU0467,231,219,105,6
S004,SKU0468,251,229,30,5
S004,SKU0469,88,58,66,5
S004,SKU0470,163,143,70,7
S004,SKU0471,158,125,136,5
S004,SKU0472,177,149,114,1
S004,SKU0473,78,39,71,1
S004,SKU0474,82,72,36,6
S004,SKU0475,147,132,124,3
S004,SKU0476,296,261,21,1
S004,SKU0477,77,50,142,7
S004,SKU0478,78,59,54,3
S004,SKU0479,198,172,82,5
S004,SKU0480,119,81,125,3
S004,SKU0481,264,239,31,3
S004,SKU0482,86,54,102,1
S004,SKU0483,191,179,97,6
S004,SKU0484,283,267,42,2
S004,SKU0485,185,147,86,1
S004,SKU0486,284,246,139,7
S004,SKU0487,135,124,131,7
S004,SKU0488,201,179,96,4
S004,SKU0489,201,168,144,4
S004,SKU0490,259,237,101,1
S004,SKU0491,79,66,54,4
S004,SKU0492,133,121,51,4
S004,SKU0493,127,97,114,3
S004,SKU0494,191,171,112,5
S004,SKU0495,174,138,115,6
S004,SKU0496,112,77,135,6
S004,SKU0497,157,138,143,2
S004,SKU0498,122,89,116,6
S004,SKU0499,190,156,102,7
S004,SKU0500,110,92,68,5
S005,SKU0001,104,67,91,5
S005,SKU0002,262,242,148,3
S005,SKU0003,50,22,106,3
S005,SKU0004,81,43,147,2
S005,SKU0005,120,83,77,5
S005,SKU0006,180,151,104,6
S005,SKU0007,158,121,123,4
S005,SKU0008,217,193,27,5
S005,SKU0009,247,217,30,3
S005,SKU0010,92,65,107,1
S005,SKU0011,71,43,46,3
S005,SKU0012,112,77,41,1
S005,SKU0013,137,126,102,1
S005,SKU0014,209,194,31,6
S005,SKU0015,146,119,98,2
S005,SKU0016,68,41,116,1
S005,SKU0017,296,277,34,5
S005,SKU0018,121,106,115,6
S005,SKU0019,244,229,99,2
S005,SKU0020,198,173,50,4
S005,SKU0021,74,47,108,1
S005,SKU0022,230,216,137,4
S005,SKU0023,277,262,87,3
S005,SKU0024,89,72,21,5
S005,SKU0025,176,155,33,4
S005,SKU0026,205,176,31,2
S005,SKU0027,185,157,67,3
S005,SKU0028,221,192,129,4
S005,SKU0029,120,99,72,5
S005,SKU0030,164,154,70,2
S005,SKU0031,80,44,108,2
S005,SKU0032,175,160,92,6
S005,SKU0033,197,175,37,4
S005,SKU0034,259,241,115,6
S005,SKU0035,232,205,126,3
S005,SKU0036,53,20,134,4
S005,SKU0037,122,109,100,3
S005,SKU0038,220,205,23,2
S005,SKU0039,257,244,130,3
S005,SKU0040,178,147,67,6
S005,SKU0041,263,233,113,7
S005,SKU0042,59,48,94,2
S005,SKU0043,126,89,43,7
S005,SKU0044,173,139,149,3
S005,SKU0045,258,220,24,7
S005,SKU0046,174,138,26,4
S005,SKU0047,217,193,82,4
S005,SKU0048,179,169,108,5
S005,SKU0049,55,30,43,4
S005,SKU0050,133,111,100,7
S005,SKU0051,264,246,52,5
S005,SKU0052,92,82,78,5
S005,SKU0053,249,233,112,2
S005,SKU0054,126,97,114,1
S005,SKU0055,277,263,105,3
S005,SKU0056,142,132,114,4
S005,SKU0057,107,88,45,5
S005,SKU0058,61,29,81,3
S005,SKU0059,122,89,104,3
S005,SKU0060,120,101,140,4
S005,SKU0061,285,256,43,5
S005,SKU0062,263,234,39,5
S005,SKU0063,244,226,87,2
S005,SKU0064,236,199,140,2
S005,SKU0065,182,168,51,2
S005,SKU0066,103,75,54,1
S005,SKU0067,52,41,77,2
S005,SKU0068,63,29,43,2
S005,SKU0069,242,209,124,2
S005,SKU0070,224,191,45,7
S005,SKU0071,196,186,66,2
S005,SKU0072,264,225,94,3
S005,SKU0073,167,137,93,7
S005,SKU0074,155,120,51,4
S005,SKU0075,221,198,22,4
S005,SKU0076,148,138,50,6
S005,SKU0077,171,133,58,2
S005,SKU0078,71,58,37,7
S005,SKU0079,87,71,90,5
S005,SKU0080,293,277,73,1
S005,SKU0081,73,41,124,7
S005,SKU0082,218,189,64,2
S005,SKU0083,201,189,106,2
S005,SKU0084,117,105,67,3
S005,SKU0085,236,207,37,7
S005,SKU0086,202,174,145,3
S005,SKU0087,243,215,34,4
S005,SKU0088,77,58,105,7
S005,SKU0089,108,79,45,5
S005,SKU0090,182,161,88,2
S005,SKU0091,87,50,70,1
S005,SKU0092,51,33,102,3
S005,SKU0093,237,209,122,2
S005,SKU0094,138,126,127,3
S005,SKU0095,119,94,106,2
S005,SKU0096,246,208,31,4
S005,SKU0097,104,78,149,2
S005,SKU0098,268,241,122,2
S005,SKU0099,239,213,143,7
S005,SKU0100,85,53,101,7
S005,SKU0101,116,84,149,3
S005,SKU0102,193,181,86,1
S005,SKU0103,270,246,84,1
S005,SKU0104,234,202,54,3
S005,SKU0105,172,158,49,5
S005,SKU0106,101,86,46,7
S005,SKU0107,163,150,55,2
S005,SKU0108,156,131,86,5
S005,SKU0109,86,51,53,3
S005,SKU0110,174,138,66,2
S005,SKU0111,243,227,55,7
S005,SKU0112,235,221,23,6
S005,SKU0113,189,176,110,1
S005,SKU0114,104,88,40,7
S005,SKU0115,72,62,25,6
S005,SKU0116,90,79,120,5
S005,SKU0117,73,34,144,7
S005,SKU0118,85,50,34,7
S005,SKU0119,91,72,114,4
S005,SKU0120,227,198,109,3
S005,SKU0121,277,257,136,7
S005,SKU0122,114,90,28,1
S005,SKU0123,183,167,25,2
S005,SKU0124,169,145,33,2
S005,SKU0125,241,221,120,3
S005,SKU0126,234,198,77,3
S005,SKU0127,118,94,96,3
S005,SKU0128,55,20,107,7
S005,SKU0129,205,188,107,2
S005,SKU0130,244,219,34,4
S005,SKU0131,88,67,144,1
S005,SKU0132,84,57,71,1
S005,SKU0133,225,194,33,5
S005,SKU0134,169,144,121,4
S005,SKU0135,238,212,73,4
S005,SKU0136,286,270,39,7
S005,SKU0137,119,99,112,2
S005,SKU0138,146,117,97,4
S005,SKU0139,262,235,47,3
S005,SKU0140,133,122,125,2
S005,SKU0141,287,257,66,4
S005,SKU0142,158,138,96,3
S005,SKU0143,130,100,58,2
S005,SKU0144,184,159,68,5
S005,SKU0145,196,181,80,7
S005,SKU0146,258,240,144,5
S005,SKU0147,199,187,75,5
S005,SKU0148,225,187,58,2
S005,SKU0149,273,262,61,7
S005,SKU0150,140,129,75,2
S005,SKU0151,208,194,105,6
S005,SKU0152,89,53,109,2
S005,SKU0153,134,118,38,2
S005,SKU0154,253,216,48,6
S005,SKU0155,194,171,133,4
S005,SKU0156,67,42,70,7
S005,SKU0157,223,194,69,2
S005,SKU0158,128,89,137,1
S005,SKU0159,227,214,101,1
S005,SKU0160,216,197,55,4
S005,SKU0161,289,268,25,6
S005,SKU0162,116,102,122,7
S005,SKU0163,60,39,48,2
S005,SKU0164,124,90,35,6
S005,SKU0165,140,128,133,2
S005,SKU0166,224,208,25,2
S005,SKU0167,166,152,65,4
S005,SKU0168,289,266,105,1
S005,SKU0169,89,76,76,5
S005,SKU0170,104,67,72,1
S005,SKU0171,215,178,28,4
S005,SKU0172,266,227,44,7
S005,SKU0173,293,265,88,1
S005,SKU0174,166,138,77,1
S005,SKU0175,86,73,66,1
S005,SKU0176,255,220,109,7
S005,SKU0177,171,145,102,1
S005,SKU0178,134,108,64,5
S005,SKU0179,92,63,126,5
S005,SKU0180,239,214,142,5
S005,SKU0181,88,58,106,1
S005,SKU0182,80,69,55,3
S005,SKU0183,271,234,35,5
S005,SKU0184,56,17,31,4
S005,SKU0185,117,80,61,6
S005,SKU0186,67,36,130,3
S005,SKU0187,175,153,85,3
S005,SKU0188,295,260,131,2
S005,SKU0189,124,93,79,6
S005,SKU0190,261,222,58,6
S005,SKU0191,148,130,90,3
S005,SKU0192,167,150,27,6
S005,SKU0193,287,274,36,3
S005,SKU0194,177,148,87,2
S005,SKU0195,204,166,124,3
S005,SKU0196,236,216,73,6
S005,SKU0197,265,244,109,5
S005,SKU0198,190,152,95,5
S005,SKU0199,230,203,77,6
S005,SKU0200,122,92,57,4
S005,SKU0201,95,80,65,1
S005,SKU0202,111,85,148,2
S005,SKU0203,159,129,135,4
S005,SKU0204,273,255,87,4
S005,SKU0205,54,25,124,2
S005,SKU0206,227,197,148,1
S005,SKU0207,163,124,71,4
S005,SKU0208,194,181,120,5
S005,SKU0209,170,131,94,3
S005,SKU0210,146,111,126,1
S005,SKU0211,242,211,61,5
S005,SKU0212,58,20,123,7
S005,SKU0213,256,245,81,7
S005,SKU0214,185,172,71,2
S005,SKU0215,147,135,130,7
S005,SKU0216,279,261,121,3
S005,SKU0217,167,145,50,5
S005,SKU0218,191,166,34,4
S005,SKU0219,268,242,109,7
S005,SKU0220,74,49,90,5
S005,SKU0221,239,226,90,3
S005,SKU0222,177,145,25,1
S005,SKU0223,279,269,113,4
S005,SKU0224,296,284,140,4
S005,SKU0225,271,240,68,1
S005,SKU0226,223,208,62,5
S005,SKU0227,173,147,74,1
S005,SKU0228,206,178,89,7
S005,SKU0229,232,198,53,4
S005,SKU0230,294,282,139,2
S005,SKU0231,226,190,64,4
S005,SKU0232,112,91,125,5
S005,SKU0233,51,38,139,1
S005,SKU0234,137,111,101,1
S005,SKU0235,277,246,102,3
S005,SKU0236,288,274,79,6
S005,SKU0237,133,109,34,5
S005,SKU0238,120,99,47,5
S005,SKU0239,93,70,67,2
S005,SKU0240,280,263,90,3
S005,SKU0241,225,212,144,6
S005,SKU0242,204,168,43,6
S005,SKU0243,271,243,111,3
S005,SKU0244,186,147,58,2
S005,SKU0245,62,25,143,6
S005,SKU0246,283,265,64,3
S005,SKU0247,132,115,132,5
S005,SKU0248,281,247,46,6
S005,SKU0249,297,278,85,7
S005,SKU0250,271,237,55,4
S005,SKU0251,62,25,26,4
S005,SKU0252,106,85,75,4
S005,SKU0253,269,234,91,1
S005,SKU0254,64,44,141,2
S005,SKU0255,271,247,112,4
S005,SKU0256,221,207,60,5
S005,SKU0257,165,151,92,5
S005,SKU0258,60,22,79,3
S005,SKU0259,257,224,36,4
S005,SKU0260,165,153,38,4
S005,SKU0261,283,258,82,2
S005,SKU0262,81,57,116,1
S005,SKU0263,211,181,107,2
S005,SKU0264,72,41,117,7
S005,SKU0265,248,227,117,5
S005,SKU0266,144,115,45,3
S005,SKU0267,52,26,113,1
S005,SKU0268,174,152,29,2
S005,SKU0269,147,130,42,4
S005,SKU0270,227,188,43,3
S005,SKU0271,130,110,144,2
S005,SKU0272,122,87,83,6
S005,SKU0273,197,160,144,7
S005,SKU0274,212,200,77,2
S005,SKU0275,108,92,87,7
S005,SKU0276,147,128,61,1
S005,SKU0277,207,171,42,5
S005,SKU0278,122,105,49,7
S005,SKU0279,273,235,77,5
S005,SKU0280,109,71,57,4
S005,SKU0281,56,22,27,3
S005,SKU0282,231,209,123,7
S005,SKU0283,145,130,72,7
S005,SKU0284,60,37,146,6
S005,SKU0285,197,170,147,5
S005,SKU0286,124,112,117,2
S005,SKU0287,285,247,109,4
S005,SKU0288,215,181,129,5
S005,SKU0289,290,254,122,3
S005,SKU0290,144,115,124,6
S005,SKU0291,71,49,133,4
S005,SKU0292,143,126,80,1
S005,SKU0293,116,99,124,1
S005,SKU0294,261,248,48,5
S005,SKU0295,281,269,113,6
S005,SKU0296,135,97,106,1
S005,SKU0297,132,119,24,4
S005,SKU0298,201,169,86,2
S005,SKU0299,199,184,36,5
S005,SKU0300,288,269,144,3
S005,SKU0301,152,141,75,6
S005,SKU0302,202,192,55,3
S005,SKU0303,154,129,54,5
S005,SKU0304,239,227,24,4
S005,SKU0305,98,88,129,1
S005,SKU0306,265,244,139,3
S005,SKU0307,293,264,114,2
S005,SKU0308,220,198,47,3
S005,SKU0309,292,262,149,1
S005,SKU0310,112,84,124,2
S005,SKU0311,111,78,77,7
S005,SKU0312,138,117,32,3
S005,SKU0313,137,119,73,4
S005,SKU0314,170,136,108,4
S005,SKU0315,281,258,33,2
S005,SKU0316,290,266,60,1
S005,SKU0317,273,241,104,6
S005,SKU0318,238,221,51,4
S005,SKU0319,203,168,99,4
S005,SKU0320,55,32,129,5
S005,SKU0321,91,81,65,7
S005,SKU0322,62,26,76,1
S005,SKU0323,277,260,94,1
S005,SKU0324,245,215,39,7
S005,SKU0325,239,213,46,3
S005,SKU0326,272,236,105,7
S005,SKU0327,94,67,109,1
S005,SKU0328,245,208,57,5
S005,SKU0329,64,53,82,2
S005,SKU0330,158,120,82,1
S005,SKU0331,268,257,41,3
S005,SKU0332,166,152,118,7
S005,SKU0333,196,176,133,6
S005,SKU0334,132,117,82,5
S005,SKU0335,99,82,93,2
S005,SKU0336,172,156,51,5
S005,SKU0337,201,183,28,3
S005,SKU0338,117,99,148,4
S005,SKU0339,130,91,117,5
S005,SKU0340,259,231,55,4
S005,SKU0341,267,235,22,6
S005,SKU0342,81,42,116,4
S005,SKU0343,51,36,79,1
S005,SKU0344,185,173,23,6
S005,SKU0345,120,84,47,3
S005,SKU0346,248,217,33,1
S005,SKU0347,66,49,106,6
S005,SKU0348,258,226,61,4
S005,SKU0349,66,27,25,7
S005,SKU0350,232,216,33,2
S005,SKU0351,241,221,32,7
S005,SKU0352,237,204,44,1
S005,SKU0353,219,187,75,6
S005,SKU0354,244,228,113,3
S005,SKU0355,54,18,96,3
S005,SKU0356,216,191,44,6
S005,SKU0357,89,71,137,7
S005,SKU0358,214,193,59,4
S005,SKU0359,121,87,51,1
S005,SKU0360,51,30,92,4
S005,SKU0361,165,128,52,6
S005,SKU0362,296,271,106,1
S005,SKU0363,177,148,134,7
S005,SKU0364,83,44,92,4
S005,SKU0365,76,54,34,4
S005,SKU0366,131,100,20,5
S005,SKU0367,267,239,44,4
S005,SKU0368,217,205,96,2
S005,SKU0369,55,39,128,7
S005,SKU0370,204,180,50,6
S005,SKU0371,50,29,113,4
S005,SKU0372,281,265,26,6
S005,SKU0373,100,72,96,2
S005,SKU0374,240,222,104,6
S005,SKU0375,284,264,22,1
S005,SKU0376,191,169,121,1
S005,SKU0377,181,151,137,1
S005,SKU0378,54,27,73,3
S005,SKU0379,120,95,49,6
S005,SKU0380,182,151,68,2
S005,SKU0381,259,246,74,2
S005,SKU0382,126,97,58,1
S005,SKU0383,165,127,24,2
S005,SKU0384,217,194,55,7
S005,SKU0385,52,21,149,3
S005,SKU0386,229,212,93,2
S005,SKU0387,185,173,97,1
S005,SKU0388,57,27,32,3
S005,SKU0389,73,61,100,1
S005,SKU0390,227,209,104,3
S005,SKU0391,278,247,43,1
S005,SKU0392,172,146,26,5
S005,SKU0393,203,169,102,6
S005,SKU0394,151,114,35,3
S005,SKU0395,277,265,97,5
S005,SKU0396,213,196,90,4
S005,SKU0397,279,246,28,6
S005,SKU0398,176,138,45,5
S005,SKU0399,200,169,84,2
S005,SKU0400,215,191,124,1
S005,SKU0401,177,164,22,7
S005,SKU0402,258,240,105,3
S005,SKU0403,104,77,72,2
S005,SKU0404,265,252,27,6
S005,SKU0405,267,235,57,7
S005,SKU0406,166,138,76,2
S005,SKU0407,266,237,66,7
S005,SKU0408,104,71,45,6
S005,SKU0409,69,59,109,3
S005,SKU0410,79,41,111,2
S005,SKU0411,86,55,104,5
S005,SKU0412,167,153,92,6
S005,SKU0413,99,88,102,4
S005,SKU0414,77,60,62,4
S005,SKU0415,145,114,135,7
S005,SKU0416,62,24,53,6
S005,SKU0417,282,261,116,4
S005,SKU0418,260,221,59,2
S005,SKU0419,149,127,38,2
S005,SKU0420,272,261,63,5
S005,SKU0421,151,122,30,5
S005,SKU0422,267,229,142,4
S005,SKU0423,299,276,34,7
S005,SKU0424,262,234,147,4
S005,SKU0425,154,125,42,2
S005,SKU0426,174,163,141,3
S005,SKU0427,95,60,89,6
S005,SKU0428,139,122,135,7
S005,SKU0429,80,42,111,5
S005,SKU0430,222,201,42,7
S005,SKU0431,157,120,65,4
S005,SKU0432,77,59,79,3
S005,SKU0433,177,156,97,5
S005,SKU0434,129,96,59,7
S005,SKU0435,210,199,55,6
S005,SKU0436,194,161,57,5
S005,SKU0437,233,197,27,3
S005,SKU0438,136,97,66,3
S005,SKU0439,61,22,134,5
S005,SKU0440,276,250,125,3
S005,SKU0441,66,50,88,3
S005,SKU0442,232,193,67,7
S005,SKU0443,97,85,110,2
S005,SKU0444,225,209,96,1
S005,SKU0445,72,58,107,4
S005,SKU0446,242,219,85,3
S005,SKU0447,146,111,110,1
S005,SKU0448,58,25,76,4
S005,SKU0449,234,201,112,3
S005,SKU0450,153,128,71,3
S005,SKU0451,121,105,91,1
S005,SKU0452,218,199,49,7
S005,SKU0453,77,64,126,7
S005,SKU0454,229,195,138,2
S005,SKU0455,193,164,146,5
S005,SKU0456,67,53,141,7
S005,SKU0457,61,22,77,1
S005,SKU0458,185,163,109,5
S005,SKU0459,215,196,143,4
S005,SKU0460,137,107,22,3
S005,SKU0461,186,175,92,1
S005,SKU0462,174,154,123,4
S005,SKU0463,96,76,145,3
S005,SKU0464,213,196,21,2
S005,SKU0465,201,171,62,7
S005,SKU0466,282,245,41,7
S005,SKU0467,94,79,91,2
S005,SKU0468,236,223,49,5
S005,SKU0469,159,144,20,4
S005,SKU0470,150,126,33,3
S005,SKU0471,248,235,82,4
S005,SKU0472,242,207,75,5
S005,SKU0473,83,68,125,4
S005,SKU0474,225,198,104,6
S005,SKU0475,207,176,101,6
S005,SKU0476,217,189,24,6
S005,SKU0477,100,72,142,7
S005,SKU0478,228,211,38,3
S005,SKU0479,186,174,32,1
S005,SKU0480,94,78,120,5
S005,SKU0481,140,110,120,4
S005,SKU0482,130,101,108,6
S005,SKU0483,64,51,48,7
S005,SKU0484,73,49,128,4
S005,SKU0485,191,169,149,4
S005,SKU0486,268,229,131,2
S005,SKU0487,93,78,137,3
S005,SKU0488,73,48,146,1
S005,SKU0489,132,98,114,6
S005,SKU0490,129,117,109,7
S005,SKU0491,135,104,92,6
S005,SKU0492,221,200,131,5
S005,SKU0493,241,220,148,5
S005,SKU0494,146,131,149,4
S005,SKU0495,259,244,76,2
S005,SKU0496,181,151,36,4
S005,SKU0497,207,197,67,3
S005,SKU0498,226,197,56,5
S005,SKU0499,79,66,108,4
S005,SKU0500,112,86,97,5
S006,SKU0001,215,179,126,4
S006,SKU0002,258,237,88,4
S006,SKU0003,51,19,50,3
S006,SKU0004,232,201,108,1
S006,SKU0005,203,167,52,4
S006,SKU0006,154,127,92,2
S006,SKU0007,240,225,109,4
S006,SKU0008,163,127,89,5
S006,SKU0009,252,236,20,4
S006,SKU0010,126,109,74,3
S006,SKU0011,283,271,127,4
S006,SKU0012,196,186,38,4
S006,SKU0013,295,263,102,6
S006,SKU0014,95,59,130,6
S006,SKU0015,202,185,74,5
S006,SKU0016,293,260,129,2
S006,SKU0017,283,256,110,6
S006,SKU0018,151,137,90,7
S006,SKU0019,112,85,145,4
S006,SKU0020,76,61,37,6
S006,SKU0021,298,272,84,6
S006,SKU0022,94,77,48,6
S006,SKU0023,85,59,67,1
S006,SKU0024,81,49,93,6
S006,SKU0025,137,125,78,7
S006,SKU0026,58,42,99,7
S006,SKU0027,207,170,88,1
S006,SKU0028,204,165,25,2
S006,SKU0029,299,266,137,4
S006,SKU0030,179,166,112,7
S006,SKU0031,155,117,127,3
S006,SKU0032,115,82,45,4
S006,SKU0033,248,233,39,3
S006,SKU0034,159,145,95,2
S006,SKU0035,105,85,121,4
S006,SKU0036,264,243,49,4
S006,SKU0037,147,126,106,1
S006,SKU0038,125,99,74,7
S006,SKU0039,229,218,46,1
S006,SKU0040,126,88,114,6
S006,SKU0041,197,171,97,6
S006,SKU0042,201,190,76,3
S006,SKU0043,120,89,128,2
S006,SKU0044,263,228,135,3
S006,SKU0045,120,98,68,4
S006,SKU0046,125,107,44,4
S006,SKU0047,290,269,83,4
S006,SKU0048,56,36,62,2
S006,SKU0049,276,254,27,2
S006,SKU0050,283,255,36,5
S006,SKU0051,165,135,24,7
S006,SKU0052,54,41,62,7
S006,SKU0053,71,45,98,4
S006,SKU0054,295,280,95,6
S006,SKU0055,149,133,137,5
S006,SKU0056,117,88,144,2
S006,SKU0057,244,210,29,1
S006,SKU0058,231,211,85,4
S006,SKU0059,197,165,26,2
S006,SKU0060,256,221,82,1
S006,SKU0061,263,238,105,4
S006,SKU0062,270,236,89,3
S006,SKU0063,224,211,36,6
S006,SKU0064,167,154,70,6
S006,SKU0065,165,136,100,2
S006,SKU0066,172,145,132,7
S006,SKU0067,220,209,55,5
S006,SKU0068,155,136,138,6
S006,SKU0069,70,51,41,6
S006,SKU0070,284,254,97,5
S006,SKU0071,293,273,115,2
S006,SKU0072,275,262,41,5
S006,SKU0073,145,114,52,6
S006,SKU0074,82,68,22,7
S006,SKU0075,66,31,60,2
S006,SKU0076,133,97,41,7
S006,SKU0077,201,187,20,7
S006,SKU0078,195,163,109,2
S006,SKU0079,64,32,72,1
S006,SKU0080,195,164,36,4
S006,SKU0081,144,118,132,4
S006,SKU0082,65,44,100,1
S006,SKU0083,77,55,62,3
S006,SKU0084,199,186,53,7
S006,SKU0085,75,50,59,5
S006,SKU0086,217,179,34,5
S006,SKU0087,241,204,81,3
S006,SKU0088,211,181,22,3
S006,SKU0089,124,108,82,4
S006,SKU0090,248,221,32,6
S006,SKU0091,62,32,147,4
S006,SKU0092,174,147,133,7
S006,SKU0093,263,232,86,2
S006,SKU0094,115,97,119,5
S006,SKU0095,106,87,136,6
S006,SKU0096,160,140,124,4
S006,SKU0097,216,181,133,3
S006,SKU0098,233,205,71,6
S006,SKU0099,275,248,49,6
S006,SKU0100,158,132,89,2
S006,SKU0101,178,147,140,6
S006,SKU0102,260,241,127,2
S006,SKU0103,85,53,136,7
S006,SKU0104,107,87,98,1
S006,SKU0105,163,132,81,5
S006,SKU0106,68,50,28,1
S006,SKU0107,136,102,122,3
S006,SKU0108,166,129,92,3
S006,SKU0109,287,267,97,5
S006,SKU0110,136,114,67,5
S006,SKU0111,214,189,77,4
S006,SKU0112,106,73,116,1
S006,SKU0113,155,116,112,6
S006,SKU0114,215,191,39,6
S006,SKU0115,281,268,149,1
S006,SKU0116,95,81,93,2
S006,SKU0117,210,181,25,3
S006,SKU0118,226,199,102,7
S006,SKU0119,235,197,32,5
S006,SKU0120,282,264,128,6
S006,SKU0121,282,243,139,1
S006,SKU0122,160,144,97,5
S006,SKU0123,190,175,80,3
S006,SKU0124,166,146,128,6
S006,SKU0125,264,237,120,4
S006,SKU0126,252,237,29,4
S006,SKU0127,294,283,84,3
S006,SKU0128,114,77,20,2
S006,SKU0129,211,190,78,4
S006,SKU0130,218,180,34,2
S006,SKU0131,229,194,65,5
S006,SKU0132,55,35,139,7
S006,SKU0133,292,260,39,2
S006,SKU0134,189,179,96,7
S006,SKU0135,70,47,147,7
S006,SKU0136,253,235,126,5
S006,SKU0137,50,39,122,5
S006,SKU0138,223,186,100,7
S006,SKU0139,106,68,148,2
S006,SKU0140,140,108,90,7
S006,SKU0141,153,121,90,2
S006,SKU0142,174,151,76,6
S006,SKU0143,227,213,131,4
S006,SKU0144,128,106,63,7
S006,SKU0145,243,228,108,6
S006,SKU0146,157,131,129,7
S006,SKU0147,104,82,36,3
S006,SKU0148,82,53,110,6
S006,SKU0149,138,123,74,5
S006,SKU0150,272,240,139,3
S006,SKU0151,284,252,91,7
S006,SKU0152,259,233,49,5
S006,SKU0153,154,131,125,2
S006,SKU0154,213,202,111,2
S006,SKU0155,239,208,24,1
S006,SKU0156,140,110,65,6
S006,SKU0157,217,205,78,1
S006,SKU0158,157,140,132,3
S006,SKU0159,62,33,103,3
S006,SKU0160,131,97,61,6
S006,SKU0161,74,38,45,6
S006,SKU0162,77,54,144,6
S006,SKU0163,203,166,70,5
S006,SKU0164,268,231,140,2
S006,SKU0165,202,174,123,7
S006,SKU0166,147,134,42,7
S006,SKU0167,216,198,72,4
S006,SKU0168,54,30,30,6
S006,SKU0169,274,261,115,6
S006,SKU0170,120,81,133,2
S006,SKU0171,83,68,44,3
S006,SKU0172,228,189,82,4
S006,SKU0173,222,187,139,6
S006,SKU0174,169,133,64,1
S006,SKU0175,121,95,111,3
S006,SKU0176,116,94,77,5
S006,SKU0177,294,260,101,2
S006,SKU0178,128,105,76,5
S006,SKU0179,62,43,72,2
S006,SKU0180,240,203,107,2
S006,SKU0181,296,285,73,5
S006,SKU0182,131,121,54,4
S006,SKU0183,296,257,80,3
S006,SKU0184,158,129,138,4
S006,SKU0185,54,19,91,2
S006,SKU0186,254,238,113,1
S006,SKU0187,101,73,55,4
S006,SKU0188,160,146,64,7
S006,SKU0189,202,172,48,6
S006,SKU0190,255,238,51,1
S006,SKU0191,285,261,29,5
S006,SKU0192,261,247,92,3
S006,SKU0193,273,251,111,1
S006,SKU0194,147,125,131,4
S006,SKU0195,81,47,95,5
S006,SKU0196,228,218,45,3
S006,SKU0197,214,195,131,7
S006,SKU0198,57,45,124,3
S006,SKU0199,103,65,31,6
S006,SKU0200,99,64,107,1
S006,SKU0201,82,45,47,4
S006,SKU0202,247,215,83,6
S006,SKU0203,269,248,97,3
S006,SKU0204,277,244,49,1
S006,SKU0205,84,71,98,5
S006,SKU0206,142,115,86,2
S006,SKU0207,148,122,111,6
S006,SKU0208,179,141,57,5
S006,SKU0209,227,212,72,2
S006,SKU0210,149,120,72,4
S006,SKU0211,101,64,68,2
S006,SKU0212,74,50,66,2
S006,SKU0213,181,148,123,5
S006,SKU0214,157,138,122,5
S006,SKU0215,97,87,69,7
S006,SKU0216,201,187,74,6
S006,SKU0217,166,128,54,7
S006,SKU0218,194,172,101,3
S006,SKU0219,111,101,77,4
S006,SKU0220,275,261,41,4
S006,SKU0221,59,47,116,3
S006,SKU0222,201,175,124,1
S006,SKU0223,71,47,135,4
S006,SKU0224,83,51,49,1
S006,SKU0225,149,125,90,5
S006,SKU0226,105,69,91,7
S006,SKU0227,192,174,120,5
S006,SKU0228,193,172,80,5
S006,SKU0229,193,154,115,5
S006,SKU0230,87,74,20,6
S006,SKU0231,266,238,136,6
S006,SKU0232,270,252,120,2
S006,SKU0233,76,49,39,7
S006,SKU0234,69,50,131,5
S006,SKU0235,81,71,74,6
S006,SKU0236,240,223,37,6
S006,SKU0237,95,80,126,5
S006,SKU0238,108,74,134,7
S006,SKU0239,299,261,68,4
S006,SKU0240,257,220,64,3
S006,SKU0241,82,56,132,2
S006,SKU0242,112,78,35,1
S006,SKU0243,101,90,115,7
S006,SKU0244,71,55,72,1
S006,SKU0245,205,188,123,3
S006,SKU0246,136,110,130,1
S006,SKU0247,57,26,90,4
S006,SKU0248,98,63,73,6
S006,SKU0249,72,60,133,3
S006,SKU0250,265,250,90,6
S006,SKU0251,299,281,66,1
S006,SKU0252,238,216,23,7
S006,SKU0253,250,219,149,4
S006,SKU0254,190,161,101,2
S006,SKU0255,126,99,141,7
S006,SKU0256,93,57,126,1
S006,SKU0257,231,205,60,1
S006,SKU0258,132,118,24,3
S006,SKU0259,117,78,76,3
S006,SKU0260,237,212,130,3
S006,SKU0261,291,263,121,6
S006,SKU0262,157,137,144,2
S006,SKU0263,68,39,143,3
S006,SKU0264,69,43,66,2
S006,SKU0265,89,63,100,3
S006,SKU0266,203,188,80,3
S006,SKU0267,205,174,53,6
S006,SKU0268,276,253,51,4
S006,SKU0269,87,67,84,6
S006,SKU0270,132,109,138,2
S006,SKU0271,93,54,117,3
S006,SKU0272,253,218,93,7
S006,SKU0273,248,214,52,2
S006,SKU0274,234,196,95,5
S006,SKU0275,102,91,63,1
S006,SKU0276,95,57,51,2
S006,SKU0277,124,105,87,6
S006,SKU0278,256,245,53,4
S006,SKU0279,224,188,132,5
S006,SKU0280,220,195,96,4
S006,SKU0281,121,95,90,7
S006,SKU0282,78,66,123,7
S006,SKU0283,136,126,44,3
S006,SKU0284,144,121,54,7
S006,SKU0285,261,237,67,3
S006,SKU0286,156,127,52,1
S006,SKU0287,99,77,120,2
S006,SKU0288,98,62,35,6
S006,SKU0289,249,236,91,1
S006,SKU0290,103,87,139,7
S006,SKU0291,135,113,48,6
S006,SKU0292,274,244,113,7
S006,SKU0293,237,208,140,2
S006,SKU0294,244,214,105,1
S006,SKU0295,261,249,146,4
S006,SKU0296,146,121,55,5
S006,SKU0297,282,244,118,1
S006,SKU0298,126,103,142,3
S006,SKU0299,169,149,33,2
S006,SKU0300,177,159,120,1
S006,SKU0301,123,90,77,3
S006,SKU0302,247,212,56,7
S006,SKU0303,284,272,107,7
S006,SKU0304,281,265,39,5
S006,SKU0305,52,22,127,6
S006,SKU0306,172,142,135,6
S006,SKU0307,253,223,70,1
S006,SKU0308,61,43,32,2
S006,SKU0309,247,208,99,1
S006,SKU0310,131,116,51,6
S006,SKU0311,238,215,148,4
S006,SKU0312,227,201,124,5
S006,SKU0313,293,280,135,7
S006,SKU0314,144,122,59,3
S006,SKU0315,58,45,43,1
S006,SKU0316,124,93,143,1
S006,SKU0317,174,141,22,4
S006,SKU0318,237,213,133,5
S006,SKU0319,61,29,70,5
S006,SKU0320,195,168,102,7
S006,SKU0321,55,20,119,4
S006,SKU0322,284,257,132,1
S006,SKU0323,287,277,44,4
S006,SKU0324,232,215,89,6
S006,SKU0325,202,169,51,6
S006,SKU0326,198,183,89,7
S006,SKU0327,275,245,27,4
S006,SKU0328,103,80,102,3
S006,SKU0329,254,224,119,4
S006,SKU0330,225,202,99,2
S006,SKU0331,232,219,95,7
S006,SKU0332,209,194,50,4
S006,SKU0333,204,176,132,5
S006,SKU0334,136,119,79,1
S006,SKU0335,256,239,108,6
S006,SKU0336,58,34,31,7
S006,SKU0337,58,32,41,1
S006,SKU0338,259,237,145,3
S006,SKU0339,62,24,20,2
S006,SKU0340,258,238,103,1
S006,SKU0341,270,241,103,4
S006,SKU0342,138,99,77,2
S006,SKU0343,262,230,120,5
S006,SKU0344,121,98,88,1
S006,SKU0345,52,34,80,6
S006,SKU0346,154,127,65,5
S006,SKU0347,197,182,61,5
S006,SKU0348,205,168,60,5
S006,SKU0349,218,202,36,3
S006,SKU0350,169,130,139,1
S006,SKU0351,165,143,104,6
S006,SKU0352,261,223,113,4
S006,SKU0353,142,129,22,6
S006,SKU0354,209,171,28,1
S006,SKU0355,130,101,20,2
S006,SKU0356,204,187,48,4
S006,SKU0357,175,144,34,7
S006,SKU0358,163,133,77,4
S006,SKU0359,245,220,109,4
S006,SKU0360,50,19,60,7
S006,SKU0361,88,73,113,1
S006,SKU0362,238,201,24,2
S006,SKU0363,145,117,74,6
S006,SKU0364,105,94,57,3
S006,SKU0365,265,249,100,1
S006,SKU0366,281,255,128,1
S006,SKU0367,297,264,96,7
S006,SKU0368,295,280,103,2
S006,SKU0369,119,89,100,1
S006,SKU0370,80,65,102,3
S006,SKU0371,216,201,34,7
S006,SKU0372,153,135,108,6
S006,SKU0373,184,167,91,4
S006,SKU0374,229,212,128,4
S006,SKU0375,169,136,98,1
S006,SKU0376,258,220,146,5
S006,SKU0377,166,153,21,3
S006,SKU0378,213,200,79,4
S006,SKU0379,105,94,105,5
S006,SKU0380,255,218,90,6
S006,SKU0381,260,224,85,3
S006,SKU0382,215,186,65,7
S006,SKU0383,277,252,98,5
S006,SKU0384,52,24,37,5
S006,SKU0385,293,279,128,5
S006,SKU0386,117,93,115,5
S006,SKU0387,156,137,109,7
S006,SKU0388,181,171,26,6
S006,SKU0389,79,45,62,6
S006,SKU0390,255,231,46,7
S006,SKU0391,129,112,25,7
S006,SKU0392,170,148,135,7
S006,SKU0393,93,80,23,5
S006,SKU0394,134,110,80,1
S006,SKU0395,250,225,73,2
S006,SKU0396,212,200,92,6
S006,SKU0397,231,206,27,4
S006,SKU0398,282,272,113,3
S006,SKU0399,257,233,108,2
S006,SKU0400,149,138,44,5
S006,SKU0401,59,35,34,3
S006,SKU0402,175,162,111,5
S006,SKU0403,198,168,69,6
S006,SKU0404,177,143,27,1
S006,SKU0405,256,243,120,7
S006,SKU0406,172,134,126,4
S006,SKU0407,116,104,50,6
S006,SKU0408,286,272,113,6
S006,SKU0409,111,96,138,1
S006,SKU0410,235,203,63,7
S006,SKU0411,262,240,34,7
S006,SKU0412,227,202,128,4
S006,SKU0413,199,187,43,6
S006,SKU0414,142,115,71,2
S006,SKU0415,200,166,114,7
S006,SKU0416,211,199,97,4
S006,SKU0417,145,123,28,1
S006,SKU0418,273,258,46,5
S006,SKU0419,193,159,96,2
S006,SKU0420,266,242,84,5
S006,SKU0421,83,63,135,3
S006,SKU0422,132,94,134,1
S006,SKU0423,298,265,81,3
S006,SKU0424,93,71,50,3
S006,SKU0425,131,94,91,4
S006,SKU0426,234,222,35,1
S006,SKU0427,276,251,65,4
S006,SKU0428,99,83,80,7
S006,SKU0429,159,125,81,1
S006,SKU0430,260,245,70,5
S006,SKU0431,192,171,96,1
S006,SKU0432,136,111,34,2
S006,SKU0433,97,87,47,2
S006,SKU0434,140,117,85,2
S006,SKU0435,84,74,20,7
S006,SKU0436,144,109,82,3
S006,SKU0437,153,138,52,4
S006,SKU0438,255,242,99,4
S006,SKU0439,204,181,114,4
S006,SKU0440,138,104,125,6
S006,SKU0441,65,26,72,7
S006,SKU0442,74,64,135,7
S006,SKU0443,224,193,62,4
S006,SKU0444,132,106,25,3
S006,SKU0445,131,104,63,3
S006,SKU0446,156,144,94,4
S006,SKU0447,235,214,66,2
S006,SKU0448,127,110,135,2
S006,SKU0449,61,46,51,6
S006,SKU0450,281,247,137,1
S006,SKU0451,141,119,80,2
S006,SKU0452,51,30,66,5
S006,SKU0453,91,78,29,1
S006,SKU0454,66,27,98,5
S006,SKU0455,159,132,38,6
S006,SKU0456,221,200,27,3
S006,SKU0457,78,63,33,3
S006,SKU0458,54,16,83,7
S006,SKU0459,201,176,124,5
S006,SKU0460,98,83,68,4
S006,SKU0461,240,229,135,5
S006,SKU0462,57,18,148,1
S006,SKU0463,57,44,129,1
S006,SKU0464,120,99,83,7
S006,SKU0465,64,47,107,5
S006,SKU0466,70,43,117,2
S006,SKU0467,65,47,38,6
S006,SKU0468,111,77,146,4
S006,SKU0469,226,189,115,1
S006,SKU0470,132,117,29,5
S006,SKU0471,116,88,98,3
S006,SKU0472,125,113,33,6
S006,SKU0473,84,65,92,1
S006,SKU0474,219,203,102,3
S006,SKU0475,159,134,26,3
S006,SKU0476,157,126,24,7
S006,SKU0477,80,54,35,4
S006,SKU0478,134,107,42,7
S006,SKU0479,204,166,54,3
S006,SKU0480,280,267,123,7
S006,SKU0481,227,212,120,5
S006,SKU0482,95,79,50,1
S006,SKU0483,95,78,30,1
S006,SKU0484,296,280,98,2
S006,SKU0485,170,143,62,1
S006,SKU0486,127,114,24,7
S006,SKU0487,252,224,28,5
S006,SKU0488,172,161,29,4
S006,SKU0489,73,56,31,7
S006,SKU0490,58,19,99,7
S006,SKU0491,145,108,49,2
S006,SKU0492,238,221,32,4
S006,SKU0493,54,17,105,7
S006,SKU0494,96,62,62,1
S006,SKU0495,127,98,76,6
S006,SKU0496,289,268,120,2
S006,SKU0497,60,39,43,5
S006,SKU0498,250,237,119,7
S006,SKU0499,187,152,30,2
S006,SKU0500,270,256,131,3
S007,SKU0001,94,79,43,5
S007,SKU0002,162,141,107,7
S007,SKU0003,137,107,87,3
S007,SKU0004,122,101,140,7
S007,SKU0005,167,132,135,6
S007,SKU0006,185,154,144,6
S007,SKU0007,186,155,64,5
S007,SKU0008,93,74,120,5
S007,SKU0009,160,123,92,3
S007,SKU0010,243,222,136,2
S007,SKU0011,147,128,35,1
S007,SKU0012,53,19,149,3
S007,SKU0013,296,268,44,4
S007,SKU0014,202,189,132,6
S007,SKU0015,272,234,149,5
S007,SKU0016,209,197,140,3
S007,SKU0017,244,207,121,2
S007,SKU0018,236,221,96,2
S007,SKU0019,110,84,55,3
S007,SKU0020,263,239,43,6
S007,SKU0021,131,115,147,7
S007,SKU0022,113,103,112,7
S007,SKU0023,206,181,95,2
S007,SKU0024,234,209,127,1
S007,SKU0025,201,180,135,2
S007,SKU0026,283,254,97,3
S007,SKU0027,132,94,81,5
S007,SKU0028,228,216,28,6
S007,SKU0029,150,117,113,6
S007,SKU0030,220,188,91,7
S007,SKU0031,134,109,112,6
S007,SKU0032,86,58,128,1
S007,SKU0033,111,75,49,3
S007,SKU0034,152,134,106,5
S007,SKU0035,244,232,132,6
S007,SKU0036,126,114,85,5
S007,SKU0037,267,239,56,5
S007,SKU0038,231,194,142,7
S007,SKU0039,134,110,73,4
S007,SKU0040,122,98,51,7
S007,SKU0041,282,253,46,7
S007,SKU0042,232,196,149,6
S007,SKU0043,274,242,41,6
S007,SKU0044,60,34,96,4
S007,SKU0045,179,146,96,6
S007,SKU0046,155,141,97,7
S007,SKU0047,73,34,103,6
S007,SKU0048,271,249,26,4
S007,SKU0049,170,142,131,2
S007,SKU0050,133,121,97,2
S007,SKU0051,75,50,120,5
S007,SKU0052,92,82,114,4
S007,SKU0053,201,183,110,3
S007,SKU0054,136,102,102,4
S007,SKU0055,165,145,24,5
S007,SKU0056,202,177,109,4
S007,SKU0057,189,174,53,4
S007,SKU0058,168,138,115,2
S007,SKU0059,245,218,38,2
S007,SKU0060,243,212,128,2
S007,SKU0061,142,115,147,3
S007,SKU0062,273,261,85,3
S007,SKU0063,200,176,134,6
S007,SKU0064,80,52,77,5
S007,SKU0065,267,229,22,4
S007,SKU0066,231,212,65,1
S007,SKU0067,88,63,99,3
S007,SKU0068,299,268,145,5
S007,SKU0069,177,166,35,1
S007,SKU0070,203,183,145,2
S007,SKU0071,126,99,144,3
S007,SKU0072,69,43,20,2
S007,SKU0073,243,213,146,1
S007,SKU0074,231,221,147,5
S007,SKU0075,114,102,92,3
S007,SKU0076,120,102,129,3
S007,SKU0077,106,79,121,4
S007,SKU0078,190,153,115,1
S007,SKU0079,245,224,130,5
S007,SKU0080,90,67,120,3
S007,SKU0081,154,125,70,5
S007,SKU0082,271,238,63,6
S007,SKU0083,198,176,125,4
S007,SKU0084,261,233,122,1
S007,SKU0085,94,79,129,7
S007,SKU0086,74,64,23,3
S007,SKU0087,142,119,116,5
S007,SKU0088,242,213,105,4
S007,SKU0089,108,80,79,1
S007,SKU0090,170,141,37,7
S007,SKU0091,238,215,77,3
S007,SKU0092,298,270,85,1
S007,SKU0093,126,91,74,3
S007,SKU0094,212,188,129,3
S007,SKU0095,218,203,142,2
S007,SKU0096,75,44,45,6
S007,SKU0097,87,56,49,5
S007,SKU0098,148,113,51,7
S007,SKU0099,79,65,104,2
S007,SKU0100,85,72,66,7
S007,SKU0101,147,130,136,7
S007,SKU0102,187,163,88,6
S007,SKU0103,188,163,40,1
S007,SKU0104,138,106,66,4
S007,SKU0105,231,192,42,4
S007,SKU0106,73,61,42,5
S007,SKU0107,118,90,106,2
S007,SKU0108,148,118,31,5
S007,SKU0109,286,251,116,2
S007,SKU0110,125,111,46,5
S007,SKU0111,224,214,123,3
S007,SKU0112,172,158,94,1
S007,SKU0113,206,167,31,7
S007,SKU0114,265,227,76,5
S007,SKU0115,71,47,58,4
S007,SKU0116,277,239,83,6
S007,SKU0117,241,209,25,6
S007,SKU0118,219,200,138,7
S007,SKU0119,180,166,76,6
S007,SKU0120,270,253,111,7
S007,SKU0121,263,246,81,6
S007,SKU0122,287,253,67,6
S007,SKU0123,191,155,108,6
S007,SKU0124,69,35,112,2
S007,SKU0125,181,145,50,3
S007,SKU0126,93,81,134,6
S007,SKU0127,95,58,89,4
S007,SKU0128,290,264,45,4
S007,SKU0129,178,142,88,5
S007,SKU0130,185,168,21,2
S007,SKU0131,114,85,58,5
S007,SKU0132,173,143,55,4
S007,SKU0133,126,100,130,1
S007,SKU0134,87,52,59,2
S007,SKU0135,290,260,73,4
S007,SKU0136,73,59,130,7
S007,SKU0137,99,85,127,5
S007,SKU0138,170,150,71,5
S007,SKU0139,231,198,80,7
S007,SKU0140,194,184,122,7
S007,SKU0141,174,151,44,6
S007,SKU0142,170,157,95,5
S007,SKU0143,196,164,74,7
S007,SKU0144,255,223,107,3
S007,SKU0145,211,198,58,7
S007,SKU0146,235,219,72,5
S007,SKU0147,292,268,75,6
S007,SKU0148,281,265,136,5
S007,SKU0149,233,220,124,2
S007,SKU0150,150,136,92,6
S007,SKU0151,138,106,146,2
S007,SKU0152,283,263,136,4
S007,SKU0153,129,108,147,5
S007,SKU0154,134,105,28,3
S007,SKU0155,189,164,106,6
S007,SKU0156,150,125,74,2
S007,SKU0157,156,146,137,5
S007,SKU0158,203,180,106,4
S007,SKU0159,114,90,34,3
S007,SKU0160,147,117,34,5
S007,SKU0161,215,176,26,3
S007,SKU0162,190,155,50,4
S007,SKU0163,247,218,132,6
S007,SKU0164,58,33,122,5
S007,SKU0165,177,151,63,3
S007,SKU0166,152,130,120,7
S007,SKU0167,234,219,51,3
S007,SKU0168,286,261,68,4
S007,SKU0169,138,117,94,6
S007,SKU0170,119,90,128,2
S007,SKU0171,299,264,68,1
S007,SKU0172,81,71,75,2
S007,SKU0173,277,262,93,3
S007,SKU0174,240,218,101,4
S007,SKU0175,231,219,33,2
S007,SKU0176,291,257,62,3
S007,SKU0177,267,245,24,3
S007,SKU0178,108,95,50,4
S007,SKU0179,79,54,55,5
S007,SKU0180,175,158,61,6
S007,SKU0181,84,70,46,1
S007,SKU0182,171,135,136,5
S007,SKU0183,51,35,37,2
S007,SKU0184,167,139,33,6
S007,SKU0185,189,155,29,4
S007,SKU0186,257,247,143,3
S007,SKU0187,279,265,87,5
S007,SKU0188,237,215,78,3
S007,SKU0189,250,218,79,4
S007,SKU0190,178,155,98,6
S007,SKU0191,276,254,20,4
S007,SKU0192,68,45,149,4
S007,SKU0193,149,138,122,4
S007,SKU0194,99,89,40,1
S007,SKU0195,287,277,135,1
S007,SKU0196,52,38,70,1
S007,SKU0197,264,235,66,4
S007,SKU0198,215,180,139,7
S007,SKU0199,85,72,105,6
S007,SKU0200,169,136,62,4
S007,SKU0201,133,105,29,2
S007,SKU0202,173,143,116,6
S007,SKU0203,198,182,35,5
S007,SKU0204,59,24,76,3
S007,SKU0205,179,153,102,1
S007,SKU0206,295,285,69,5
S007,SKU0207,132,106,80,6
S007,SKU0208,116,98,65,3
S007,SKU0209,195,164,77,2
S007,SKU0210,164,149,64,3
S007,SKU0211,54,25,41,7
S007,SKU0212,163,134,40,7
S007,SKU0213,233,218,133,6
S007,SKU0214,200,185,63,6
S007,SKU0215,221,184,138,3
S007,SKU0216,94,67,88,2
S007,SKU0217,269,231,145,1
S007,SKU0218,194,171,140,2
S007,SKU0219,196,184,34,2
S007,SKU0220,281,247,22,1
S007,SKU0221,241,202,132,2
S007,SKU0222,118,80,145,3
S007,SKU0223,261,231,33,5
S007,SKU0224,291,272,145,2
S007,SKU0225,287,261,65,6
S007,SKU0226,260,246,33,2
S007,SKU0227,288,260,93,7
S007,SKU0228,80,46,74,2
S007,SKU0229,102,87,48,1
S007,SKU0230,227,192,131,4
S007,SKU0231,218,204,113,3
S007,SKU0232,209,172,32,2
S007,SKU0233,162,147,90,7
S007,SKU0234,66,50,65,3
S007,SKU0235,273,260,110,1
S007,SKU0236,287,253,33,3
S007,SKU0237,281,263,33,1
S007,SKU0238,156,118,68,6
S007,SKU0239,217,186,45,1
S007,SKU0240,245,224,118,5
S007,SKU0241,240,223,106,6
S007,SKU0242,251,229,114,3
S007,SKU0243,275,240,98,7
S007,SKU0244,151,141,42,6
S007,SKU0245,230,217,103,6
S007,SKU0246,209,192,53,5
S007,SKU0247,85,66,108,4
S007,SKU0248,172,136,104,5
S007,SKU0249,226,216,78,7
S007,SKU0250,168,143,41,5
S007,SKU0251,223,203,86,6
S007,SKU0252,211,192,108,7
S007,SKU0253,210,193,128,6
S007,SKU0254,122,97,114,7
S007,SKU0255,61,25,76,7
S007,SKU0256,62,48,25,4
S007,SKU0257,206,175,77,3
S007,SKU0258,235,209,54,6
S007,SKU0259,69,51,68,3
S007,SKU0260,151,129,26,5
S007,SKU0261,175,139,144,1
S007,SKU0262,203,178,50,4
S007,SKU0263,59,22,84,2
S007,SKU0264,102,92,106,2
S007,SKU0265,69,56,26,5
S007,SKU0266,75,39,146,3
S007,SKU0267,258,230,109,2
S007,SKU0268,195,175,20,3
S007,SKU0269,184,153,149,2
S007,SKU0270,61,38,60,1
S007,SKU0271,58,36,23,2
S007,SKU0272,229,196,108,6
S007,SKU0273,269,244,105,2
S007,SKU0274,211,175,24,6
S007,SKU0275,180,147,146,6
S007,SKU0276,118,80,136,1
S007,SKU0277,264,241,44,1
S007,SKU0278,100,66,60,2
S007,SKU0279,187,149,85,7
S007,SKU0280,257,229,110,4
S007,SKU0281,99,83,30,4
S007,SKU0282,135,115,85,6
S007,SKU0283,255,238,56,6
S007,SKU0284,295,274,67,3
S007,SKU0285,80,63,117,7
S007,SKU0286,278,259,67,1
S007,SKU0287,76,42,146,3
S007,SKU0288,198,184,55,3
S007,SKU0289,138,128,118,6
S007,SKU0290,259,228,61,2
S007,SKU0291,114,89,71,3
S007,SKU0292,88,71,69,3
S007,SKU0293,117,101,119,1
S007,SKU0294,257,226,113,7
S007,SKU0295,94,75,101,2
S007,SKU0296,50,29,46,7
S007,SKU0297,90,74,67,6
S007,SKU0298,97,84,45,6
S007,SKU0299,140,107,92,2
S007,SKU0300,66,36,119,3
S007,SKU0301,68,58,98,4
S007,SKU0302,228,204,57,2
S007,SKU0303,52,16,44,7
S007,SKU0304,117,83,131,5
S007,SKU0305,165,142,48,7
S007,SKU0306,228,212,124,7
S007,SKU0307,80,54,71,5
S007,SKU0308,281,254,52,6
S007,SKU0309,218,185,40,3
S007,SKU0310,297,287,70,3
S007,SKU0311,117,81,118,4
S007,SKU0312,204,186,94,3
S007,SKU0313,177,154,64,5
S007,SKU0314,149,121,98,3
S007,SKU0315,161,133,38,5
S007,SKU0316,136,104,141,1
S007,SKU0317,170,153,24,4
S007,SKU0318,279,256,28,1
S007,SKU0319,123,86,132,6
S007,SKU0320,179,168,102,7
S007,SKU0321,85,54,31,5
S007,SKU0322,58,19,126,1
S007,SKU0323,159,129,103,1
S007,SKU0324,105,78,109,5
S007,SKU0325,279,269,86,1
S007,SKU0326,225,215,149,1
S007,SKU0327,266,239,148,7
S007,SKU0328,288,257,47,4
S007,SKU0329,179,159,114,6
S007,SKU0330,295,277,139,3
S007,SKU0331,160,141,82,4
S007,SKU0332,83,48,112,4
S007,SKU0333,143,117,65,5
S007,SKU0334,298,279,96,1
S007,SKU0335,251,223,56,7
S007,SKU0336,180,160,46,3
S007,SKU0337,134,109,30,2
S007,SKU0338,201,178,24,6
S007,SKU0339,61,28,130,1
S007,SKU0340,193,166,117,2
S007,SKU0341,96,68,32,6
S007,SKU0342,148,128,98,7
S007,SKU0343,204,172,129,2
S007,SKU0344,51,17,33,3
S007,SKU0345,99,65,141,6
S007,SKU0346,109,91,144,2
S007,SKU0347,190,168,147,1
S007,SKU0348,268,242,115,1
S007,SKU0349,136,126,49,6
S007,SKU0350,207,175,84,1
S007,SKU0351,114,83,93,3
S007,SKU0352,140,113,62,2
S007,SKU0353,259,231,58,5
S007,SKU0354,273,244,142,5
S007,SKU0355,110,94,116,2
S007,SKU0356,250,224,49,4
S007,SKU0357,179,147,101,7
S007,SKU0358,81,66,149,4
S007,SKU0359,156,129,74,3
S007,SKU0360,283,255,41,4
S007,SKU0361,188,153,49,1
S007,SKU0362,123,95,33,4
S007,SKU0363,112,99,97,7
S007,SKU0364,69,31,135,6
S007,SKU0365,291,261,89,3
S007,SKU0366,204,184,145,4
S007,SKU0367,72,58,114,3
S007,SKU0368,163,125,148,5
S007,SKU0369,253,237,34,7
S007,SKU0370,298,266,49,5
S007,SKU0371,232,195,81,5
S007,SKU0372,212,193,55,2
S007,SKU0373,283,244,145,3
S007,SKU0374,295,269,71,6
S007,SKU0375,98,69,41,7
S007,SKU0376,215,190,62,7
S007,SKU0377,90,77,108,2
S007,SKU0378,105,90,106,3
S007,SKU0379,283,245,85,7
S007,SKU0380,190,173,123,4
S007,SKU0381,253,229,50,2
S007,SKU0382,54,43,36,5
S007,SKU0383,205,186,59,4
S007,SKU0384,285,260,120,5
S007,SKU0385,183,149,96,1
S007,SKU0386,141,121,121,2
S007,SKU0387,211,187,79,6
S007,SKU0388,210,183,132,2
S007,SKU0389,141,123,137,7
S007,SKU0390,268,237,93,5
S007,SKU0391,270,249,119,5
S007,SKU0392,110,97,71,5
S007,SKU0393,224,190,33,7
S007,SKU0394,102,72,25,5
S007,SKU0395,77,45,41,3
S007,SKU0396,280,260,116,5
S007,SKU0397,72,55,60,7
S007,SKU0398,201,189,76,2
S007,SKU0399,108,94,127,3
S007,SKU0400,122,109,61,1
S007,SKU0401,152,122,54,7
S007,SKU0402,157,131,105,7
S007,SKU0403,88,70,64,3
S007,SKU0404,225,215,79,2
S007,SKU0405,164,134,70,7
S007,SKU0406,56,17,114,3
S007,SKU0407,291,260,24,2
S007,SKU0408,243,224,40,6
S007,SKU0409,65,38,147,4
S007,SKU0410,279,241,120,3
S007,SKU0411,152,137,60,1
S007,SKU0412,145,121,119,4
S007,SKU0413,187,160,60,3
S007,SKU0414,295,263,133,3
S007,SKU0415,177,167,87,7
S007,SKU0416,64,30,147,6
S007,SKU0417,57,46,132,2
S007,SKU0418,248,224,114,2
S007,SKU0419,299,282,104,4
S007,SKU0420,196,186,135,4
S007,SKU0421,114,82,103,4
S007,SKU0422,234,222,53,3
S007,SKU0423,119,108,92,3
S007,SKU0424,298,263,129,2
S007,SKU0425,138,112,64,5
S007,SKU0426,95,67,130,6
S007,SKU0427,80,66,135,5
S007,SKU0428,116,83,38,3
S007,SKU0429,122,87,119,4
S007,SKU0430,172,153,94,4
S007,SKU0431,126,100,51,6
S007,SKU0432,271,251,126,3
S007,SKU0433,69,44,27,1
S007,SKU0434,210,192,24,5
S007,SKU0435,224,190,132,4
S007,SKU0436,177,158,57,4
S007,SKU0437,299,278,56,2
S007,SKU0438,63,35,51,3
S007,SKU0439,57,23,142,3
S007,SKU0440,133,108,140,6
S007,SKU0441,118,85,82,3
S007,SKU0442,281,262,63,5
S007,SKU0443,71,49,91,5
S007,SKU0444,95,65,90,7
S007,SKU0445,296,257,104,6
S007,SKU0446,91,68,95,3
S007,SKU0447,162,148,52,3
S007,SKU0448,240,212,123,4
S007,SKU0449,206,190,131,6
S007,SKU0450,243,229,80,7
S007,SKU0451,183,161,122,7
S007,SKU0452,167,156,97,2
S007,SKU0453,83,70,98,1
S007,SKU0454,205,180,22,5
S007,SKU0455,66,47,121,4
S007,SKU0456,227,215,25,3
S007,SKU0457,91,74,100,3
S007,SKU0458,71,50,55,2
S007,SKU0459,99,60,143,3
S007,SKU0460,186,163,141,6
S007,SKU0461,118,106,113,7
S007,SKU0462,101,91,22,4
S007,SKU0463,156,141,85,6
S007,SKU0464,179,152,133,6
S007,SKU0465,196,161,22,4
S007,SKU0466,271,251,132,6
S007,SKU0467,257,223,100,5
S007,SKU0468,129,94,118,3
S007,SKU0469,252,214,88,7
S007,SKU0470,223,195,39,3
S007,SKU0471,172,157,37,4
S007,SKU0472,200,169,49,6
S007,SKU0473,263,237,108,6
S007,SKU0474,107,81,44,2
S007,SKU0475,226,196,128,6
S007,SKU0476,216,190,44,4
S007,SKU0477,178,141,40,3
S007,SKU0478,121,110,130,4
S007,SKU0479,230,211,100,3
S007,SKU0480,231,214,104,2
S007,SKU0481,130,105,125,7
S007,SKU0482,253,241,100,7
S007,SKU0483,98,85,96,2
S007,SKU0484,63,49,32,7
S007,SKU0485,106,85,104,2
S007,SKU0486,112,92,120,5
S007,SKU0487,77,39,93,5
S007,SKU0488,168,130,93,2
S007,SKU0489,202,164,101,3
S007,SKU0490,73,43,138,4
S007,SKU0491,289,262,67,1
S007,SKU0492,194,169,78,6
S007,SKU0493,90,75,144,1
S007,SKU0494,294,257,135,2
S007,SKU0495,286,267,98,4
S007,SKU0496,162,148,38,2
S007,SKU0497,170,152,128,6
S007,SKU0498,233,198,48,2
S007,SKU0499,218,179,135,2
S007,SKU0500,171,137,125,4
S008,SKU0001,102,76,50,6
S008,SKU0002,194,183,66,4
S008,SKU0003,216,178,53,2
S008,SKU0004,99,80,128,7
S008,SKU0005,283,271,38,6
S008,SKU0006,268,245,116,7
S008,SKU0007,60,23,123,2
S008,SKU0008,159,121,131,4
S008,SKU0009,192,170,134,7
S008,SKU0010,196,170,99,4
S008,SKU0011,228,194,135,2
S008,SKU0012,249,219,83,4
S008,SKU0013,98,69,146,3
S008,SKU0014,95,56,72,5
S008,SKU0015,252,224,75,1
S008,SKU0016,65,46,22,3
S008,SKU0017,136,110,56,4
S008,SKU0018,149,135,116,4
S008,SKU0019,276,260,129,5
S008,SKU0020,246,218,94,6
S008,SKU0021,168,138,39,3
S008,SKU0022,285,264,38,2
S008,SKU0023,177,146,48,3
S008,SKU0024,282,253,54,5
S008,SKU0025,156,127,135,2
S008,SKU0026,222,199,108,7
S008,SKU0027,122,86,62,1
S008,SKU0028,208,170,60,1
S008,SKU0029,168,152,30,3
S008,SKU0030,179,164,99,1
S008,SKU0031,170,151,86,2
S008,SKU0032,153,129,54,5
S008,SKU0033,160,132,82,7
S008,SKU0034,246,214,142,4
S008,SKU0035,109,95,75,5
S008,SKU0036,290,275,86,1
S008,SKU0037,253,237,116,6
S008,SKU0038,109,73,97,3
S008,SKU0039,126,90,21,7
S008,SKU0040,124,102,72,3
S008,SKU0041,78,44,77,5
S008,SKU0042,229,192,143,3
S008,SKU0043,75,44,59,6
S008,SKU0044,70,43,102,6
S008,SKU0045,107,90,38,7
S008,SKU0046,109,87,47,6
S008,SKU0047,256,227,140,3
S008,SKU0048,112,99,70,2
S008,SKU0049,184,168,92,1
S008,SKU0050,106,90,137,7
S008,SKU0051,216,185,120,5
S008,SKU0052,110,92,116,3
S008,SKU0053,273,235,74,6
S008,SKU0054,105,85,141,2
S008,SKU0055,177,161,141,2
S008,SKU0056,244,210,131,7
S008,SKU0057,89,68,24,6
S008,SKU0058,244,216,90,2
S008,SKU0059,239,202,132,6
S008,SKU0060,101,63,48,1
S008,SKU0061,106,95,60,3
S008,SKU0062,299,276,145,5
S008,SKU0063,191,167,141,6
S008,SKU0064,274,235,105,1
S008,SKU0065,116,102,43,7
S008,SKU0066,144,133,46,4
S008,SKU0067,297,262,83,4
S008,SKU0068,58,48,141,7
S008,SKU0069,274,258,91,5
S008,SKU0070,291,275,82,1
S008,SKU0071,54,24,102,5
S008,SKU0072,150,129,97,6
S008,SKU0073,271,237,72,1
S008,SKU0074,95,67,63,4
S008,SKU0075,79,50,117,2
S008,SKU0076,62,49,57,6
S008,SKU0077,288,278,92,3
S008,SKU0078,262,234,101,1
S008,SKU0079,96,75,84,5
S008,SKU0080,163,135,64,4
S008,SKU0081,102,67,87,5
S008,SKU0082,165,147,144,7
S008,SKU0083,65,29,107,3
S008,SKU0084,265,255,118,4
S008,SKU0085,282,252,69,1
S008,SKU0086,91,58,75,1
S008,SKU0087,130,117,106,4
S008,SKU0088,242,210,138,6
S008,SKU0089,184,149,93,6
S008,SKU0090,73,39,94,6
S008,SKU0091,221,186,149,7
S008,SKU0092,267,232,104,6
S008,SKU0093,237,225,135,1
S008,SKU0094,260,250,64,7
S008,SKU0095,122,89,115,2
S008,SKU0096,183,149,69,1
S008,SKU0097,260,246,59,7
S008,SKU0098,56,25,73,6
S008,SKU0099,220,190,97,2
S008,SKU0100,126,94,76,4
S008,SKU0101,246,211,79,1
S008,SKU0102,290,274,44,1
S008,SKU0103,299,262,64,1
S008,SKU0104,125,94,115,5
S008,SKU0105,120,106,106,7
S008,SKU0106,102,72,84,6
S008,SKU0107,95,83,63,6
S008,SKU0108,241,222,146,5
S008,SKU0109,144,133,107,5
S008,SKU0110,258,235,102,6
S008,SKU0111,215,197,80,7
S008,SKU0112,69,58,98,4
S008,SKU0113,289,278,108,3
S008,SKU0114,269,254,148,7
S008,SKU0115,90,80,123,6
S008,SKU0116,80,50,109,6
S008,SKU0117,65,26,122,6
S008,SKU0118,65,33,30,1
S008,SKU0119,269,245,140,1
S008,SKU0120,62,36,133,7
S008,SKU0121,94,70,40,5
S008,SKU0122,230,204,125,3
S008,SKU0123,125,86,38,6
S008,SKU0124,137,105,127,2
S008,SKU0125,263,232,30,2
S008,SKU0126,128,99,35,2
S008,SKU0127,172,158,84,5
S008,SKU0128,65,52,113,2
S008,SKU0129,208,190,136,2
S008,SKU0130,80,65,63,6
S008,SKU0131,235,204,112,5
S008,SKU0132,162,134,76,2
S008,SKU0133,288,274,58,3
S008,SKU0134,289,258,62,7
S008,SKU0135,90,76,142,1
S008,SKU0136,266,247,25,3
S008,SKU0137,146,112,79,4
S008,SKU0138,119,109,115,3
S008,SKU0139,227,215,101,5
S008,SKU0140,55,41,90,5
S008,SKU0141,163,126,59,1
S008,SKU0142,207,170,88,5
S008,SKU0143,140,129,77,2
S008,SKU0144,144,114,88,6
S008,SKU0145,196,185,42,3
S008,SKU0146,50,37,47,7
S008,SKU0147,211,189,105,4
S008,SKU0148,275,241,129,2
S008,SKU0149,273,248,68,7
S008,SKU0150,211,175,91,1
S008,SKU0151,263,252,149,1
S008,SKU0152,253,237,101,4
S008,SKU0153,240,208,54,2
S008,SKU0154,133,114,77,2
S008,SKU0155,195,176,143,6
S008,SKU0156,144,106,89,3
S008,SKU0157,152,140,116,6
S008,SKU0158,86,73,85,1
S008,SKU0159,160,147,99,7
S008,SKU0160,138,109,103,4
S008,SKU0161,264,254,135,3
S008,SKU0162,110,95,128,2
S008,SKU0163,276,252,144,6
S008,SKU0164,81,55,89,5
S008,SKU0165,177,138,138,4
S008,SKU0166,288,268,26,6
S008,SKU0167,205,166,85,3
S008,SKU0168,271,255,38,5
S008,SKU0169,281,270,76,2
S008,SKU0170,229,213,68,5
S008,SKU0171,218,200,65,2
S008,SKU0172,110,71,131,6
S008,SKU0173,79,67,128,4
S008,SKU0174,286,266,140,3
S008,SKU0175,213,182,122,2
S008,SKU0176,235,203,132,6
S008,SKU0177,71,43,92,4
S008,SKU0178,116,104,59,3
S008,SKU0179,296,281,102,5
S008,SKU0180,256,240,96,2
S008,SKU0181,261,223,144,3
S008,SKU0182,151,112,118,1
S008,SKU0183,71,59,109,4
S008,SKU0184,136,113,144,3
S008,SKU0185,255,225,96,7
S008,SKU0186,85,71,111,4
S008,SKU0187,122,112,37,4
S008,SKU0188,192,161,65,6
S008,SKU0189,224,204,34,5
S008,SKU0190,156,135,75,2
S008,SKU0191,118,94,141,7
S008,SKU0192,192,174,20,1
S008,SKU0193,84,65,54,3
S008,SKU0194,219,199,116,2
S008,SKU0195,66,36,116,7
S008,SKU0196,103,88,131,4
S008,SKU0197,267,243,102,5
S008,SKU0198,79,48,149,3
S008,SKU0199,154,121,123,6
S008,SKU0200,263,229,146,1
S008,SKU0201,268,249,67,1
S008,SKU0202,229,200,86,3
S008,SKU0203,216,203,52,7
S008,SKU0204,70,47,137,3
S008,SKU0205,133,122,29,5
S008,SKU0206,168,140,37,6
S008,SKU0207,57,45,108,3
S008,SKU0208,153,137,99,2
S008,SKU0209,156,119,109,3
S008,SKU0210,77,50,112,7
S008,SKU0211,240,220,99,7
S008,SKU0212,231,201,51,3
S008,SKU0213,290,280,132,3
S008,SKU0214,90,77,81,1
S008,SKU0215,121,102,125,4
S008,SKU0216,214,178,121,3
S008,SKU0217,150,139,121,3
S008,SKU0218,131,110,87,6
S008,SKU0219,239,204,127,4
S008,SKU0220,224,191,60,5
S008,SKU0221,167,157,136,3
S008,SKU0222,105,71,103,1
S008,SKU0223,236,215,68,6
S008,SKU0224,251,238,129,1
S008,SKU0225,277,258,138,7
S008,SKU0226,197,186,133,6
S008,SKU0227,119,105,120,7
S008,SKU0228,178,141,30,6
S008,SKU0229,76,40,88,6
S008,SKU0230,138,123,33,7
S008,SKU0231,78,53,147,3
S008,SKU0232,169,137,106,2
S008,SKU0233,299,264,63,4
S008,SKU0234,254,233,49,4
S008,SKU0235,93,62,78,7
S008,SKU0236,220,189,76,1
S008,SKU0237,201,178,39,6
S008,SKU0238,107,70,86,3
S008,SKU0239,299,289,49,2
S008,SKU0240,97,78,81,4
S008,SKU0241,140,105,52,1
S008,SKU0242,99,69,76,4
S008,SKU0243,298,283,41,4
S008,SKU0244,291,258,100,5
S008,SKU0245,232,216,76,7
S008,SKU0246,214,201,64,3
S008,SKU0247,52,26,123,1
S008,SKU0248,171,134,28,4
S008,SKU0249,145,126,50,2
S008,SKU0250,178,163,122,4
S008,SKU0251,55,24,40,6
S008,SKU0252,52,18,148,7
S008,SKU0253,84,53,126,2
S008,SKU0254,234,221,124,5
S008,SKU0255,187,155,144,4
S008,SKU0256,72,43,123,2
S008,SKU0257,55,45,118,5
S008,SKU0258,295,277,91,5
S008,SKU0259,191,158,100,5
S008,SKU0260,274,236,33,6
S008,SKU0261,247,222,134,5
S008,SKU0262,56,43,30,7
S008,SKU0263,85,74,143,2
S008,SKU0264,187,155,52,3
S008,SKU0265,74,47,79,4
S008,SKU0266,143,115,55,1
S008,SKU0267,158,125,107,7
S008,SKU0268,191,167,127,1
S008,SKU0269,236,209,26,1
S008,SKU0270,293,283,90,4
S008,SKU0271,69,46,96,5
S008,SKU0272,95,82,144,7
S008,SKU0273,119,84,33,3
S008,SKU0274,121,98,40,4
S008,SKU0275,260,232,53,7
S008,SKU0276,102,82,25,6
S008,SKU0277,82,53,34,3
S008,SKU0278,174,146,133,6
S008,SKU0279,176,159,47,4
S008,SKU0280,86,60,127,5
S008,SKU0281,157,120,95,2
S008,SKU0282,74,54,92,4
S008,SKU0283,175,141,85,3
S008,SKU0284,260,233,67,4
S008,SKU0285,233,206,86,4
S008,SKU0286,154,116,106,2
S008,SKU0287,73,46,109,4
S008,SKU0288,220,183,38,4
S008,SKU0289,246,219,34,2
S008,SKU0290,166,155,51,2
S008,SKU0291,179,142,133,7
S008,SKU0292,164,146,84,2
S008,SKU0293,136,103,63,4
S008,SKU0294,112,77,116,6
S008,SKU0295,237,209,70,6
S008,SKU0296,85,52,41,4
S008,SKU0297,239,204,33,3
S008,SKU0298,231,219,47,3
S008,SKU0299,186,172,72,5
S008,SKU0300,172,135,79,3
S008,SKU0301,139,120,78,7
S008,SKU0302,131,95,77,3
S008,SKU0303,94,83,38,5
S008,SKU0304,140,127,106,1
S008,SKU0305,198,169,67,7
S008,SKU0306,118,83,57,7
S008,SKU0307,268,247,91,5
S008,SKU0308,252,231,93,2
S008,SKU0309,195,173,131,2
S008,SKU0310,84,68,119,5
S008,SKU0311,261,232,32,1
S008,SKU0312,154,119,141,7
S008,SKU0313,191,156,118,4
S008,SKU0314,101,66,95,5
S008,SKU0315,196,165,125,6
S008,SKU0316,226,212,30,2
S008,SKU0317,192,157,29,2
S008,SKU0318,228,194,132,6
S008,SKU0319,74,48,95,2
S008,SKU0320,149,132,55,5
S008,SKU0321,181,165,20,2
S008,SKU0322,294,264,102,1
S008,SKU0323,114,99,68,1
S008,SKU0324,262,242,45,7
S008,SKU0325,174,137,20,1
S008,SKU0326,70,40,100,7
S008,SKU0327,190,156,124,1
S008,SKU0328,264,253,104,2
S008,SKU0329,212,187,56,3
S008,SKU0330,219,198,110,3
S008,SKU0331,218,199,146,7
S008,SKU0332,267,249,123,4
S008,SKU0333,276,237,61,1
S008,SKU0334,249,217,122,6
S008,SKU0335,162,152,100,6
S008,SKU0336,169,144,134,7
S008,SKU0337,123,88,122,2
S008,SKU0338,166,133,94,6
S008,SKU0339,89,62,145,3
S008,SKU0340,263,228,43,3
S008,SKU0341,202,187,74,3
S008,SKU0342,168,155,41,6
S008,SKU0343,259,237,23,7
S008,SKU0344,85,60,52,3
S008,SKU0345,197,166,130,6
S008,SKU0346,266,235,69,4
S008,SKU0347,54,40,41,5
S008,SKU0348,267,228,86,5
S008,SKU0349,153,120,45,4
S008,SKU0350,232,205,102,3
S008,SKU0351,190,175,53,1
S008,SKU0352,205,190,126,2
S008,SKU0353,156,124,115,7
S008,SKU0354,255,216,107,2
S008,SKU0355,122,87,142,4
S008,SKU0356,71,43,91,1
S008,SKU0357,274,240,146,7
S008,SKU0358,64,26,51,4
S008,SKU0359,175,160,147,6
S008,SKU0360,119,83,49,2
S008,SKU0361,107,73,113,6
S008,SKU0362,261,241,99,3
S008,SKU0363,176,165,26,7
S008,SKU0364,119,85,67,3
S008,SKU0365,117,102,128,1
S008,SKU0366,85,56,137,1
S008,SKU0367,290,258,75,2
S008,SKU0368,60,42,63,7
S008,SKU0369,190,178,112,7
S008,SKU0370,204,170,35,2
S008,SKU0371,80,63,33,4
S008,SKU0372,138,109,113,2
S008,SKU0373,214,202,115,6
S008,SKU0374,120,98,56,6
S008,SKU0375,83,73,60,5
S008,SKU0376,294,274,121,6
S008,SKU0377,65,37,31,6
S008,SKU0378,170,147,30,1
S008,SKU0379,262,228,42,1
S008,SKU0380,59,42,118,3
S008,SKU0381,181,151,104,6
S008,SKU0382,69,35,45,6
S008,SKU0383,217,178,38,4
S008,SKU0384,71,52,73,7
S008,SKU0385,135,99,71,6
S008,SKU0386,81,46,67,3
S008,SKU0387,116,97,84,6
S008,SKU0388,231,204,122,4
S008,SKU0389,255,233,105,1
S008,SKU0390,109,76,102,5
S008,SKU0391,289,261,93,7
S008,SKU0392,65,51,21,2
S008,SKU0393,138,124,58,1
S008,SKU0394,176,138,45,4
S008,SKU0395,67,46,50,7
S008,SKU0396,278,254,141,3
S008,SKU0397,169,138,81,1
S008,SKU0398,236,205,122,6
S008,SKU0399,95,82,29,2
S008,SKU0400,172,138,140,6
S008,SKU0401,209,199,140,4
S008,SKU0402,115,93,54,7
S008,SKU0403,125,109,52,6
S008,SKU0404,210,200,85,2
S008,SKU0405,77,39,98,2
S008,SKU0406,95,58,143,5
S008,SKU0407,147,137,145,7
S008,SKU0408,176,160,76,7
S008,SKU0409,225,202,81,6
S008,SKU0410,282,249,85,2
S008,SKU0411,98,80,90,6
S008,SKU0412,94,75,116,5
S008,SKU0413,275,256,96,1
S008,SKU0414,281,267,46,4
S008,SKU0415,212,185,127,2
S008,SKU0416,57,40,21,4
S008,SKU0417,134,118,48,3
S008,SKU0418,297,276,52,6
S008,SKU0419,294,273,20,6
S008,SKU0420,132,101,135,7
S008,SKU0421,235,209,54,4
S008,SKU0422,156,144,149,4
S008,SKU0423,261,241,66,1
S008,SKU0424,51,35,107,4
S008,SKU0425,84,73,65,3
S008,SKU0426,293,280,36,5
S008,SKU0427,154,144,87,2
S008,SKU0428,245,210,32,2
S008,SKU0429,53,42,130,7
S008,SKU0430,119,91,23,4
S008,SKU0431,63,43,118,2
S008,SKU0432,131,120,43,5
S008,SKU0433,78,58,126,5
S008,SKU0434,229,211,128,3
S008,SKU0435,194,168,25,1
S008,SKU0436,88,50,80,2
S008,SKU0437,54,33,148,5
S008,SKU0438,173,155,148,5
S008,SKU0439,118,89,38,5
S008,SKU0440,114,92,69,5
S008,SKU0441,171,142,70,5
S008,SKU0442,84,52,34,5
S008,SKU0443,261,232,122,2
S008,SKU0444,146,135,128,5
S008,SKU0445,269,245,114,4
S008,SKU0446,166,132,46,2
S008,SKU0447,149,121,61,3
S008,SKU0448,78,45,55,3
S008,SKU0449,184,165,79,4
S008,SKU0450,275,242,34,6
S008,SKU0451,216,195,97,2
S008,SKU0452,107,81,36,2
S008,SKU0453,75,65,105,7
S008,SKU0454,246,212,57,3
S008,SKU0455,64,47,41,3
S008,SKU0456,282,264,120,7
S008,SKU0457,260,229,71,3
S008,SKU0458,200,174,76,5
S008,SKU0459,135,99,57,7
S008,SKU0460,82,72,53,5
S008,SKU0461,154,124,42,2
S008,SKU0462,86,75,100,5
S008,SKU0463,225,209,141,6
S008,SKU0464,185,170,104,1
S008,SKU0465,201,189,86,7
S008,SKU0466,69,37,114,1
S008,SKU0467,239,226,56,4
S008,SKU0468,247,236,66,6
S008,SKU0469,168,153,111,2
S008,SKU0470,164,143,50,6
S008,SKU0471,169,155,145,2
S008,SKU0472,255,235,66,5
S008,SKU0473,208,191,130,4
S008,SKU0474,157,122,37,1
S008,SKU0475,234,209,119,2
S008,SKU0476,184,163,63,7
S008,SKU0477,219,208,43,5
S008,SKU0478,200,182,147,3
S008,SKU0479,179,156,109,5
S008,SKU0480,279,267,60,4
S008,SKU0481,234,205,122,3
S008,SKU0482,253,236,144,7
S008,SKU0483,206,178,27,6
S008,SKU0484,224,193,50,3
S008,SKU0485,273,260,104,5
S008,SKU0486,123,113,24,7
S008,SKU0487,166,144,50,7
S008,SKU0488,72,43,73,5
S008,SKU0489,127,117,146,5
S008,SKU0490,70,47,82,3
S008,SKU0491,91,72,57,3
S008,SKU0492,214,179,100,4
S008,SKU0493,167,139,129,5
S008,SKU0494,189,161,95,6
S008,SKU0495,258,223,135,1
S008,SKU0496,188,173,107,2
S008,SKU0497,57,45,119,7
S008,SKU0498,292,262,30,2
S008,SKU0499,165,132,74,2
S008,SKU0500,232,196,28,2
S009,SKU0001,150,125,77,3
S009,SKU0002,162,129,55,1
S009,SKU0003,121,98,116,5
S009,SKU0004,271,259,83,6
S009,SKU0005,95,82,148,6
S009,SKU0006,229,217,41,1
S009,SKU0007,142,109,137,3
S009,SKU0008,146,131,55,1
S009,SKU0009,87,58,132,3
S009,SKU0010,139,119,118,1
S009,SKU0011,268,258,126,6
S009,SKU0012,236,202,138,1
S009,SKU0013,62,52,42,1
S009,SKU0014,149,137,136,7
S009,SKU0015,269,254,88,1
S009,SKU0016,138,128,108,3
S009,SKU0017,77,49,120,4
S009,SKU0018,224,204,135,6
S009,SKU0019,131,108,89,7
S009,SKU0020,240,218,51,3
S009,SKU0021,185,171,110,4
S009,SKU0022,203,183,89,1
S009,SKU0023,90,57,54,5
S009,SKU0024,110,88,63,6
S009,SKU0025,123,100,109,6
S009,SKU0026,258,238,121,4
S009,SKU0027,283,261,131,2
S009,SKU0028,90,69,140,7
S009,SKU0029,291,270,139,6
S009,SKU0030,93,81,103,2
S009,SKU0031,156,137,60,2
S009,SKU0032,81,58,35,2
S009,SKU0033,105,83,65,4
S009,SKU0034,266,238,83,7
S009,SKU0035,259,232,71,4
S009,SKU0036,224,207,46,5
S009,SKU0037,175,165,124,4
S009,SKU0038,130,116,71,2
S009,SKU0039,215,183,93,4
S009,SKU0040,186,151,49,1
S009,SKU0041,143,127,60,1
S009,SKU0042,101,70,22,1
S009,SKU0043,104,78,34,5
S009,SKU0044,73,44,50,5
S009,SKU0045,126,112,108,5
S009,SKU0046,123,104,62,6
S009,SKU0047,123,93,75,6
S009,SKU0048,191,169,99,2
S009,SKU0049,213,191,31,7
S009,SKU0050,226,191,125,4
S009,SKU0051,100,81,122,7
S009,SKU0052,268,248,47,1
S009,SKU0053,287,269,106,6
S009,SKU0054,297,270,113,3
S009,SKU0055,106,71,44,4
S009,SKU0056,92,65,39,5
S009,SKU0057,244,223,66,2
S009,SKU0058,268,244,22,3
S009,SKU0059,110,85,148,3
S009,SKU0060,229,191,39,5
S009,SKU0061,294,282,125,5
S009,SKU0062,180,161,144,3
S009,SKU0063,78,60,65,7
S009,SKU0064,293,281,129,2
S009,SKU0065,228,200,32,5
S009,SKU0066,89,50,96,2
S009,SKU0067,233,222,39,1
S009,SKU0068,149,120,148,6
S009,SKU0069,243,212,49,4
S009,SKU0070,229,197,87,5
S009,SKU0071,151,119,77,3
S009,SKU0072,131,112,21,6
S009,SKU0073,187,162,144,5
S009,SKU0074,253,241,102,2
S009,SKU0075,115,94,26,2
S009,SKU0076,224,190,67,7
S009,SKU0077,146,109,84,5
S009,SKU0078,69,35,69,1
S009,SKU0079,138,101,147,4
S009,SKU0080,259,243,44,7
S009,SKU0081,250,237,35,2
S009,SKU0082,182,148,41,7
S009,SKU0083,282,264,60,5
S009,SKU0084,181,153,111,6
S009,SKU0085,242,218,90,5
S009,SKU0086,237,203,132,2
S009,SKU0087,219,194,28,1
S009,SKU0088,253,225,57,4
S009,SKU0089,174,142,128,1
S009,SKU0090,277,248,78,6
S009,SKU0091,93,71,145,2
S009,SKU0092,232,205,131,7
S009,SKU0093,233,202,77,2
S009,SKU0094,196,180,101,6
S009,SKU0095,223,202,131,4
S009,SKU0096,258,238,134,6
S009,SKU0097,171,159,94,3
S009,SKU0098,88,52,82,2
S009,SKU0099,194,174,101,5
S009,SKU0100,216,182,77,4
S009,SKU0101,291,274,89,6
S009,SKU0102,60,31,52,4
S009,SKU0103,287,267,77,7
S009,SKU0104,225,214,42,7
S009,SKU0105,231,214,86,4
S009,SKU0106,113,94,49,6
S009,SKU0107,97,72,145,5
S009,SKU0108,285,263,140,2
S009,SKU0109,82,58,84,1
S009,SKU0110,225,210,67,6
S009,SKU0111,177,164,60,6
S009,SKU0112,248,209,33,7
S009,SKU0113,164,130,148,6
S009,SKU0114,182,162,93,6
S009,SKU0115,198,162,104,1
S009,SKU0116,216,205,28,6
S009,SKU0117,159,146,108,3
S009,SKU0118,268,255,80,6
S009,SKU0119,97,87,54,1
S009,SKU0120,129,101,120,6
S009,SKU0121,142,103,111,7
S009,SKU0122,223,186,64,5
S009,SKU0123,264,242,59,3
S009,SKU0124,142,131,66,4
S009,SKU0125,235,224,105,6
S009,SKU0126,73,54,144,4
S009,SKU0127,187,174,43,7
S009,SKU0128,88,66,89,6
S009,SKU0129,224,210,147,6
S009,SKU0130,244,213,82,1
S009,SKU0131,78,54,107,2
S009,SKU0132,144,134,98,1
S009,SKU0133,164,136,96,6
S009,SKU0134,191,175,43,1
S009,SKU0135,164,125,103,6
S009,SKU0136,90,53,64,5
S009,SKU0137,283,249,35,2
S009,SKU0138,285,251,102,6
S009,SKU0139,160,150,81,6
S009,SKU0140,123,89,38,1
S009,SKU0141,191,176,98,1
S009,SKU0142,165,131,71,6
S009,SKU0143,288,266,143,1
S009,SKU0144,149,129,104,5
S009,SKU0145,137,98,78,6
S009,SKU0146,124,97,111,6
S009,SKU0147,93,67,47,1
S009,SKU0148,265,239,116,3
S009,SKU0149,72,41,26,1
S009,SKU0150,250,224,52,5
S009,SKU0151,127,92,38,1
S009,SKU0152,61,33,144,3
S009,SKU0153,268,245,68,4
S009,SKU0154,70,31,79,7
S009,SKU0155,120,105,84,4
S009,SKU0156,157,133,71,4
S009,SKU0157,149,120,114,2
S009,SKU0158,227,211,110,3
S009,SKU0159,177,150,121,4
S009,SKU0160,122,104,43,6
S009,SKU0161,218,197,37,6
S009,SKU0162,288,270,129,5
S009,SKU0163,78,54,114,5
S009,SKU0164,145,131,56,7
S009,SKU0165,160,141,77,5
S009,SKU0166,262,230,103,3
S009,SKU0167,265,227,92,1
S009,SKU0168,186,159,125,4
S009,SKU0169,286,262,105,4
S009,SKU0170,294,266,112,6
S009,SKU0171,143,112,83,7
S009,SKU0172,209,179,72,1
S009,SKU0173,55,34,117,2
S009,SKU0174,215,187,135,1
S009,SKU0175,225,206,38,6
S009,SKU0176,132,99,83,6
S009,SKU0177,94,78,29,5
S009,SKU0178,264,233,73,5
S009,SKU0179,68,37,23,2
S009,SKU0180,269,237,66,5
S009,SKU0181,284,258,80,4
S009,SKU0182,280,251,20,6
S009,SKU0183,173,155,139,4
S009,SKU0184,58,39,65,5
S009,SKU0185,179,162,35,2
S009,SKU0186,272,242,118,1
S009,SKU0187,231,203,123,4
S009,SKU0188,88,63,108,5
S009,SKU0189,172,136,24,2
S009,SKU0190,51,28,133,6
S009,SKU0191,61,35,121,5
S009,SKU0192,96,85,43,6
S009,SKU0193,56,24,104,7
S009,SKU0194,181,156,106,7
S009,SKU0195,199,176,68,3
S009,SKU0196,214,182,149,1
S009,SKU0197,208,187,93,3
S009,SKU0198,286,275,105,3
S009,SKU0199,291,260,123,1
S009,SKU0200,86,62,20,4
S009,SKU0201,104,67,138,5
S009,SKU0202,251,229,74,3
S009,SKU0203,239,209,148,1
S009,SKU0204,175,138,106,3
S009,SKU0205,150,131,80,6
S009,SKU0206,204,181,140,5
S009,SKU0207,268,254,98,3
S009,SKU0208,61,38,96,6
S009,SKU0209,102,80,49,4
S009,SKU0210,245,228,66,3
S009,SKU0211,231,218,39,2
S009,SKU0212,156,136,118,2
S009,SKU0213,126,112,25,3
S009,SKU0214,120,98,138,6
S009,SKU0215,69,36,34,5
S009,SKU0216,254,243,36,4
S009,SKU0217,153,143,54,5
S009,SKU0218,138,107,94,7
S009,SKU0219,136,109,73,5
S009,SKU0220,222,206,29,5
S009,SKU0221,174,139,97,1
S009,SKU0222,184,150,81,4
S009,SKU0223,144,128,38,5
S009,SKU0224,295,262,73,1
S009,SKU0225,248,218,38,5
S009,SKU0226,201,173,39,2
S009,SKU0227,158,122,36,2
S009,SKU0228,69,39,55,4
S009,SKU0229,260,227,112,1
S009,SKU0230,83,59,51,2
S009,SKU0231,83,62,93,5
S009,SKU0232,202,169,148,6
S009,SKU0233,212,196,81,6
S009,SKU0234,194,183,23,1
S009,SKU0235,148,129,63,7
S009,SKU0236,274,239,54,1
S009,SKU0237,211,196,118,1
S009,SKU0238,274,250,38,3
S009,SKU0239,60,40,137,1
S009,SKU0240,244,233,60,1
S009,SKU0241,163,130,78,3
S009,SKU0242,288,253,33,2
S009,SKU0243,166,148,34,4
S009,SKU0244,297,279,135,3
S009,SKU0245,224,208,142,3
S009,SKU0246,250,221,144,3
S009,SKU0247,237,214,104,3
S009,SKU0248,54,43,82,7
S009,SKU0249,164,145,29,4
S009,SKU0250,99,86,37,7
S009,SKU0251,80,67,88,6
S009,SKU0252,191,156,96,2
S009,SKU0253,170,140,99,2
S009,SKU0254,232,207,118,5
S009,SKU0255,136,123,106,5
S009,SKU0256,216,204,102,7
S009,SKU0257,225,203,51,2
S009,SKU0258,182,166,78,6
S009,SKU0259,279,251,44,3
S009,SKU0260,297,273,147,7
S009,SKU0261,202,177,66,1
S009,SKU0262,161,146,34,3
S009,SKU0263,53,30,124,1
S009,SKU0264,195,160,116,1
S009,SKU0265,140,119,21,5
S009,SKU0266,69,57,47,2
S009,SKU0267,221,182,27,5
S009,SKU0268,66,41,65,2
S009,SKU0269,174,135,50,6
S009,SKU0270,278,239,79,1
S009,SKU0271,180,167,103,6
S009,SKU0272,164,140,55,3
S009,SKU0273,160,128,127,7
S009,SKU0274,216,203,33,4
S009,SKU0275,127,100,49,7
S009,SKU0276,290,259,102,1
S009,SKU0277,182,150,131,6
S009,SKU0278,276,244,85,2
S009,SKU0279,96,79,84,5
S009,SKU0280,115,98,33,7
S009,SKU0281,202,186,111,5
S009,SKU0282,109,89,40,3
S009,SKU0283,220,181,82,5
S009,SKU0284,57,42,79,7
S009,SKU0285,256,239,142,1
S009,SKU0286,237,199,122,6
S009,SKU0287,289,260,142,4
S009,SKU0288,232,198,103,3
S009,SKU0289,153,120,84,2
S009,SKU0290,297,284,55,3
S009,SKU0291,265,236,101,3
S009,SKU0292,193,171,73,2
S009,SKU0293,97,73,101,1
S009,SKU0294,242,215,27,1
S009,SKU0295,102,84,38,3
S009,SKU0296,253,235,113,4
S009,SKU0297,285,248,65,2
S009,SKU0298,220,188,139,5
S009,SKU0299,249,238,92,5
S009,SKU0300,275,261,111,5
S009,SKU0301,84,74,75,6
S009,SKU0302,57,46,68,1
S009,SKU0303,150,111,149,7
S009,SKU0304,74,36,138,6
S009,SKU0305,134,124,92,3
S009,SKU0306,154,123,115,2
S009,SKU0307,213,188,38,5
S009,SKU0308,284,246,49,4
S009,SKU0309,240,224,60,7
S009,SKU0310,128,91,56,7
S009,SKU0311,242,210,76,1
S009,SKU0312,205,193,71,5
S009,SKU0313,202,168,135,1
S009,SKU0314,164,138,50,2
S009,SKU0315,243,206,135,1
S009,SKU0316,249,232,87,3
S009,SKU0317,207,172,129,7
S009,SKU0318,267,257,33,2
S009,SKU0319,162,144,145,5
S009,SKU0320,254,216,83,2
S009,SKU0321,88,77,63,2
S009,SKU0322,74,42,27,5
S009,SKU0323,160,148,57,7
S009,SKU0324,191,161,102,6
S009,SKU0325,83,71,77,2
S009,SKU0326,127,112,130,2
S009,SKU0327,111,75,58,4
S009,SKU0328,55,36,109,4
S009,SKU0329,295,265,148,5
S009,SKU0330,284,261,78,3
S009,SKU0331,191,164,58,6
S009,SKU0332,61,31,52,2
S009,SKU0333,56,46,33,6
S009,SKU0334,247,225,82,3
S009,SKU0335,235,196,102,1
S009,SKU0336,105,82,92,5
S009,SKU0337,194,166,87,5
S009,SKU0338,92,54,102,6
S009,SKU0339,228,202,80,2
S009,SKU0340,85,47,137,1
S009,SKU0341,238,212,99,3
S009,SKU0342,106,80,141,7
S009,SKU0343,285,266,52,5
S009,SKU0344,264,246,139,4
S009,SKU0345,183,144,47,4
S009,SKU0346,101,73,59,7
S009,SKU0347,156,128,94,5
S009,SKU0348,291,276,121,4
S009,SKU0349,80,52,66,6
S009,SKU0350,98,63,24,1
S009,SKU0351,252,219,76,6
S009,SKU0352,182,158,59,3
S009,SKU0353,55,28,55,5
S009,SKU0354,71,36,48,7
S009,SKU0355,156,118,63,1
S009,SKU0356,170,150,117,7
S009,SKU0357,246,218,21,4
S009,SKU0358,64,39,35,7
S009,SKU0359,228,210,137,3
S009,SKU0360,290,262,44,2
S009,SKU0361,253,222,122,7
S009,SKU0362,57,18,46,6
S009,SKU0363,57,32,104,2
S009,SKU0364,282,272,21,3
S009,SKU0365,257,234,57,6
S009,SKU0366,125,114,146,6
S009,SKU0367,257,240,47,3
S009,SKU0368,272,250,89,4
S009,SKU0369,189,177,20,2
S009,SKU0370,122,98,25,2
S009,SKU0371,71,35,55,4
S009,SKU0372,188,166,45,4
S009,SKU0373,163,145,24,4
S009,SKU0374,251,218,59,7
S009,SKU0375,150,129,38,7
S009,SKU0376,186,159,65,5
S009,SKU0377,61,47,59,3
S009,SKU0378,251,217,55,4
S009,SKU0379,129,113,139,4
S009,SKU0380,76,39,103,7
S009,SKU0381,274,258,138,3
S009,SKU0382,262,245,96,3
S009,SKU0383,218,208,54,7
S009,SKU0384,269,241,125,2
S009,SKU0385,288,262,86,2
S009,SKU0386,128,108,73,1
S009,SKU0387,148,134,114,4
S009,SKU0388,176,147,41,7
S009,SKU0389,152,121,24,4
S009,SKU0390,157,125,81,7
S009,SKU0391,141,117,121,2
S009,SKU0392,88,60,80,2
S009,SKU0393,90,80,87,3
S009,SKU0394,64,48,40,6
S009,SKU0395,99,81,134,4
S009,SKU0396,184,154,99,6
S009,SKU0397,231,197,44,3
S009,SKU0398,117,91,54,1
S009,SKU0399,258,234,123,7
S009,SKU0400,97,59,62,7
S009,SKU0401,72,61,143,3
S009,SKU0402,67,50,23,6
S009,SKU0403,89,66,119,7
S009,SKU0404,153,123,118,4
S009,SKU0405,237,201,140,7
S009,SKU0406,88,59,100,6
S009,SKU0407,259,234,48,1
S009,SKU0408,264,243,35,3
S009,SKU0409,182,170,75,3
S009,SKU0410,94,67,108,6
S009,SKU0411,223,208,64,7
S009,SKU0412,117,99,36,3
S009,SKU0413,201,163,79,1
S009,SKU0414,170,146,20,5
S009,SKU0415,132,95,122,2
S009,SKU0416,181,145,90,7
S009,SKU0417,203,190,77,7
S009,SKU0418,59,21,136,6
S009,SKU0419,94,83,75,6
S009,SKU0420,156,146,121,6
S009,SKU0421,193,176,146,5
S009,SKU0422,84,50,26,3
S009,SKU0423,146,124,35,5
S009,SKU0424,235,199,40,5
S009,SKU0425,165,131,145,4
S009,SKU0426,291,263,46,3
S009,SKU0427,262,238,31,5
S009,SKU0428,278,259,40,4
S009,SKU0429,79,56,32,3
S009,SKU0430,176,166,31,6
S009,SKU0431,101,91,146,3
S009,SKU0432,257,223,51,1
S009,SKU0433,101,91,128,6
S009,SKU0434,198,177,34,6
S009,SKU0435,200,190,50,6
S009,SKU0436,186,159,116,2
S009,SKU0437,232,220,125,6
S009,SKU0438,205,177,125,5
S009,SKU0439,59,43,102,2
S009,SKU0440,168,157,113,1
S009,SKU0441,265,246,55,3
S009,SKU0442,175,144,72,2
S009,SKU0443,229,193,144,3
S009,SKU0444,248,228,139,5
S009,SKU0445,227,192,20,2
S009,SKU0446,294,276,102,1
S009,SKU0447,246,236,40,4
S009,SKU0448,251,216,141,2
S009,SKU0449,258,234,113,4
S009,SKU0450,87,64,62,3
S009,SKU0451,244,230,48,1
S009,SKU0452,193,166,117,7
S009,SKU0453,137,109,123,6
S009,SKU0454,285,256,73,5
S009,SKU0455,88,68,53,6
S009,SKU0456,171,140,85,2
S009,SKU0457,184,158,36,3
S009,SKU0458,240,227,80,6
S009,SKU0459,200,178,117,3
S009,SKU0460,189,178,75,3
S009,SKU0461,143,121,43,3
S009,SKU0462,84,67,134,6
S009,SKU0463,89,76,89,2
S009,SKU0464,122,112,91,7
S009,SKU0465,98,70,48,4
S009,SKU0466,255,225,72,6
S009,SKU0467,129,96,114,5
S009,SKU0468,215,181,58,6
S009,SKU0469,61,26,22,4
S009,SKU0470,193,160,141,2
S009,SKU0471,169,136,76,5
S009,SKU0472,139,116,145,4
S009,SKU0473,291,254,55,5
S009,SKU0474,171,138,84,4
S009,SKU0475,101,85,62,4
S009,SKU0476,66,38,121,1
S009,SKU0477,273,247,121,2
S009,SKU0478,78,40,96,5
S009,SKU0479,161,140,74,3
S009,SKU0480,82,43,48,5
S009,SKU0481,172,142,80,3
S009,SKU0482,181,147,37,4
S009,SKU0483,102,70,60,1
S009,SKU0484,80,52,125,2
S009,SKU0485,77,65,78,3
S009,SKU0486,184,169,37,7
S009,SKU0487,182,151,134,2
S009,SKU0488,235,198,126,2
S009,SKU0489,232,207,102,6
S009,SKU0490,216,192,113,4
S009,SKU0491,173,136,95,2
S009,SKU0492,178,150,51,3
S009,SKU0493,161,143,76,2
S009,SKU0494,298,267,83,5
S009,SKU0495,266,228,67,1
S009,SKU0496,256,225,77,7
S009,SKU0497,72,43,77,3
S009,SKU0498,271,261,50,2
S009,SKU0499,57,44,102,1
S009,SKU0500,115,94,141,2
S010,SKU0001,229,190,100,7
S010,SKU0002,189,157,74,3
S010,SKU0003,128,114,144,7
S010,SKU0004,90,56,106,6
S010,SKU0005,95,56,30,1
S010,SKU0006,72,45,101,3
S010,SKU0007,267,249,43,3
S010,SKU0008,168,142,133,7
S010,SKU0009,69,39,123,3
S010,SKU0010,284,245,35,6
S010,SKU0011,256,237,39,6
S010,SKU0012,189,167,95,5
S010,SKU0013,78,49,105,6
S010,SKU0014,161,135,94,1
S010,SKU0015,290,252,25,3
S010,SKU0016,204,172,114,6
S010,SKU0017,140,107,142,3
S010,SKU0018,299,287,53,3
S010,SKU0019,199,163,130,1
S010,SKU0020,140,127,49,1
S010,SKU0021,83,66,87,1
S010,SKU0022,108,80,125,5
S010,SKU0023,269,250,142,5
S010,SKU0024,264,228,48,4
S010,SKU0025,52,25,58,1
S010,SKU0026,254,226,35,6
S010,SKU0027,109,83,104,1
S010,SKU0028,144,126,26,6
S010,SKU0029,223,208,90,6
S010,SKU0030,93,83,144,4
S010,SKU0031,299,279,100,4
S010,SKU0032,138,118,37,6
S010,SKU0033,213,195,60,1
S010,SKU0034,272,258,132,3
S010,SKU0035,120,105,21,3
S010,SKU0036,109,85,131,7
S010,SKU0037,229,217,32,7
S010,SKU0038,77,46,48,7
S010,SKU0039,63,33,118,4
S010,SKU0040,257,240,131,7
S010,SKU0041,105,86,139,3
S010,SKU0042,160,129,100,4
S010,SKU0043,283,267,140,7
S010,SKU0044,203,191,35,1
S010,SKU0045,55,17,86,3
S010,SKU0046,52,42,119,1
S010,SKU0047,111,101,63,5
S010,SKU0048,291,264,79,5
S010,SKU0049,201,191,143,4
S010,SKU0050,60,31,20,1
S010,SKU0051,116,103,85,5
S010,SKU0052,118,96,68,6
S010,SKU0053,157,133,131,2
S010,SKU0054,61,32,96,6
S010,SKU0055,277,246,66,4
S010,SKU0056,165,147,109,6
S010,SKU0057,272,253,58,1
S010,SKU0058,114,104,45,2
S010,SKU0059,178,141,80,7
S010,SKU0060,145,127,37,1
S010,SKU0061,182,159,127,6
S010,SKU0062,274,241,87,3
S010,SKU0063,225,190,24,3
S010,SKU0064,238,199,48,7
S010,SKU0065,231,216,148,1
S010,SKU0066,109,73,86,4
S010,SKU0067,285,255,85,4
S010,SKU0068,197,176,112,4
S010,SKU0069,116,95,37,2
S010,SKU0070,106,71,112,7
S010,SKU0071,102,90,54,5
S010,SKU0072,255,238,112,3
S010,SKU0073,263,239,56,4
S010,SKU0074,263,253,93,2
S010,SKU0075,218,182,121,4
S010,SKU0076,58,44,29,3
S010,SKU0077,230,191,86,7
S010,SKU0078,72,33,136,3
S010,SKU0079,54,43,131,3
S010,SKU0080,158,121,144,1
S010,SKU0081,81,71,55,5
S010,SKU0082,275,236,108,7
S010,SKU0083,219,186,67,5
S010,SKU0084,129,117,84,1
S010,SKU0085,229,193,119,5
S010,SKU0086,282,270,134,6
S010,SKU0087,62,40,145,5
S010,SKU0088,278,242,95,1
S010,SKU0089,118,105,30,3
S010,SKU0090,261,227,122,3
S010,SKU0091,160,149,100,2
S010,SKU0092,195,183,135,1
S010,SKU0093,78,53,75,4
S010,SKU0094,248,233,135,7
S010,SKU0095,215,193,75,5
S010,SKU0096,119,85,49,3
S010,SKU0097,143,127,131,3
S010,SKU0098,117,78,72,5
S010,SKU0099,199,183,148,2
S010,SKU0100,123,94,113,4
S010,SKU0101,259,241,27,2
S010,SKU0102,115,78,82,1
S010,SKU0103,284,270,30,1
S010,SKU0104,242,231,85,4
S010,SKU0105,138,117,141,2
S010,SKU0106,147,128,21,7
S010,SKU0107,68,56,108,3
S010,SKU0108,111,98,122,2
S010,SKU0109,227,199,36,6
S010,SKU0110,115,102,53,6
S010,SKU0111,58,35,85,5
S010,SKU0112,164,143,134,5
S010,SKU0113,107,81,149,4
S010,SKU0114,266,231,37,1
S010,SKU0115,222,185,102,1
S010,SKU0116,83,69,73,5
S010,SKU0117,129,95,43,5
S010,SKU0118,164,144,45,7
S010,SKU0119,139,104,50,2
S010,SKU0120,115,103,94,4
S010,SKU0121,242,207,32,3
S010,SKU0122,147,110,134,1
S010,SKU0123,290,265,140,7
S010,SKU0124,60,29,36,3
S010,SKU0125,119,97,85,6
S010,SKU0126,167,138,80,3
S010,SKU0127,212,180,85,3
S010,SKU0128,271,236,110,6
S010,SKU0129,268,243,119,5
S010,SKU0130,168,135,133,3
S010,SKU0131,198,181,79,5
S010,SKU0132,295,276,106,4
S010,SKU0133,225,193,27,2
S010,SKU0134,205,180,135,1
S010,SKU0135,108,84,61,3
S010,SKU0136,152,125,51,4
S010,SKU0137,214,188,77,6
S010,SKU0138,79,52,103,7
S010,SKU0139,175,136,127,7
S010,SKU0140,173,138,110,3
S010,SKU0141,224,186,146,2
S010,SKU0142,184,150,91,5
S010,SKU0143,94,68,39,5
S010,SKU0144,272,255,130,7
S010,SKU0145,217,182,35,6
S010,SKU0146,247,219,34,3
S010,SKU0147,90,75,58,7
S010,SKU0148,282,246,53,5
S010,SKU0149,159,137,70,2
S010,SKU0150,237,215,40,3
S010,SKU0151,288,253,53,1
S010,SKU0152,181,170,99,3
S010,SKU0153,156,119,100,1
S010,SKU0154,243,205,143,2
S010,SKU0155,153,139,129,3
S010,SKU0156,226,216,97,2
S010,SKU0157,83,56,82,1
S010,SKU0158,212,188,41,7
S010,SKU0159,146,117,24,3
S010,SKU0160,171,141,114,1
S010,SKU0161,275,254,25,6
S010,SKU0162,140,129,31,1
S010,SKU0163,220,202,66,6
S010,SKU0164,62,48,62,4
S010,SKU0165,203,178,127,3
S010,SKU0166,252,217,35,5
S010,SKU0167,87,49,119,5
S010,SKU0168,72,50,93,1
S010,SKU0169,82,69,106,4
S010,SKU0170,221,195,31,4
S010,SKU0171,232,195,66,1
S010,SKU0172,130,99,53,3
S010,SKU0173,243,217,103,5
S010,SKU0174,104,76,123,7
S010,SKU0175,259,229,126,4
S010,SKU0176,147,121,71,6
S010,SKU0177,223,210,62,3
S010,SKU0178,69,32,35,2
S010,SKU0179,261,231,75,3
S010,SKU0180,163,133,118,6
S010,SKU0181,260,222,133,6
S010,SKU0182,208,191,38,1
S010,SKU0183,158,137,22,4
S010,SKU0184,165,145,29,6
S010,SKU0185,129,111,115,6
S010,SKU0186,148,117,46,3
S010,SKU0187,125,100,146,7
S010,SKU0188,173,146,46,6
S010,SKU0189,192,173,24,2
S010,SKU0190,245,229,98,4
S010,SKU0191,98,67,68,4
S010,SKU0192,142,108,25,2
S010,SKU0193,115,79,147,6
S010,SKU0194,181,158,117,5
S010,SKU0195,278,268,113,2
S010,SKU0196,223,202,97,3
S010,SKU0197,212,184,63,2
S010,SKU0198,58,29,112,3
S010,SKU0199,140,118,127,1
S010,SKU0200,60,50,83,7
S010,SKU0201,228,202,141,3
S010,SKU0202,286,260,129,6
S010,SKU0203,86,57,98,7
S010,SKU0204,294,282,148,7
S010,SKU0205,203,179,111,3
S010,SKU0206,231,205,109,5
S010,SKU0207,76,63,88,1
S010,SKU0208,133,121,146,4
S010,SKU0209,85,51,127,4
S010,SKU0210,168,129,94,6
S010,SKU0211,145,126,27,6
S010,SKU0212,93,64,105,2
S010,SKU0213,292,272,96,4
S010,SKU0214,163,135,134,2
S010,SKU0215,201,163,33,4
S010,SKU0216,147,119,117,2
S010,SKU0217,283,267,70,4
S010,SKU0218,187,154,122,7
S010,SKU0219,234,200,38,7
S010,SKU0220,150,112,104,6
S010,SKU0221,218,183,125,7
S010,SKU0222,95,72,98,5
S010,SKU0223,240,216,103,5
S010,SKU0224,189,161,102,5
S010,SKU0225,183,167,96,1
S010,SKU0226,147,113,113,7
S010,SKU0227,139,107,133,6
S010,SKU0228,81,63,138,7
S010,SKU0229,248,227,116,5
S010,SKU0230,139,127,111,1
S010,SKU0231,226,211,102,7
S010,SKU0232,249,216,65,7
S010,SKU0233,103,79,20,1
S010,SKU0234,245,212,116,7
S010,SKU0235,222,199,72,6
S010,SKU0236,233,195,53,1
S010,SKU0237,204,178,46,6
S010,SKU0238,52,18,97,2
S010,SKU0239,185,151,21,5
S010,SKU0240,104,82,39,1
S010,SKU0241,249,237,130,4
S010,SKU0242,296,272,143,1
S010,SKU0243,135,97,108,7
S010,SKU0244,241,202,123,4
S010,SKU0245,106,76,24,1
S010,SKU0246,61,40,47,7
S010,SKU0247,253,241,118,7
S010,SKU0248,297,266,128,5
S010,SKU0249,231,193,138,2
S010,SKU0250,95,66,86,5
S010,SKU0251,81,50,65,4
S010,SKU0252,52,36,128,7
S010,SKU0253,203,188,81,5
S010,SKU0254,131,109,41,6
S010,SKU0255,69,44,77,2
S010,SKU0256,182,171,89,3
S010,SKU0257,195,180,142,5
S010,SKU0258,95,80,64,7
S010,SKU0259,260,248,46,7
S010,SKU0260,176,152,28,7
S010,SKU0261,86,76,142,7
S010,SKU0262,103,72,100,5
S010,SKU0263,102,71,140,5
S010,SKU0264,291,257,135,3
S010,SKU0265,232,218,87,1
S010,SKU0266,240,224,122,4
S010,SKU0267,134,97,22,7
S010,SKU0268,114,97,146,1
S010,SKU0269,66,36,109,5
S010,SKU0270,207,187,49,7
S010,SKU0271,171,151,113,7
S010,SKU0272,72,38,87,1
S010,SKU0273,240,204,119,5
S010,SKU0274,50,31,31,5
S010,SKU0275,136,102,119,2
S010,SKU0276,54,17,28,6
S010,SKU0277,275,264,101,1
S010,SKU0278,138,113,92,2
S010,SKU0279,136,109,40,3
S010,SKU0280,297,269,127,5
S010,SKU0281,120,107,23,5
S010,SKU0282,289,261,72,4
S010,SKU0283,59,32,39,1
S010,SKU0284,213,195,41,1
S010,SKU0285,299,261,29,1
S010,SKU0286,231,192,91,6
S010,SKU0287,198,179,38,2
S010,SKU0288,277,256,126,3
S010,SKU0289,79,69,87,6
S010,SKU0290,130,118,59,4
S010,SKU0291,174,151,59,4
S010,SKU0292,66,28,76,6
S010,SKU0293,147,109,119,4
S010,SKU0294,253,236,143,4
S010,SKU0295,268,246,34,5
S010,SKU0296,158,134,45,1
S010,SKU0297,133,97,31,6
S010,SKU0298,294,282,56,3
S010,SKU0299,240,205,144,1
S010,SKU0300,292,262,87,3
S010,SKU0301,206,175,104,1
S010,SKU0302,278,255,85,2
S010,SKU0303,101,81,127,4
S010,SKU0304,50,14,133,5
S010,SKU0305,196,175,68,4
S010,SKU0306,87,66,52,4
S010,SKU0307,100,73,122,7
S010,SKU0308,225,211,136,1
S010,SKU0309,72,55,46,3
S010,SKU0310,102,79,125,7
S010,SKU0311,190,163,136,5
S010,SKU0312,219,206,104,1
S010,SKU0313,297,266,59,5
S010,SKU0314,270,244,102,5
S010,SKU0315,175,140,147,1
S010,SKU0316,121,102,130,6
S010,SKU0317,231,195,149,1
S010,SKU0318,225,203,63,5
S010,SKU0319,206,173,107,2
S010,SKU0320,232,215,69,7
S010,SKU0321,207,184,132,4
S010,SKU0322,118,106,76,4
S010,SKU0323,154,126,110,7
S010,SKU0324,69,41,68,5
S010,SKU0325,98,69,115,7
S010,SKU0326,185,175,52,7
S010,SKU0327,260,239,140,5
S010,SKU0328,199,173,109,6
S010,SKU0329,116,101,120,4
S010,SKU0330,188,177,120,7
S010,SKU0331,257,225,148,4
S010,SKU0332,115,87,31,2
S010,SKU0333,122,109,118,2
S010,SKU0334,134,117,75,1
S010,SKU0335,124,95,47,3
S010,SKU0336,192,170,49,4
S010,SKU0337,103,67,86,2
S010,SKU0338,242,209,73,2
S010,SKU0339,262,234,117,4
S010,SKU0340,197,184,34,1
S010,SKU0341,163,148,60,1
S010,SKU0342,164,145,72,4
S010,SKU0343,253,232,133,6
S010,SKU0344,180,164,73,6
S010,SKU0345,220,186,55,6
S010,SKU0346,65,44,25,4
S010,SKU0347,137,106,123,2
S010,SKU0348,124,99,145,1
S010,SKU0349,108,73,98,3
S010,SKU0350,253,217,130,6
S010,SKU0351,247,233,106,2
S010,SKU0352,259,220,99,1
S010,SKU0353,226,189,49,3
S010,SKU0354,179,143,63,6
S010,SKU0355,260,245,65,6
S010,SKU0356,229,207,136,4
S010,SKU0357,191,169,43,4
S010,SKU0358,292,261,73,6
S010,SKU0359,145,107,131,4
S010,SKU0360,54,42,64,4
S010,SKU0361,183,168,108,4
S010,SKU0362,273,261,24,4
S010,SKU0363,285,254,95,2
S010,SKU0364,271,243,52,7
S010,SKU0365,285,271,146,2
S010,SKU0366,244,218,26,1
S010,SKU0367,115,105,33,4
S010,SKU0368,57,27,77,7
S010,SKU0369,268,238,21,2
S010,SKU0370,117,90,48,2
S010,SKU0371,75,39,64,6
S010,SKU0372,57,30,97,1
S010,SKU0373,65,45,62,5
S010,SKU0374,209,170,81,4
S010,SKU0375,79,68,22,1
S010,SKU0376,295,285,46,4
S010,SKU0377,264,235,83,2
S010,SKU0378,283,245,132,5
S010,SKU0379,61,44,49,3
S010,SKU0380,130,114,63,5
S010,SKU0381,157,120,58,1
S010,SKU0382,292,272,110,5
S010,SKU0383,88,54,67,4
S010,SKU0384,210,175,27,1
S010,SKU0385,145,117,60,4
S010,SKU0386,244,234,129,2
S010,SKU0387,69,36,134,4
S010,SKU0388,252,213,136,5
S010,SKU0389,90,55,51,1
S010,SKU0390,275,265,143,4
S010,SKU0391,129,98,144,4
S010,SKU0392,181,164,69,7
S010,SKU0393,57,45,68,2
S010,SKU0394,188,175,49,4
S010,SKU0395,194,176,112,3
S010,SKU0396,205,194,109,6
S010,SKU0397,90,80,107,7
S010,SKU0398,191,177,22,3
S010,SKU0399,191,168,62,3
S010,SKU0400,101,70,148,2
S010,SKU0401,230,215,70,3
S010,SKU0402,266,235,67,7
S010,SKU0403,59,34,80,1
S010,SKU0404,295,269,100,1
S010,SKU0405,140,107,139,5
S010,SKU0406,274,246,34,6
S010,SKU0407,279,250,131,1
S010,SKU0408,247,235,131,6
S010,SKU0409,92,74,44,1
S010,SKU0410,286,254,92,4
S010,SKU0411,254,219,20,3
S010,SKU0412,209,180,128,2
S010,SKU0413,182,144,33,2
S010,SKU0414,161,123,115,3
S010,SKU0415,87,70,47,7
S010,SKU0416,65,38,144,3
S010,SKU0417,287,269,30,6
S010,SKU0418,154,140,72,5
S010,SKU0419,167,154,111,4
S010,SKU0420,65,42,109,1
S010,SKU0421,117,100,143,3
S010,SKU0422,187,153,95,4
S010,SKU0423,124,89,22,4
S010,SKU0424,186,163,37,5
S010,SKU0425,164,143,119,3
S010,SKU0426,91,71,74,3
S010,SKU0427,269,248,98,5
S010,SKU0428,65,26,28,7
S010,SKU0429,217,192,143,4
S010,SKU0430,218,197,72,1
S010,SKU0431,288,251,124,1
S010,SKU0432,66,33,141,2
S010,SKU0433,162,151,112,2
S010,SKU0434,67,37,97,5
S010,SKU0435,79,64,139,1
S010,SKU0436,213,201,124,4
S010,SKU0437,295,259,133,1
S010,SKU0438,252,235,111,5
S010,SKU0439,97,58,79,5
S010,SKU0440,158,130,120,7
S010,SKU0441,280,269,116,2
S010,SKU0442,207,189,34,5
S010,SKU0443,227,191,120,4
S010,SKU0444,126,98,78,3
S010,SKU0445,118,102,97,3
S010,SKU0446,62,33,142,7
S010,SKU0447,249,223,131,4
S010,SKU0448,115,89,139,5
S010,SKU0449,258,235,81,3
S010,SKU0450,280,242,104,5
S010,SKU0451,97,65,58,2
S010,SKU0452,234,210,54,3
S010,SKU0453,225,205,109,1
S010,SKU0454,207,175,36,1
S010,SKU0455,192,162,38,4
S010,SKU0456,99,83,132,2
S010,SKU0457,238,225,111,4
S010,SKU0458,58,25,26,1
S010,SKU0459,178,147,148,7
S010,SKU0460,74,45,46,6
S010,SKU0461,162,143,98,6
S010,SKU0462,262,224,80,2
S010,SKU0463,79,41,27,3
S010,SKU0464,279,255,131,2
S010,SKU0465,146,127,98,6
S010,SKU0466,194,165,58,4
S010,SKU0467,186,158,115,6
S010,SKU0468,94,84,99,1
S010,SKU0469,232,219,69,1
S010,SKU0470,273,238,31,6
S010,SKU0471,247,218,58,5
S010,SKU0472,161,134,27,6
S010,SKU0473,215,186,54,1
S010,SKU0474,80,53,96,2
S010,SKU0475,125,100,29,4
S010,SKU0476,247,216,99,4
S010,SKU0477,79,62,100,6
S010,SKU0478,278,260,122,4
S010,SKU0479,294,276,97,3
S010,SKU0480,186,162,41,3
S010,SKU0481,212,199,108,6
S010,SKU0482,259,238,60,5
S010,SKU0483,170,154,131,5
S010,SKU0484,216,179,145,6
S010,SKU0485,182,158,111,3
S010,SKU0486,203,189,138,4
S010,SKU0487,241,222,47,1
S010,SKU0488,126,103,118,1
S010,SKU0489,292,270,68,7
S010,SKU0490,145,116,34,4
S010,SKU0491,299,280,149,3
S010,SKU0492,275,246,51,3
S010,SKU0493,118,94,91,3
S010,SKU0494,157,121,93,4
S010,SKU0495,112,92,39,3
S010,SKU0496,205,173,117,3
S010,SKU0497,205,190,54,6
S010,SKU0498,205,186,91,1
S010,SKU0499,221,205,113,7
S010,SKU0500,266,227,63,1
S011,SKU0001,270,246,146,4
S011,SKU0002,135,101,141,6
S011,SKU0003,89,65,122,4
S011,SKU0004,261,240,62,6
S011,SKU0005,202,183,22,6
S011,SKU0006,101,78,110,1
S011,SKU0007,271,241,105,5
S011,SKU0008,114,81,113,3
S011,SKU0009,135,100,52,1
S011,SKU0010,177,138,128,2
S011,SKU0011,126,90,115,2
S011,SKU0012,106,71,73,1
S011,SKU0013,219,198,147,2
S011,SKU0014,259,229,114,2
S011,SKU0015,240,210,31,3
S011,SKU0016,69,42,41,6
S011,SKU0017,277,266,145,2
S011,SKU0018,299,287,125,1
S011,SKU0019,76,57,35,4
S011,SKU0020,127,109,138,3
S011,SKU0021,130,103,145,3
S011,SKU0022,111,73,125,3
S011,SKU0023,235,223,30,1
S011,SKU0024,287,255,56,6
S011,SKU0025,159,137,101,5
S011,SKU0026,278,245,132,4
S011,SKU0027,291,281,107,3
S011,SKU0028,222,203,110,1
S011,SKU0029,76,42,137,6
S011,SKU0030,251,239,117,5
S011,SKU0031,257,225,93,3
S011,SKU0032,125,112,27,1
S011,SKU0033,193,154,95,1
S011,SKU0034,279,246,107,6
S011,SKU0035,91,71,80,4
S011,SKU0036,220,202,132,2
S011,SKU0037,169,134,99,3
S011,SKU0038,278,268,78,3
S011,SKU0039,253,240,88,7
S011,SKU0040,113,83,100,6
S011,SKU0041,104,75,113,4
S011,SKU0042,136,101,76,6
S011,SKU0043,278,264,100,1
S011,SKU0044,186,149,58,2
S011,SKU0045,185,154,50,5
S011,SKU0046,141,104,140,5
S011,SKU0047,87,72,79,6
S011,SKU0048,101,71,79,2
S011,SKU0049,105,88,131,4
S011,SKU0050,141,108,35,7
S011,SKU0051,113,90,55,3
S011,SKU0052,246,233,128,2
S011,SKU0053,181,159,47,5
S011,SKU0054,278,265,149,1
S011,SKU0055,73,40,38,7
S011,SKU0056,88,53,53,1
S011,SKU0057,138,127,60,5
S011,SKU0058,104,69,89,1
S011,SKU0059,143,124,67,6
S011,SKU0060,189,174,67,5
S011,SKU0061,103,93,39,1
S011,SKU0062,75,37,63,6
S011,SKU0063,157,141,139,7
S011,SKU0064,125,93,85,7
S011,SKU0065,137,120,98,7
S011,SKU0066,280,257,134,1
S011,SKU0067,278,251,56,3
S011,SKU0068,209,186,148,1
S011,SKU0069,215,189,129,3
S011,SKU0070,182,168,98,1
S011,SKU0071,154,126,127,1
S011,SKU0072,238,216,129,3
S011,SKU0073,199,183,75,1
S011,SKU0074,164,132,86,3
S011,SKU0075,84,66,109,6
S011,SKU0076,51,28,123,1
S011,SKU0077,231,197,116,3
S011,SKU0078,65,52,45,7
S011,SKU0079,81,59,74,5
S011,SKU0080,194,170,24,3
S011,SKU0081,70,60,24,6
S011,SKU0082,205,181,125,3
S011,SKU0083,140,123,22,5
S011,SKU0084,241,212,79,6
S011,SKU0085,167,149,62,4
S011,SKU0086,61,25,141,3
S011,SKU0087,214,199,63,7
S011,SKU0088,223,193,24,1
S011,SKU0089,173,136,94,5
S011,SKU0090,84,69,107,2
S011,SKU0091,225,198,105,4
S011,SKU0092,214,198,84,7
S011,SKU0093,278,265,81,2
S011,SKU0094,104,71,134,3
S011,SKU0095,167,133,62,6
S011,SKU0096,244,220,60,4
S011,SKU0097,138,100,33,4
S011,SKU0098,233,205,58,2
S011,SKU0099,198,176,120,3
S011,SKU0100,104,94,29,5
S011,SKU0101,262,234,61,5
S011,SKU0102,176,166,94,4
S011,SKU0103,116,81,26,3
S011,SKU0104,215,199,136,4
S011,SKU0105,249,215,140,6
S011,SKU0106,184,145,146,1
S011,SKU0107,192,153,45,4
S011,SKU0108,191,166,27,4
S011,SKU0109,92,82,58,1
S011,SKU0110,291,255,143,3
S011,SKU0111,246,232,107,5
S011,SKU0112,141,119,129,2
S011,SKU0113,254,233,135,5
S011,SKU0114,214,192,109,3
S011,SKU0115,289,279,77,3
S011,SKU0116,95,57,119,6
S011,SKU0117,243,220,75,7
S011,SKU0118,95,58,55,7
S011,SKU0119,76,55,36,6
S011,SKU0120,243,214,87,5
S011,SKU0121,84,68,66,5
S011,SKU0122,181,165,109,1
S011,SKU0123,52,38,136,3
S011,SKU0124,89,74,39,4
S011,SKU0125,263,244,34,7
S011,SKU0126,235,207,111,4
S011,SKU0127,145,124,51,7
S011,SKU0128,172,145,41,1
S011,SKU0129,129,93,94,6
S011,SKU0130,253,217,99,2
S011,SKU0131,278,242,67,4
S011,SKU0132,294,263,118,1
S011,SKU0133,222,195,69,6
S011,SKU0134,85,69,47,4
S011,SKU0135,267,255,116,6
S011,SKU0136,57,21,111,7
S011,SKU0137,206,185,42,2
S011,SKU0138,280,256,106,1
S011,SKU0139,247,213,50,7
S011,SKU0140,143,118,103,7
S011,SKU0141,102,91,25,2
S011,SKU0142,229,212,54,4
S011,SKU0143,159,132,81,2
S011,SKU0144,178,157,77,2
S011,SKU0145,99,74,70,4
S011,SKU0146,263,225,130,2
S011,SKU0147,68,56,26,6
S011,SKU0148,132,103,23,7
S011,SKU0149,138,101,54,7
S011,SKU0150,214,178,103,1
S011,SKU0151,182,170,49,3
S011,SKU0152,211,195,135,7
S011,SKU0153,187,150,79,7
S011,SKU0154,174,156,20,3
S011,SKU0155,188,166,117,6
S011,SKU0156,89,63,104,2
S011,SKU0157,241,221,60,4
S011,SKU0158,271,232,97,6
S011,SKU0159,84,61,84,7
S011,SKU0160,185,154,119,2
S011,SKU0161,286,259,80,6
S011,SKU0162,242,227,56,7
S011,SKU0163,72,46,149,6
S011,SKU0164,66,43,146,5
S011,SKU0165,93,67,91,4
S011,SKU0166,51,21,147,5
S011,SKU0167,251,229,44,1
S011,SKU0168,54,17,35,6
S011,SKU0169,193,183,146,1
S011,SKU0170,259,244,52,2
S011,SKU0171,199,164,87,4
S011,SKU0172,69,30,144,7
S011,SKU0173,277,253,140,5
S011,SKU0174,193,154,148,1
S011,SKU0175,63,48,108,5
S011,SKU0176,281,251,41,1
S011,SKU0177,133,118,135,5
S011,SKU0178,130,116,143,7
S011,SKU0179,117,95,129,2
S011,SKU0180,139,111,49,1
S011,SKU0181,282,246,47,1
S011,SKU0182,167,129,117,3
S011,SKU0183,182,170,30,7
S011,SKU0184,173,137,74,6
S011,SKU0185,291,275,35,1
S011,SKU0186,78,62,56,4
S011,SKU0187,163,145,48,6
S011,SKU0188,252,224,149,7
S011,SKU0189,107,80,137,5
S011,SKU0190,295,274,80,5
S011,SKU0191,105,95,128,5
S011,SKU0192,248,227,51,7
S011,SKU0193,149,130,128,7
S011,SKU0194,225,186,138,3
S011,SKU0195,75,44,23,3
S011,SKU0196,57,33,88,7
S011,SKU0197,213,186,73,3
S011,SKU0198,75,51,60,5
S011,SKU0199,258,226,77,5
S011,SKU0200,218,190,111,6
S011,SKU0201,255,235,51,1
S011,SKU0202,226,196,94,3
S011,SKU0203,201,163,110,6
S011,SKU0204,189,151,75,4
S011,SKU0205,155,145,118,1
S011,SKU0206,50,21,81,3
S011,SKU0207,81,50,73,1
S011,SKU0208,106,91,120,5
S011,SKU0209,199,178,70,7
S011,SKU0210,200,181,83,2
S011,SKU0211,287,248,49,4
S011,SKU0212,164,142,89,5
S011,SKU0213,239,224,20,6
S011,SKU0214,144,105,105,4
S011,SKU0215,207,194,125,2
S011,SKU0216,237,198,139,5
S011,SKU0217,270,249,36,6
S011,SKU0218,176,143,84,4
S011,SKU0219,202,164,135,5
S011,SKU0220,151,126,103,1
S011,SKU0221,218,180,92,7
S011,SKU0222,213,193,42,2
S011,SKU0223,85,49,95,5
S011,SKU0224,225,201,138,6
S011,SKU0225,203,168,71,7
S011,SKU0226,249,238,35,4
S011,SKU0227,69,43,137,2
S011,SKU0228,191,171,59,2
S011,SKU0229,81,64,118,1
S011,SKU0230,249,224,21,6
S011,SKU0231,77,44,40,6
S011,SKU0232,199,167,112,1
S011,SKU0233,198,163,142,5
S011,SKU0234,258,232,45,7
S011,SKU0235,61,29,60,1
S011,SKU0236,228,210,109,5
S011,SKU0237,51,30,71,4
S011,SKU0238,142,115,139,4
S011,SKU0239,280,258,142,4
S011,SKU0240,276,264,32,6
S011,SKU0241,169,159,44,5
S011,SKU0242,157,119,131,5
S011,SKU0243,159,123,83,7
S011,SKU0244,224,195,94,7
S011,SKU0245,113,75,138,5
S011,SKU0246,79,60,59,3
S011,SKU0247,282,246,97,6
S011,SKU0248,298,269,37,1
S011,SKU0249,80,48,76,2
S011,SKU0250,75,39,65,4
S011,SKU0251,205,166,88,3
S011,SKU0252,218,191,71,2
S011,SKU0253,140,120,110,1
S011,SKU0254,198,174,64,3
S011,SKU0255,173,148,107,3
S011,SKU0256,51,26,130,2
S011,SKU0257,209,187,101,2
S011,SKU0258,57,32,84,2
S011,SKU0259,138,103,59,4
S011,SKU0260,277,247,56,7
S011,SKU0261,225,192,86,6
S011,SKU0262,261,239,118,3
S011,SKU0263,180,151,67,3
S011,SKU0264,62,46,51,5
S011,SKU0265,228,192,63,3
S011,SKU0266,286,250,144,5
S011,SKU0267,258,219,127,6
S011,SKU0268,59,21,144,7
S011,SKU0269,233,216,140,4
S011,SKU0270,108,79,104,7
S011,SKU0271,280,268,38,2
S011,SKU0272,127,97,55,7
S011,SKU0273,165,146,131,4
S011,SKU0274,202,190,29,4
S011,SKU0275,155,119,22,5
S011,SKU0276,245,214,120,6
S011,SKU0277,231,217,94,6
S011,SKU0278,198,172,148,3
S011,SKU0279,294,279,65,5
S011,SKU0280,145,119,24,4
S011,SKU0281,262,231,142,1
S011,SKU0282,124,113,32,6
S011,SKU0283,294,275,138,7
S011,SKU0284,276,264,103,3
S011,SKU0285,103,65,54,7
S011,SKU0286,295,256,95,3
S011,SKU0287,253,217,71,6
S011,SKU0288,187,174,52,6
S011,SKU0289,163,141,39,2
S011,SKU0290,208,188,79,7
S011,SKU0291,159,126,55,5
S011,SKU0292,235,219,128,6
S011,SKU0293,60,44,78,2
S011,SKU0294,92,56,108,7
S011,SKU0295,209,184,89,4
S011,SKU0296,240,216,142,4
S011,SKU0297,164,137,145,2
S011,SKU0298,296,274,134,4
S011,SKU0299,73,63,22,7
S011,SKU0300,176,159,50,6
S011,SKU0301,210,181,66,2
S011,SKU0302,283,256,67,1
S011,SKU0303,156,122,136,5
S011,SKU0304,91,52,27,3
S011,SKU0305,242,223,83,6
S011,SKU0306,75,39,121,7
S011,SKU0307,112,78,62,2
S011,SKU0308,88,52,30,1
S011,SKU0309,122,95,61,5
S011,SKU0310,93,57,93,2
S011,SKU0311,291,270,90,7
S011,SKU0312,217,192,74,5
S011,SKU0313,247,216,102,5
S011,SKU0314,256,236,116,6
S011,SKU0315,203,185,65,1
S011,SKU0316,212,187,90,2
S011,SKU0317,267,233,45,5
S011,SKU0318,286,254,112,6
S011,SKU0319,195,174,42,6
S011,SKU0320,105,78,105,4
S011,SKU0321,111,94,47,3
S011,SKU0322,148,117,35,3
S011,SKU0323,237,223,39,4
S011,SKU0324,208,181,56,2
S011,SKU0325,271,239,126,3
S011,SKU0326,99,88,45,2
S011,SKU0327,54,44,118,2
S011,SKU0328,159,123,119,4
S011,SKU0329,149,119,105,6
S011,SKU0330,153,118,93,6
S011,SKU0331,58,33,122,6
S011,SKU0332,255,231,51,1
S011,SKU0333,294,284,134,7
S011,SKU0334,200,182,124,5
S011,SKU0335,101,88,72,1
S011,SKU0336,237,212,21,5
S011,SKU0337,101,74,74,7
S011,SKU0338,73,61,68,7
S011,SKU0339,118,91,43,5
S011,SKU0340,159,129,81,1
S011,SKU0341,243,224,27,7
S011,SKU0342,119,106,91,7
S011,SKU0343,135,102,134,2
S011,SKU0344,291,260,66,5
S011,SKU0345,181,151,130,7
S011,SKU0346,232,211,100,1
S011,SKU0347,59,35,143,5
S011,SKU0348,213,178,95,1
S011,SKU0349,216,182,40,2
S011,SKU0350,287,263,144,6
S011,SKU0351,239,218,66,6
S011,SKU0352,244,223,107,1
S011,SKU0353,235,217,80,2
S011,SKU0354,261,232,53,4
S011,SKU0355,65,44,24,1
S011,SKU0356,84,67,34,2
S011,SKU0357,267,238,92,1
S011,SKU0358,84,62,95,3
S011,SKU0359,212,202,142,2
S011,SKU0360,89,76,48,3
S011,SKU0361,150,133,123,7
S011,SKU0362,178,151,137,1
S011,SKU0363,169,138,75,3
S011,SKU0364,167,133,48,5
S011,SKU0365,271,254,49,6
S011,SKU0366,103,81,134,6
S011,SKU0367,188,178,96,6
S011,SKU0368,197,171,104,7
S011,SKU0369,250,222,123,2
S011,SKU0370,196,184,94,2
S011,SKU0371,220,181,135,5
S011,SKU0372,133,94,82,5
S011,SKU0373,203,179,20,7
S011,SKU0374,141,110,96,6
S011,SKU0375,142,108,78,6
S011,SKU0376,80,59,69,7
S011,SKU0377,154,128,137,3
S011,SKU0378,160,121,82,4
S011,SKU0379,237,205,45,4
S011,SKU0380,208,189,137,5
S011,SKU0381,144,131,35,5
S011,SKU0382,105,70,111,1
S011,SKU0383,246,207,108,6
S011,SKU0384,266,256,57,5
S011,SKU0385,141,121,141,4
S011,SKU0386,242,229,122,7
S011,SKU0387,110,97,65,6
S011,SKU0388,245,208,53,4
S011,SKU0389,151,120,78,2
S011,SKU0390,216,190,108,3
S011,SKU0391,67,44,29,2
S011,SKU0392,222,211,134,7
S011,SKU0393,96,84,81,2
S011,SKU0394,296,282,128,5
S011,SKU0395,204,169,60,6
S011,SKU0396,222,206,23,7
S011,SKU0397,271,243,149,5
S011,SKU0398,220,188,119,5
S011,SKU0399,248,219,101,5
S011,SKU0400,188,149,149,6
S011,SKU0401,148,125,111,2
S011,SKU0402,183,166,113,7
S011,SKU0403,245,211,94,4
S011,SKU0404,194,160,116,7
S011,SKU0405,163,132,23,1
S011,SKU0406,215,192,87,3
S011,SKU0407,247,211,39,7
S011,SKU0408,131,112,73,4
S011,SKU0409,147,137,83,5
S011,SKU0410,86,52,22,7
S011,SKU0411,166,148,92,5
S011,SKU0412,176,147,70,7
S011,SKU0413,212,201,122,3
S011,SKU0414,227,194,75,1
S011,SKU0415,95,73,63,1
S011,SKU0416,171,155,136,7
S011,SKU0417,254,225,140,4
S011,SKU0418,56,42,148,1
S011,SKU0419,296,279,89,4
S011,SKU0420,163,147,136,7
S011,SKU0421,121,91,81,3
S011,SKU0422,240,219,144,5
S011,SKU0423,224,208,55,4
S011,SKU0424,208,173,110,2
S011,SKU0425,107,81,117,1
S011,SKU0426,60,40,118,7
S011,SKU0427,109,99,72,4
S011,SKU0428,145,126,140,5
S011,SKU0429,222,199,100,1
S011,SKU0430,186,147,115,7
S011,SKU0431,120,98,142,3
S011,SKU0432,177,163,93,4
S011,SKU0433,273,248,36,7
S011,SKU0434,168,129,20,4
S011,SKU0435,73,50,126,6
S011,SKU0436,206,178,40,2
S011,SKU0437,184,164,64,4
S011,SKU0438,144,126,124,2
S011,SKU0439,157,134,104,5
S011,SKU0440,53,16,137,5
S011,SKU0441,91,71,37,5
S011,SKU0442,61,49,99,1
S011,SKU0443,216,183,149,2
S011,SKU0444,83,51,76,5
S011,SKU0445,233,210,30,7
S011,SKU0446,169,158,77,1
S011,SKU0447,239,229,126,7
S011,SKU0448,137,121,77,4
S011,SKU0449,299,269,115,6
S011,SKU0450,126,91,139,7
S011,SKU0451,223,210,36,3
S011,SKU0452,242,231,84,4
S011,SKU0453,60,26,113,5
S011,SKU0454,87,59,30,6
S011,SKU0455,118,108,88,4
S011,SKU0456,231,218,63,7
S011,SKU0457,239,216,108,3
S011,SKU0458,166,135,102,6
S011,SKU0459,126,104,90,2
S011,SKU0460,182,155,44,3
S011,SKU0461,261,224,98,1
S011,SKU0462,165,141,59,6
S011,SKU0463,74,36,136,2
S011,SKU0464,160,140,66,1
S011,SKU0465,266,254,121,2
S011,SKU0466,111,99,83,5
S011,SKU0467,58,26,70,2
S011,SKU0468,125,112,57,4
S011,SKU0469,227,217,59,3
S011,SKU0470,129,110,121,7
S011,SKU0471,64,54,81,4
S011,SKU0472,139,100,39,3
S011,SKU0473,260,239,86,4
S011,SKU0474,64,48,99,7
S011,SKU0475,277,249,142,7
S011,SKU0476,103,87,69,6
S011,SKU0477,213,184,23,3
S011,SKU0478,87,50,64,2
S011,SKU0479,60,32,136,2
S011,SKU0480,194,155,139,5
S011,SKU0481,278,243,122,3
S011,SKU0482,121,97,76,6
S011,SKU0483,269,243,111,4
S011,SKU0484,72,53,51,6
S011,SKU0485,129,97,28,6
S011,SKU0486,250,229,119,4
S011,SKU0487,74,35,69,6
S011,SKU0488,110,71,46,4
S011,SKU0489,275,257,131,4
S011,SKU0490,84,61,27,6
S011,SKU0491,64,36,66,3
S011,SKU0492,231,196,33,2
S011,SKU0493,166,128,84,6
S011,SKU0494,239,228,43,4
S011,SKU0495,125,106,67,7
S011,SKU0496,51,30,110,6
S011,SKU0497,88,74,70,5
S011,SKU0498,90,80,57,3
S011,SKU0499,259,238,48,6
S011,SKU0500,276,249,142,7
S012,SKU0001,119,98,124,6
S012,SKU0002,99,67,29,4
S012,SKU0003,134,119,55,2
S012,SKU0004,80,54,69,5
S012,SKU0005,258,232,77,7
S012,SKU0006,69,44,22,5
S012,SKU0007,160,123,138,6
S012,SKU0008,52,22,111,2
S012,SKU0009,175,140,143,6
S012,SKU0010,188,174,127,4
S012,SKU0011,185,170,46,5
S012,SKU0012,61,36,35,5
S012,SKU0013,141,116,87,4
S012,SKU0014,52,22,145,4
S012,SKU0015,85,60,102,4
S012,SKU0016,216,181,94,5
S012,SKU0017,259,222,69,3
S012,SKU0018,121,94,33,4
S012,SKU0019,121,83,112,7
S012,SKU0020,119,86,37,7
S012,SKU0021,60,24,63,1
S012,SKU0022,251,221,127,3
S012,SKU0023,76,46,34,6
S012,SKU0024,84,61,68,4
S012,SKU0025,187,168,124,3
S012,SKU0026,175,164,63,6
S012,SKU0027,51,14,137,5
S012,SKU0028,150,111,59,1
S012,SKU0029,82,70,24,1
S012,SKU0030,164,152,48,4
S012,SKU0031,183,152,99,7
S012,SKU0032,136,101,99,4
S012,SKU0033,63,42,77,5
S012,SKU0034,68,33,107,3
S012,SKU0035,112,93,29,3
S012,SKU0036,212,194,89,2
S012,SKU0037,252,220,80,7
S012,SKU0038,224,203,73,7
S012,SKU0039,157,132,121,2
S012,SKU0040,211,197,137,3
S012,SKU0041,64,44,89,1
S012,SKU0042,132,98,51,2
S012,SKU0043,138,104,43,5
S012,SKU0044,261,240,138,5
S012,SKU0045,276,262,46,6
S012,SKU0046,292,271,86,1
S012,SKU0047,72,58,108,2
S012,SKU0048,287,248,137,7
S012,SKU0049,270,239,85,5
S012,SKU0050,61,25,20,7
S012,SKU0051,167,130,131,7
S012,SKU0052,295,275,69,3
S012,SKU0053,149,121,67,4
S012,SKU0054,57,44,46,2
S012,SKU0055,88,70,45,1
S012,SKU0056,77,54,96,7
S012,SKU0057,223,194,32,5
S012,SKU0058,52,41,78,4
S012,SKU0059,81,53,116,2
S012,SKU0060,147,122,138,6
S012,SKU0061,252,213,97,4
S012,SKU0062,141,108,96,4
S012,SKU0063,231,216,68,5
S012,SKU0064,173,139,118,6
S012,SKU0065,101,68,96,4
S012,SKU0066,111,86,137,5
S012,SKU0067,111,87,75,5
S012,SKU0068,57,34,36,5
S012,SKU0069,93,67,54,4
S012,SKU0070,233,220,42,5
S012,SKU0071,180,158,89,2
S012,SKU0072,266,231,27,3
S012,SKU0073,62,46,98,3
S012,SKU0074,51,27,37,3
S012,SKU0075,170,148,31,6
S012,SKU0076,68,54,23,4
S012,SKU0077,135,105,63,7
S012,SKU0078,164,135,87,6
S012,SKU0079,74,44,89,7
S012,SKU0080,245,214,76,6
S012,SKU0081,289,273,89,5
S012,SKU0082,162,144,44,7
S012,SKU0083,261,247,122,1
S012,SKU0084,148,114,70,1
S012,SKU0085,53,30,35,2
S012,SKU0086,58,28,140,3
S012,SKU0087,143,129,114,2
S012,SKU0088,102,65,101,5
S012,SKU0089,53,37,53,1
S012,SKU0090,183,157,110,3
S012,SKU0091,275,249,35,1
S012,SKU0092,187,171,138,7
S012,SKU0093,146,124,33,4
S012,SKU0094,215,177,98,2
S012,SKU0095,178,154,37,2
S012,SKU0096,255,221,66,5
S012,SKU0097,266,251,101,2
S012,SKU0098,128,109,131,5
S012,SKU0099,150,113,79,5
S012,SKU0100,270,240,68,2
S012,SKU0101,151,115,25,6
S012,SKU0102,94,58,116,1
S012,SKU0103,248,224,44,6
S012,SKU0104,115,79,140,6
S012,SKU0105,210,189,135,2
S012,SKU0106,73,37,50,6
S012,SKU0107,214,204,44,4
S012,SKU0108,111,73,129,4
S012,SKU0109,108,92,93,5
S012,SKU0110,223,212,59,1
S012,SKU0111,124,97,31,6
S012,SKU0112,258,231,77,7
S012,SKU0113,64,31,118,4
S012,SKU0114,64,49,82,7
S012,SKU0115,195,162,43,4
S012,SKU0116,78,43,88,4
S012,SKU0117,237,221,45,4
S012,SKU0118,81,62,51,6
S012,SKU0119,60,33,89,6
S012,SKU0120,277,267,36,7
S012,SKU0121,98,87,99,6
S012,SKU0122,73,52,75,6
S012,SKU0123,226,215,140,6
S012,SKU0124,193,159,100,1
S012,SKU0125,282,247,50,7
S012,SKU0126,155,118,31,4
S012,SKU0127,237,217,125,1
S012,SKU0128,293,268,134,1
S012,SKU0129,88,75,23,2
S012,SKU0130,78,60,101,3
S012,SKU0131,221,197,70,1
S012,SKU0132,253,238,84,3
S012,SKU0133,56,23,63,2
S012,SKU0134,240,216,32,7
S012,SKU0135,273,239,85,2
S012,SKU0136,236,216,88,5
S012,SKU0137,51,16,74,2
S012,SKU0138,136,109,69,6
S012,SKU0139,162,139,35,3
S012,SKU0140,58,19,107,4
S012,SKU0141,99,85,129,4
S012,SKU0142,282,258,50,4
S012,SKU0143,225,196,120,4
S012,SKU0144,133,100,79,2
S012,SKU0145,207,190,66,3
S012,SKU0146,214,198,55,2
S012,SKU0147,245,212,80,4
S012,SKU0148,279,256,36,2
S012,SKU0149,238,223,47,4
S012,SKU0150,281,268,55,3
S012,SKU0151,248,223,116,6
S012,SKU0152,133,96,121,6
S012,SKU0153,253,214,60,2
S012,SKU0154,264,241,87,1
S012,SKU0155,268,250,70,3
S012,SKU0156,154,122,114,4
S012,SKU0157,133,109,26,5
S012,SKU0158,70,48,48,3
S012,SKU0159,52,31,78,1
S012,SKU0160,221,196,56,4
S012,SKU0161,255,233,25,3
S012,SKU0162,215,185,142,1
S012,SKU0163,50,28,102,5
S012,SKU0164,104,71,57,1
S012,SKU0165,256,243,94,1
S012,SKU0166,189,167,67,5
S012,SKU0167,81,50,32,3
S012,SKU0168,207,170,117,5
S012,SKU0169,125,112,147,2
S012,SKU0170,193,182,92,2
S012,SKU0171,206,182,36,2
S012,SKU0172,187,164,132,2
S012,SKU0173,72,61,64,1
S012,SKU0174,287,272,149,6
S012,SKU0175,150,111,35,3
S012,SKU0176,126,101,141,7
S012,SKU0177,167,144,118,4
S012,SKU0178,111,73,22,7
S012,SKU0179,193,158,143,6
S012,SKU0180,75,56,81,4
S012,SKU0181,218,200,63,2
S012,SKU0182,189,163,84,3
S012,SKU0183,85,54,110,4
S012,SKU0184,116,87,149,7
S012,SKU0185,50,19,119,2
S012,SKU0186,228,205,32,2
S012,SKU0187,88,62,145,4
S012,SKU0188,124,100,56,4
S012,SKU0189,133,102,65,3
S012,SKU0190,264,244,54,7
S012,SKU0191,92,53,26,5
S012,SKU0192,222,197,86,4
S012,SKU0193,226,192,96,6
S012,SKU0194,52,33,31,6
S012,SKU0195,206,169,46,3
S012,SKU0196,155,128,35,4
S012,SKU0197,55,31,90,6
S012,SKU0198,69,31,69,5
S012,SKU0199,188,169,38,7
S012,SKU0200,61,24,97,7
S012,SKU0201,236,208,126,7
S012,SKU0202,196,166,73,7
S012,SKU0203,182,156,70,1
S012,SKU0204,186,163,58,6
S012,SKU0205,281,267,145,1
S012,SKU0206,272,246,30,7
S012,SKU0207,173,137,81,4
S012,SKU0208,197,181,83,7
S012,SKU0209,151,137,43,1
S012,SKU0210,265,250,41,6
S012,SKU0211,238,203,77,2
S012,SKU0212,74,46,131,3
S012,SKU0213,85,73,112,2
S012,SKU0214,84,54,34,1
S012,SKU0215,190,172,27,1
S012,SKU0216,147,115,138,1
S012,SKU0217,118,86,130,5
S012,SKU0218,264,247,90,7
S012,SKU0219,292,279,84,1
S012,SKU0220,172,157,85,2
S012,SKU0221,148,113,53,2
S012,SKU0222,91,74,94,6
S012,SKU0223,150,118,67,6
S012,SKU0224,229,194,57,5
S012,SKU0225,147,131,102,5
S012,SKU0226,146,122,84,4
S012,SKU0227,175,152,143,2
S012,SKU0228,141,122,130,5
S012,SKU0229,185,151,92,5
S012,SKU0230,91,63,109,3
S012,SKU0231,238,199,92,5
S012,SKU0232,198,168,146,1
S012,SKU0233,242,228,43,7
S012,SKU0234,109,81,96,3
S012,SKU0235,78,40,21,5
S012,SKU0236,87,54,58,2
S012,SKU0237,90,55,30,2
S012,SKU0238,169,147,124,7
S012,SKU0239,175,154,71,1
S012,SKU0240,94,78,78,6
S012,SKU0241,122,102,111,6
S012,SKU0242,274,258,43,2
S012,SKU0243,189,162,46,2
S012,SKU0244,88,69,60,5
S012,SKU0245,252,229,107,2
S012,SKU0246,219,198,124,5
S012,SKU0247,298,265,76,5
S012,SKU0248,72,52,96,5
S012,SKU0249,70,36,138,7
S012,SKU0250,191,171,96,6
S012,SKU0251,142,131,96,7
S012,SKU0252,246,215,98,1
S012,SKU0253,268,257,145,5
S012,SKU0254,262,246,87,4
S012,SKU0255,275,254,57,3
S012,SKU0256,280,252,123,4
S012,SKU0257,139,104,80,1
S012,SKU0258,115,101,136,3
S012,SKU0259,275,241,26,4
S012,SKU0260,141,127,82,2
S012,SKU0261,88,67,101,7
S012,SKU0262,268,229,89,2
S012,SKU0263,69,56,22,2
S012,SKU0264,222,212,53,3
S012,SKU0265,210,191,21,3
S012,SKU0266,294,278,88,4
S012,SKU0267,262,228,33,6
S012,SKU0268,120,92,124,5
S012,SKU0269,87,57,104,1
S012,SKU0270,59,27,79,6
S012,SKU0271,95,69,30,3
S012,SKU0272,74,49,73,2
S012,SKU0273,130,114,112,6
S012,SKU0274,140,121,47,6
S012,SKU0275,208,190,116,4
S012,SKU0276,174,159,50,1
S012,SKU0277,119,86,49,7
S012,SKU0278,169,143,114,1
S012,SKU0279,103,74,146,5
S012,SKU0280,76,45,50,5
S012,SKU0281,104,66,71,4
S012,SKU0282,255,221,37,6
S012,SKU0283,178,141,115,2
S012,SKU0284,253,215,40,3
S012,SKU0285,74,38,22,2
S012,SKU0286,69,58,117,3
S012,SKU0287,276,251,99,3
S012,SKU0288,252,223,60,3
S012,SKU0289,242,206,118,1
S012,SKU0290,281,242,108,2
S012,SKU0291,171,146,78,2
S012,SKU0292,119,90,28,1
S012,SKU0293,113,78,88,7
S012,SKU0294,61,45,75,2
S012,SKU0295,179,152,53,4
S012,SKU0296,271,261,101,4
S012,SKU0297,236,215,110,7
S012,SKU0298,193,168,33,4
S012,SKU0299,244,205,122,4
S012,SKU0300,153,117,75,3
S012,SKU0301,188,151,65,6
S012,SKU0302,260,228,133,2
S012,SKU0303,277,260,34,1
S012,SKU0304,96,79,58,7
S012,SKU0305,290,261,137,3
S012,SKU0306,280,247,39,4
S012,SKU0307,88,60,52,6
S012,SKU0308,159,143,118,5
S012,SKU0309,88,59,76,6
S012,SKU0310,192,155,57,4
S012,SKU0311,121,92,52,5
S012,SKU0312,93,68,145,5
S012,SKU0313,186,159,113,5
S012,SKU0314,104,94,60,2
S012,SKU0315,153,115,143,2
S012,SKU0316,70,59,121,3
S012,SKU0317,115,102,88,5
S012,SKU0318,68,37,24,5
S012,SKU0319,181,155,71,3
S012,SKU0320,90,58,33,3
S012,SKU0321,250,238,43,7
S012,SKU0322,225,200,35,5
S012,SKU0323,113,86,96,5
S012,SKU0324,282,257,86,6
S012,SKU0325,158,143,50,6
S012,SKU0326,190,174,91,7
S012,SKU0327,157,121,79,6
S012,SKU0328,252,221,61,3
S012,SKU0329,148,122,91,1
S012,SKU0330,288,249,95,3
S012,SKU0331,73,37,32,5
S012,SKU0332,183,162,76,2
S012,SKU0333,242,209,115,4
S012,SKU0334,181,169,113,5
S012,SKU0335,112,86,112,5
S012,SKU0336,74,40,44,1
S012,SKU0337,56,32,122,1
S012,SKU0338,225,215,96,1
S012,SKU0339,104,94,112,3
S012,SKU0340,106,91,76,4
S012,SKU0341,239,202,28,2
S012,SKU0342,227,208,104,5
S012,SKU0343,267,254,74,2
S012,SKU0344,140,103,135,6
S012,SKU0345,70,35,54,1
S012,SKU0346,185,167,117,4
S012,SKU0347,96,62,145,6
S012,SKU0348,270,258,118,7
S012,SKU0349,252,227,142,6
S012,SKU0350,295,256,22,2
S012,SKU0351,242,223,66,1
S012,SKU0352,194,164,52,1
S012,SKU0353,298,268,93,3
S012,SKU0354,98,73,124,3
S012,SKU0355,54,39,119,3
S012,SKU0356,260,229,26,7
S012,SKU0357,130,99,68,4
S012,SKU0358,76,56,46,4
S012,SKU0359,198,172,53,7
S012,SKU0360,168,129,70,5
S012,SKU0361,243,217,38,2
S012,SKU0362,289,250,65,7
S012,SKU0363,291,270,45,3
S012,SKU0364,84,68,65,1
S012,SKU0365,67,50,100,4
S012,SKU0366,241,215,82,1
S012,SKU0367,271,239,145,3
S012,SKU0368,194,181,72,1
S012,SKU0369,54,40,118,6
S012,SKU0370,186,160,143,7
S012,SKU0371,101,82,101,6
S012,SKU0372,100,80,31,4
S012,SKU0373,221,195,98,6
S012,SKU0374,72,56,50,6
S012,SKU0375,159,148,124,7
S012,SKU0376,83,62,110,5
S012,SKU0377,261,240,145,1
S012,SKU0378,206,169,117,1
S012,SKU0379,52,14,88,3
S012,SKU0380,164,149,62,4
S012,SKU0381,165,153,79,1
S012,SKU0382,287,260,113,3
S012,SKU0383,252,221,104,2
S012,SKU0384,222,210,50,2
S012,SKU0385,246,224,141,7
S012,SKU0386,246,228,90,6
S012,SKU0387,125,97,23,7
S012,SKU0388,245,210,111,4
S012,SKU0389,144,110,35,2
S012,SKU0390,153,135,22,5
S012,SKU0391,173,144,131,3
S012,SKU0392,225,203,37,7
S012,SKU0393,86,59,99,3
S012,SKU0394,263,237,67,3
S012,SKU0395,246,208,70,2
S012,SKU0396,138,110,29,5
S012,SKU0397,97,85,108,1
S012,SKU0398,272,257,102,2
S012,SKU0399,175,154,113,5
S012,SKU0400,170,160,109,5
S012,SKU0401,160,136,40,7
S012,SKU0402,123,113,45,5
S012,SKU0403,102,64,133,3
S012,SKU0404,213,192,69,4
S012,SKU0405,297,262,88,5
S012,SKU0406,210,177,67,7
S012,SKU0407,290,257,28,5
S012,SKU0408,236,208,110,2
S012,SKU0409,92,69,90,7
S012,SKU0410,74,49,27,3
S012,SKU0411,147,132,116,5
S012,SKU0412,286,259,78,7
S012,SKU0413,278,250,140,1
S012,SKU0414,217,179,43,4
S012,SKU0415,201,164,73,3
S012,SKU0416,190,178,68,3
S012,SKU0417,170,132,97,3
S012,SKU0418,88,59,77,6
S012,SKU0419,106,84,30,5
S012,SKU0420,265,230,65,5
S012,SKU0421,294,284,50,4
S012,SKU0422,191,172,116,1
S012,SKU0423,260,222,87,4
S012,SKU0424,253,242,39,5
S012,SKU0425,187,158,129,1
S012,SKU0426,248,228,90,6
S012,SKU0427,181,155,65,7
S012,SKU0428,210,199,118,5
S012,SKU0429,276,260,34,2
S012,SKU0430,280,264,44,3
S012,SKU0431,186,163,143,5
S012,SKU0432,89,61,133,3
S012,SKU0433,195,178,145,3
S012,SKU0434,171,143,149,2
S012,SKU0435,166,145,39,2
S012,SKU0436,108,94,109,4
S012,SKU0437,238,222,125,4
S012,SKU0438,132,103,110,4
S012,SKU0439,115,92,68,6
S012,SKU0440,178,160,106,5
S012,SKU0441,209,192,123,4
S012,SKU0442,134,97,102,7
S012,SKU0443,74,58,75,6
S012,SKU0444,190,178,98,3
S012,SKU0445,232,218,65,2
S012,SKU0446,291,268,97,6
S012,SKU0447,215,196,61,4
S012,SKU0448,136,97,143,5
S012,SKU0449,79,65,87,1
S012,SKU0450,141,112,116,7
S012,SKU0451,148,131,131,5
S012,SKU0452,279,249,84,3
S012,SKU0453,105,90,42,7
S012,SKU0454,148,132,110,2
S012,SKU0455,258,248,48,1
S012,SKU0456,205,186,122,2
S012,SKU0457,110,93,94,6
S012,SKU0458,163,131,72,3
S012,SKU0459,113,89,127,2
S012,SKU0460,176,150,111,6
S012,SKU0461,158,127,79,5
S012,SKU0462,281,256,127,1
S012,SKU0463,293,267,93,2
S012,SKU0464,114,98,96,2
S012,SKU0465,65,29,107,7
S012,SKU0466,138,113,114,6
S012,SKU0467,156,134,86,5
S012,SKU0468,249,233,53,3
S012,SKU0469,56,20,50,7
S012,SKU0470,173,152,146,7
S012,SKU0471,289,270,45,5
S012,SKU0472,85,63,133,6
S012,SKU0473,176,162,34,4
S012,SKU0474,219,200,121,2
S012,SKU0475,284,266,122,4
S012,SKU0476,114,79,32,3
S012,SKU0477,173,135,77,2
S012,SKU0478,94,64,143,5
S012,SKU0479,70,35,136,7
S012,SKU0480,205,194,90,5
S012,SKU0481,96,59,26,7
S012,SKU0482,238,228,50,4
S012,SKU0483,86,61,67,3
S012,SKU0484,94,60,119,4
S012,SKU0485,137,120,60,7
S012,SKU0486,183,162,65,1
S012,SKU0487,68,32,116,1
S012,SKU0488,243,223,61,5
S012,SKU0489,230,211,46,7
S012,SKU0490,65,31,143,3
S012,SKU0491,218,188,84,3
S012,SKU0492,264,249,127,1
S012,SKU0493,271,244,143,3
S012,SKU0494,188,177,97,5
S012,SKU0495,261,239,143,4
S012,SKU0496,81,65,68,1
S012,SKU0497,225,195,113,1
S012,SKU0498,235,224,137,4
S012,SKU0499,204,194,106,4
S012,SKU0500,131,119,104,2
S013,SKU0001,157,137,83,2
S013,SKU0002,203,180,99,4
S013,SKU0003,215,205,130,5
S013,SKU0004,180,166,21,4
S013,SKU0005,56,26,71,5
S013,SKU0006,114,89,93,6
S013,SKU0007,290,262,80,3
S013,SKU0008,249,238,47,5
S013,SKU0009,267,244,90,4
S013,SKU0010,277,255,37,7
S013,SKU0011,219,191,20,5
S013,SKU0012,202,189,127,6
S013,SKU0013,106,79,149,1
S013,SKU0014,271,260,140,5
S013,SKU0015,56,18,144,4
S013,SKU0016,160,149,143,7
S013,SKU0017,288,265,31,7
S013,SKU0018,244,214,55,2
S013,SKU0019,193,177,132,5
S013,SKU0020,236,221,68,6
S013,SKU0021,135,115,40,2
S013,SKU0022,256,236,104,6
S013,SKU0023,176,158,97,7
S013,SKU0024,59,47,119,6
S013,SKU0025,117,87,52,5
S013,SKU0026,254,231,106,6
S013,SKU0027,61,48,104,7
S013,SKU0028,294,269,143,7
S013,SKU0029,221,192,67,4
S013,SKU0030,184,151,127,2
S013,SKU0031,122,98,50,4
S013,SKU0032,199,184,118,7
S013,SKU0033,207,191,87,4
S013,SKU0034,202,184,66,2
S013,SKU0035,244,208,149,6
S013,SKU0036,277,264,51,1
S013,SKU0037,190,167,52,2
S013,SKU0038,74,51,87,7
S013,SKU0039,245,229,25,7
S013,SKU0040,257,238,50,1
S013,SKU0041,105,84,91,2
S013,SKU0042,274,235,43,6
S013,SKU0043,292,255,47,1
S013,SKU0044,279,241,101,7
S013,SKU0045,177,146,128,4
S013,SKU0046,191,164,92,3
S013,SKU0047,219,195,100,5
S013,SKU0048,254,235,126,7
S013,SKU0049,141,121,45,3
S013,SKU0050,136,98,130,7
S013,SKU0051,103,93,109,3
S013,SKU0052,98,79,72,2
S013,SKU0053,166,152,132,7
S013,SKU0054,99,78,67,4
S013,SKU0055,101,67,134,2
S013,SKU0056,131,120,145,1
S013,SKU0057,139,117,108,2
S013,SKU0058,53,25,117,4
S013,SKU0059,109,86,22,3
S013,SKU0060,296,263,127,3
S013,SKU0061,51,15,24,2
S013,SKU0062,161,136,67,3
S013,SKU0063,71,37,131,7
S013,SKU0064,253,230,135,1
S013,SKU0065,276,248,57,6
S013,SKU0066,183,161,92,3
S013,SKU0067,281,259,136,3
S013,SKU0068,63,29,39,7
S013,SKU0069,127,93,45,5
S013,SKU0070,269,242,76,5
S013,SKU0071,98,68,90,5
S013,SKU0072,70,48,48,1
S013,SKU0073,258,232,145,2
S013,SKU0074,117,103,25,3
S013,SKU0075,86,48,86,4
S013,SKU0076,160,134,78,1
S013,SKU0077,291,259,85,6
S013,SKU0078,119,86,122,3
S013,SKU0079,52,36,39,3
S013,SKU0080,169,152,111,5
S013,SKU0081,130,101,102,5
S013,SKU0082,142,124,61,1
S013,SKU0083,254,241,74,1
S013,SKU0084,75,56,63,5
S013,SKU0085,177,142,131,3
S013,SKU0086,265,241,35,6
S013,SKU0087,199,184,132,3
S013,SKU0088,293,274,93,3
S013,SKU0089,137,117,129,2
S013,SKU0090,132,120,123,1
S013,SKU0091,248,229,62,1
S013,SKU0092,127,102,121,5
S013,SKU0093,193,166,90,3
S013,SKU0094,281,261,133,1
S013,SKU0095,209,193,96,4
S013,SKU0096,65,29,91,4
S013,SKU0097,168,134,99,7
S013,SKU0098,125,87,80,3
S013,SKU0099,244,205,138,5
S013,SKU0100,195,181,26,1
S013,SKU0101,66,43,29,1
S013,SKU0102,73,58,123,1
S013,SKU0103,294,278,144,4
S013,SKU0104,119,108,45,6
S013,SKU0105,62,52,56,5
S013,SKU0106,163,141,53,6
S013,SKU0107,272,255,116,7
S013,SKU0108,271,245,71,2
S013,SKU0109,78,51,23,6
S013,SKU0110,71,41,144,4
S013,SKU0111,134,95,53,7
S013,SKU0112,53,30,30,7
S013,SKU0113,227,207,100,4
S013,SKU0114,185,170,134,6
S013,SKU0115,153,138,128,1
S013,SKU0116,127,95,117,4
S013,SKU0117,246,232,47,5
S013,SKU0118,146,120,39,2
S013,SKU0119,191,168,139,3
S013,SKU0120,102,71,85,1
S013,SKU0121,200,167,99,3
S013,SKU0122,217,186,86,4
S013,SKU0123,107,79,125,4
S013,SKU0124,293,269,126,5
S013,SKU0125,289,250,71,7
S013,SKU0126,81,71,120,2
S013,SKU0127,168,142,111,4
S013,SKU0128,89,74,149,2
S013,SKU0129,195,184,22,6
S013,SKU0130,123,113,118,3
S013,SKU0131,77,65,148,2
S013,SKU0132,225,203,133,1
S013,SKU0133,54,29,93,4
S013,SKU0134,193,168,50,7
S013,SKU0135,145,115,63,6
S013,SKU0136,204,171,90,1
S013,SKU0137,130,112,92,3
S013,SKU0138,214,193,33,7
S013,SKU0139,73,35,94,2
S013,SKU0140,162,135,106,1
S013,SKU0141,221,189,103,1
S013,SKU0142,230,211,28,4
S013,SKU0143,189,167,75,4
S013,SKU0144,114,93,47,5
S013,SKU0145,222,211,97,6
S013,SKU0146,228,205,81,3
S013,SKU0147,55,39,82,3
S013,SKU0148,85,71,35,1
S013,SKU0149,231,207,92,2
S013,SKU0150,123,104,103,3
S013,SKU0151,196,180,47,1
S013,SKU0152,103,86,139,1
S013,SKU0153,175,146,39,1
S013,SKU0154,167,145,129,4
S013,SKU0155,93,63,49,2
S013,SKU0156,51,31,69,2
S013,SKU0157,128,115,40,7
S013,SKU0158,270,240,68,7
S013,SKU0159,277,253,38,4
S013,SKU0160,98,87,144,3
S013,SKU0161,108,89,90,7
S013,SKU0162,271,249,144,4
S013,SKU0163,220,189,67,1
S013,SKU0164,207,172,128,7
S013,SKU0165,165,140,41,6
S013,SKU0166,83,44,44,5
S013,SKU0167,136,118,119,7
S013,SKU0168,274,253,84,3
S013,SKU0169,56,43,60,4
S013,SKU0170,145,119,107,4
S013,SKU0171,203,182,49,1
S013,SKU0172,144,134,88,5
S013,SKU0173,167,145,127,5
S013,SKU0174,266,231,22,2
S013,SKU0175,110,87,126,7
S013,SKU0176,112,90,85,3
S013,SKU0177,278,267,106,5
S013,SKU0178,135,117,139,2
S013,SKU0179,51,27,25,1
S013,SKU0180,201,168,67,6
S013,SKU0181,81,53,52,4
S013,SKU0182,185,150,141,4
S013,SKU0183,159,149,38,3
S013,SKU0184,287,256,125,7
S013,SKU0185,162,131,48,5
S013,SKU0186,225,195,39,1
S013,SKU0187,195,181,89,6
S013,SKU0188,135,113,58,5
S013,SKU0189,234,222,28,6
S013,SKU0190,111,85,110,3
S013,SKU0191,293,271,61,2
S013,SKU0192,207,194,126,2
S013,SKU0193,95,79,81,2
S013,SKU0194,184,173,136,7
S013,SKU0195,130,100,136,3
S013,SKU0196,199,178,99,5
S013,SKU0197,156,134,41,3
S013,SKU0198,279,257,114,2
S013,SKU0199,126,107,21,2
S013,SKU0200,160,127,42,2
S013,SKU0201,81,64,144,7
S013,SKU0202,118,89,86,7
S013,SKU0203,70,32,53,1
S013,SKU0204,265,242,80,4
S013,SKU0205,228,216,30,1
S013,SKU0206,89,53,148,1
S013,SKU0207,66,29,74,7
S013,SKU0208,219,188,80,7
S013,SKU0209,271,241,64,3
S013,SKU0210,187,174,43,3
S013,SKU0211,244,223,67,1
S013,SKU0212,159,132,22,6
S013,SKU0213,192,172,138,6
S013,SKU0214,283,269,124,6
S013,SKU0215,153,139,123,4
S013,SKU0216,150,112,115,7
S013,SKU0217,290,252,118,2
S013,SKU0218,98,59,63,1
S013,SKU0219,112,83,135,6
S013,SKU0220,123,101,58,6
S013,SKU0221,217,185,49,7
S013,SKU0222,139,106,27,2
S013,SKU0223,69,37,39,4
S013,SKU0224,163,139,50,6
S013,SKU0225,216,181,34,2
S013,SKU0226,280,258,37,1
S013,SKU0227,206,194,41,1
S013,SKU0228,284,255,96,3
S013,SKU0229,107,70,90,5
S013,SKU0230,65,41,63,2
S013,SKU0231,233,211,61,6
S013,SKU0232,94,73,106,4
S013,SKU0233,91,59,89,2
S013,SKU0234,236,209,39,4
S013,SKU0235,220,205,21,7
S013,SKU0236,235,217,78,2
S013,SKU0237,69,59,142,4
S013,SKU0238,252,215,100,3
S013,SKU0239,207,170,85,3
S013,SKU0240,276,253,26,6
S013,SKU0241,269,233,121,1
S013,SKU0242,173,147,104,5
S013,SKU0243,210,192,147,2
S013,SKU0244,117,87,137,1
S013,SKU0245,224,214,135,3
S013,SKU0246,185,156,89,6
S013,SKU0247,115,81,96,2
S013,SKU0248,290,267,101,2
S013,SKU0249,144,111,46,1
S013,SKU0250,252,218,71,4
S013,SKU0251,107,79,126,5
S013,SKU0252,127,93,88,3
S013,SKU0253,125,114,91,5
S013,SKU0254,52,40,68,5
S013,SKU0255,180,159,69,4
S013,SKU0256,219,200,100,4
S013,SKU0257,198,168,22,1
S013,SKU0258,259,235,130,2
S013,SKU0259,238,224,123,5
S013,SKU0260,203,189,59,2
S013,SKU0261,117,87,101,2
S013,SKU0262,190,175,139,5
S013,SKU0263,91,57,35,6
S013,SKU0264,209,174,25,7
S013,SKU0265,125,95,135,2
S013,SKU0266,164,154,136,3
S013,SKU0267,257,220,38,5
S013,SKU0268,288,278,132,7
S013,SKU0269,165,137,82,1
S013,SKU0270,246,230,97,7
S013,SKU0271,84,48,111,5
S013,SKU0272,246,225,118,1
S013,SKU0273,228,216,148,5
S013,SKU0274,98,80,65,2
S013,SKU0275,88,65,144,4
S013,SKU0276,233,209,107,4
S013,SKU0277,116,78,121,2
S013,SKU0278,193,156,59,7
S013,SKU0279,202,185,88,3
S013,SKU0280,257,236,126,1
S013,SKU0281,234,211,102,5
S013,SKU0282,56,41,37,4
S013,SKU0283,129,91,131,1
S013,SKU0284,138,104,128,1
S013,SKU0285,161,137,138,3
S013,SKU0286,219,203,128,3
S013,SKU0287,159,144,65,2
S013,SKU0288,105,80,71,7
S013,SKU0289,188,176,121,2
S013,SKU0290,71,52,26,7
S013,SKU0291,129,101,138,5
S013,SKU0292,54,41,103,5
S013,SKU0293,140,126,49,2
S013,SKU0294,109,74,148,7
S013,SKU0295,161,130,134,4
S013,SKU0296,146,126,130,3
S013,SKU0297,87,48,64,1
S013,SKU0298,53,40,89,4
S013,SKU0299,86,76,24,7
S013,SKU0300,118,92,122,7
S013,SKU0301,237,217,47,7
S013,SKU0302,238,209,65,6
S013,SKU0303,168,137,66,5
S013,SKU0304,162,137,46,6
S013,SKU0305,299,286,96,7
S013,SKU0306,213,202,22,7
S013,SKU0307,188,154,128,1
S013,SKU0308,289,272,89,7
S013,SKU0309,70,50,33,5
S013,SKU0310,296,260,24,5
S013,SKU0311,158,143,144,6
S013,SKU0312,61,26,99,7
S013,SKU0313,264,230,141,7
S013,SKU0314,144,121,124,4
S013,SKU0315,194,157,34,6
S013,SKU0316,223,210,77,5
S013,SKU0317,188,156,129,2
S013,SKU0318,148,133,63,3
S013,SKU0319,203,172,98,3
S013,SKU0320,162,152,92,6
S013,SKU0321,137,99,86,1
S013,SKU0322,273,261,147,7
S013,SKU0323,131,120,97,1
S013,SKU0324,201,182,67,6
S013,SKU0325,107,75,40,3
S013,SKU0326,139,106,114,1
S013,SKU0327,98,86,149,3
S013,SKU0328,140,114,82,4
S013,SKU0329,243,208,130,3
S013,SKU0330,127,96,102,7
S013,SKU0331,114,90,28,3
S013,SKU0332,296,270,138,6
S013,SKU0333,248,237,48,7
S013,SKU0334,231,211,57,3
S013,SKU0335,140,105,51,6
S013,SKU0336,237,227,25,3
S013,SKU0337,294,260,142,6
S013,SKU0338,125,113,47,2
S013,SKU0339,175,159,78,5
S013,SKU0340,106,72,96,6
S013,SKU0341,140,120,80,5
S013,SKU0342,73,61,96,7
S013,SKU0343,132,97,148,5
S013,SKU0344,225,188,141,1
S013,SKU0345,134,110,118,3
S013,SKU0346,66,33,140,4
S013,SKU0347,284,258,20,2
S013,SKU0348,88,65,129,3
S013,SKU0349,155,127,44,5
S013,SKU0350,175,154,116,4
S013,SKU0351,238,220,49,6
S013,SKU0352,217,180,142,3
S013,SKU0353,72,36,104,4
S013,SKU0354,211,198,102,7
S013,SKU0355,121,99,59,7
S013,SKU0356,240,222,54,4
S013,SKU0357,235,224,60,4
S013,SKU0358,106,90,149,7
S013,SKU0359,242,210,74,4
S013,SKU0360,105,90,56,7
S013,SKU0361,293,281,145,1
S013,SKU0362,187,171,90,4
S013,SKU0363,70,45,143,4
S013,SKU0364,219,185,89,2
S013,SKU0365,247,227,79,2
S013,SKU0366,61,22,148,6
S013,SKU0367,195,169,54,1
S013,SKU0368,240,209,61,2
S013,SKU0369,131,101,120,3
S013,SKU0370,112,76,24,5
S013,SKU0371,145,130,118,2
S013,SKU0372,65,47,58,6
S013,SKU0373,277,262,121,2
S013,SKU0374,299,289,36,5
S013,SKU0375,123,104,98,6
S013,SKU0376,245,206,106,3
S013,SKU0377,194,165,126,2
S013,SKU0378,117,91,80,5
S013,SKU0379,171,146,121,7
S013,SKU0380,162,136,142,2
S013,SKU0381,75,56,73,3
S013,SKU0382,102,89,84,1
S013,SKU0383,224,204,100,2
S013,SKU0384,236,203,80,6
S013,SKU0385,243,206,133,5
S013,SKU0386,83,65,80,5
S013,SKU0387,136,121,121,3
S013,SKU0388,74,64,126,5
S013,SKU0389,196,167,122,3
S013,SKU0390,134,123,86,6
S013,SKU0391,167,152,135,2
S013,SKU0392,171,140,71,1
S013,SKU0393,132,100,112,2
S013,SKU0394,233,199,54,3
S013,SKU0395,175,136,71,5
S013,SKU0396,211,176,101,1
S013,SKU0397,136,122,66,1
S013,SKU0398,88,53,84,3
S013,SKU0399,276,243,29,4
S013,SKU0400,242,225,140,4
S013,SKU0401,221,188,45,5
S013,SKU0402,102,64,80,7
S013,SKU0403,213,182,56,7
S013,SKU0404,287,274,40,6
S013,SKU0405,280,244,137,5
S013,SKU0406,147,109,144,4
S013,SKU0407,95,69,93,7
S013,SKU0408,185,164,65,6
S013,SKU0409,114,76,87,2
S013,SKU0410,61,24,105,3
S013,SKU0411,213,195,111,6
S013,SKU0412,213,177,78,1
S013,SKU0413,174,137,20,6
S013,SKU0414,232,219,101,1
S013,SKU0415,55,43,75,7
S013,SKU0416,72,39,38,3
S013,SKU0417,114,81,62,5
S013,SKU0418,54,22,72,7
S013,SKU0419,246,228,55,1
S013,SKU0420,215,184,127,1
S013,SKU0421,212,196,56,1
S013,SKU0422,103,86,129,4
S013,SKU0423,75,48,79,6
S013,SKU0424,185,163,146,4
S013,SKU0425,127,94,122,3
S013,SKU0426,284,264,110,4
S013,SKU0427,279,266,95,6
S013,SKU0428,264,245,126,3
S013,SKU0429,77,67,105,6
S013,SKU0430,94,63,54,4
S013,SKU0431,64,25,47,4
S013,SKU0432,269,246,51,5
S013,SKU0433,262,239,92,4
S013,SKU0434,112,96,119,1
S013,SKU0435,75,42,121,1
S013,SKU0436,187,167,134,1
S013,SKU0437,215,198,100,1
S013,SKU0438,62,46,100,4
S013,SKU0439,280,259,74,6
S013,SKU0440,111,81,25,1
S013,SKU0441,269,259,60,3
S013,SKU0442,77,61,36,1
S013,SKU0443,125,100,85,3
S013,SKU0444,133,115,116,1
S013,SKU0445,66,51,28,3
S013,SKU0446,216,200,136,6
S013,SKU0447,116,90,96,7
S013,SKU0448,261,249,30,3
S013,SKU0449,215,205,59,6
S013,SKU0450,203,172,137,4
S013,SKU0451,168,139,27,6
S013,SKU0452,137,108,41,1
S013,SKU0453,95,84,67,6
S013,SKU0454,275,264,107,6
S013,SKU0455,71,40,110,3
S013,SKU0456,86,64,67,4
S013,SKU0457,152,122,149,1
S013,SKU0458,97,79,140,5
S013,SKU0459,88,60,105,4
S013,SKU0460,219,201,92,7
S013,SKU0461,292,280,48,6
S013,SKU0462,278,250,98,6
S013,SKU0463,124,92,89,2
S013,SKU0464,271,246,40,4
S013,SKU0465,76,47,76,7
S013,SKU0466,164,142,79,7
S013,SKU0467,149,125,50,4
S013,SKU0468,86,68,68,7
S013,SKU0469,259,245,102,6
S013,SKU0470,158,119,85,2
S013,SKU0471,271,242,34,7
S013,SKU0472,85,62,115,7
S013,SKU0473,260,228,103,4
S013,SKU0474,84,60,108,3
S013,SKU0475,174,158,146,2
S013,SKU0476,248,215,94,2
S013,SKU0477,117,79,141,3
S013,SKU0478,151,121,124,1
S013,SKU0479,250,217,83,1
S013,SKU0480,244,211,147,3
S013,SKU0481,167,137,87,4
S013,SKU0482,139,105,104,4
S013,SKU0483,218,188,101,5
S013,SKU0484,220,190,38,6
S013,SKU0485,275,253,67,7
S013,SKU0486,246,231,54,6
S013,SKU0487,254,229,127,7
S013,SKU0488,177,139,40,3
S013,SKU0489,286,259,114,4
S013,SKU0490,134,112,71,3
S013,SKU0491,171,152,25,4
S013,SKU0492,156,130,56,6
S013,SKU0493,118,103,90,6
S013,SKU0494,91,52,96,2
S013,SKU0495,163,145,49,2
S013,SKU0496,155,126,92,1
S013,SKU0497,126,102,121,4
S013,SKU0498,139,119,29,7
S013,SKU0499,218,181,25,6
S013,SKU0500,128,104,77,6
S014,SKU0001,104,77,103,2
S014,SKU0002,94,79,23,3
S014,SKU0003,107,86,47,4
S014,SKU0004,162,126,78,2
S014,SKU0005,286,257,65,2
S014,SKU0006,247,209,148,4
S014,SKU0007,279,250,60,6
S014,SKU0008,233,212,140,1
S014,SKU0009,50,28,41,3
S014,SKU0010,149,135,72,4
S014,SKU0011,76,55,31,2
S014,SKU0012,280,257,31,3
S014,SKU0013,94,67,26,2
S014,SKU0014,251,229,129,5
S014,SKU0015,158,144,110,2
S014,SKU0016,120,86,145,1
S014,SKU0017,93,66,76,7
S014,SKU0018,269,251,71,7
S014,SKU0019,196,181,149,4
S014,SKU0020,222,187,113,4
S014,SKU0021,140,114,116,6
S014,SKU0022,296,271,136,4
S014,SKU0023,181,147,149,2
S014,SKU0024,204,186,50,4
S014,SKU0025,59,47,41,5
S014,SKU0026,268,235,63,1
S014,SKU0027,134,124,126,1
S014,SKU0028,243,214,45,7
S014,SKU0029,103,93,148,6
S014,SKU0030,87,71,62,3
S014,SKU0031,202,177,75,7
S014,SKU0032,181,159,47,7
S014,SKU0033,138,110,25,4
S014,SKU0034,180,144,43,1
S014,SKU0035,213,201,90,1
S014,SKU0036,99,86,96,6
S014,SKU0037,235,215,83,5
S014,SKU0038,80,60,107,2
S014,SKU0039,117,78,69,7
S014,SKU0040,158,128,117,5
S014,SKU0041,130,117,130,1
S014,SKU0042,196,157,120,3
S014,SKU0043,223,210,111,6
S014,SKU0044,143,125,63,1
S014,SKU0045,118,98,132,1
S014,SKU0046,217,201,89,6
S014,SKU0047,156,118,130,6
S014,SKU0048,194,174,97,4
S014,SKU0049,170,139,129,1
S014,SKU0050,65,46,45,2
S014,SKU0051,62,34,21,1
S014,SKU0052,104,84,95,4
S014,SKU0053,173,160,146,7
S014,SKU0054,193,175,51,4
S014,SKU0055,71,56,64,2
S014,SKU0056,267,235,77,3
S014,SKU0057,247,237,105,4
S014,SKU0058,53,32,33,3
S014,SKU0059,165,131,107,1
S014,SKU0060,239,203,91,2
S014,SKU0061,183,167,105,4
S014,SKU0062,132,106,88,1
S014,SKU0063,284,258,52,2
S014,SKU0064,152,123,105,1
S014,SKU0065,228,194,35,5
S014,SKU0066,184,147,21,5
S014,SKU0067,55,16,135,5
S014,SKU0068,128,102,131,1
S014,SKU0069,279,247,144,3
S014,SKU0070,106,71,113,7
S014,SKU0071,55,31,103,7
S014,SKU0072,92,56,47,4
S014,SKU0073,213,201,138,1
S014,SKU0074,59,41,60,3
S014,SKU0075,141,115,62,3
S014,SKU0076,200,162,81,1
S014,SKU0077,244,214,142,1
S014,SKU0078,87,61,103,6
S014,SKU0079,239,220,41,3
S014,SKU0080,95,81,45,5
S014,SKU0081,227,215,125,7
S014,SKU0082,123,96,138,1
S014,SKU0083,255,219,53,6
S014,SKU0084,279,246,67,1
S014,SKU0085,275,242,125,2
S014,SKU0086,91,56,31,2
S014,SKU0087,249,218,106,4
S014,SKU0088,128,103,134,6
S014,SKU0089,196,164,101,6
S014,SKU0090,290,275,24,7
S014,SKU0091,101,87,103,3
S014,SKU0092,193,163,43,1
S014,SKU0093,221,183,103,1
S014,SKU0094,176,161,128,4
S014,SKU0095,274,243,134,2
S014,SKU0096,144,128,40,2
S014,SKU0097,226,211,102,3
S014,SKU0098,152,125,94,4
S014,SKU0099,247,234,22,1
S014,SKU0100,226,205,69,1
S014,SKU0101,125,90,30,2
S014,SKU0102,78,54,24,7
S014,SKU0103,259,248,133,3
S014,SKU0104,293,263,121,4
S014,SKU0105,182,170,125,4
S014,SKU0106,251,229,99,5
S014,SKU0107,153,138,138,5
S014,SKU0108,91,81,67,4
S014,SKU0109,213,195,97,6
S014,SKU0110,282,263,145,6
S014,SKU0111,218,179,92,6
S014,SKU0112,283,263,129,5
S014,SKU0113,286,275,32,5
S014,SKU0114,244,221,55,2
S014,SKU0115,129,98,105,1
S014,SKU0116,259,227,23,2
S014,SKU0117,96,61,73,2
S014,SKU0118,136,115,113,1
S014,SKU0119,163,151,109,3
S014,SKU0120,124,102,52,6
S014,SKU0121,57,37,149,5
S014,SKU0122,140,102,127,5
S014,SKU0123,281,267,112,3
S014,SKU0124,262,236,108,6
S014,SKU0125,287,249,39,6
S014,SKU0126,195,179,64,2
S014,SKU0127,228,201,104,5
S014,SKU0128,257,245,39,3
S014,SKU0129,289,256,26,5
S014,SKU0130,207,192,61,1
S014,SKU0131,266,243,134,3
S014,SKU0132,58,33,121,3
S014,SKU0133,210,174,140,7
S014,SKU0134,129,101,47,7
S014,SKU0135,208,171,133,7
S014,SKU0136,211,197,76,1
S014,SKU0137,58,27,148,3
S014,SKU0138,71,59,46,6
S014,SKU0139,202,177,69,2
S014,SKU0140,77,63,61,7
S014,SKU0141,287,277,98,6
S014,SKU0142,271,251,111,6
S014,SKU0143,218,182,42,2
S014,SKU0144,220,205,62,3
S014,SKU0145,67,54,122,2
S014,SKU0146,149,129,102,1
S014,SKU0147,183,158,125,3
S014,SKU0148,294,256,143,3
S014,SKU0149,195,173,76,1
S014,SKU0150,199,181,78,7
S014,SKU0151,227,194,65,6
S014,SKU0152,171,134,73,2
S014,SKU0153,234,200,77,7
S014,SKU0154,145,111,23,7
S014,SKU0155,112,89,61,5
S014,SKU0156,190,180,68,4
S014,SKU0157,227,191,119,5
S014,SKU0158,89,78,137,6
S014,SKU0159,126,104,55,3
S014,SKU0160,195,173,110,3
S014,SKU0161,247,236,85,2
S014,SKU0162,90,51,71,2
S014,SKU0163,161,128,39,7
S014,SKU0164,173,142,27,2
S014,SKU0165,67,31,36,6
S014,SKU0166,224,213,39,1
S014,SKU0167,182,171,75,7
S014,SKU0168,190,153,68,6
S014,SKU0169,255,216,84,2
S014,SKU0170,69,45,42,2
S014,SKU0171,178,168,82,4
S014,SKU0172,107,71,20,1
S014,SKU0173,55,43,141,1
S014,SKU0174,59,45,23,4
S014,SKU0175,164,144,147,5
S014,SKU0176,250,221,28,7
S014,SKU0177,297,281,80,5
S014,SKU0178,142,132,62,4
S014,SKU0179,84,55,140,5
S014,SKU0180,299,276,145,7
S014,SKU0181,212,193,31,7
S014,SKU0182,117,100,29,6
S014,SKU0183,249,224,103,5
S014,SKU0184,83,67,71,7
S014,SKU0185,215,189,143,6
S014,SKU0186,109,72,87,6
S014,SKU0187,264,226,62,3
S014,SKU0188,134,106,136,5
S014,SKU0189,123,98,73,7
S014,SKU0190,183,167,74,5
S014,SKU0191,285,250,28,7
S014,SKU0192,287,259,41,4
S014,SKU0193,160,143,94,5
S014,SKU0194,208,177,24,2
S014,SKU0195,266,244,40,1
S014,SKU0196,267,231,22,2
S014,SKU0197,253,238,65,2
S014,SKU0198,185,163,130,7
S014,SKU0199,277,265,70,4
S014,SKU0200,106,73,55,4
S014,SKU0201,220,206,38,6
S014,SKU0202,153,141,125,7
S014,SKU0203,119,94,49,3
S014,SKU0204,111,91,118,2
S014,SKU0205,179,141,139,3
S014,SKU0206,150,134,85,1
S014,SKU0207,164,141,115,3
S014,SKU0208,137,119,87,7
S014,SKU0209,75,59,69,2
S014,SKU0210,150,129,22,3
S014,SKU0211,130,91,45,5
S014,SKU0212,210,187,99,3
S014,SKU0213,126,115,110,4
S014,SKU0214,234,220,61,4
S014,SKU0215,224,195,130,1
S014,SKU0216,144,121,76,5
S014,SKU0217,170,139,111,6
S014,SKU0218,55,38,100,7
S014,SKU0219,191,179,114,1
S014,SKU0220,229,192,118,5
S014,SKU0221,52,22,42,1
S014,SKU0222,169,132,35,4
S014,SKU0223,56,40,42,6
S014,SKU0224,203,177,104,7
S014,SKU0225,141,106,97,1
S014,SKU0226,181,158,106,6
S014,SKU0227,226,210,99,4
S014,SKU0228,213,202,80,3
S014,SKU0229,216,198,38,6
S014,SKU0230,298,259,32,1
S014,SKU0231,231,208,54,7
S014,SKU0232,279,266,125,3
S014,SKU0233,140,113,36,4
S014,SKU0234,262,242,45,6
S014,SKU0235,244,233,44,1
S014,SKU0236,250,214,62,7
S014,SKU0237,138,102,32,1
S014,SKU0238,243,210,130,7
S014,SKU0239,186,148,64,2
S014,SKU0240,257,243,38,4
S014,SKU0241,85,70,31,6
S014,SKU0242,205,170,89,1
S014,SKU0243,151,128,56,1
S014,SKU0244,66,40,78,5
S014,SKU0245,112,88,64,5
S014,SKU0246,264,229,92,2
S014,SKU0247,160,134,86,4
S014,SKU0248,72,46,41,5
S014,SKU0249,250,212,102,7
S014,SKU0250,252,224,84,4
S014,SKU0251,114,77,137,6
S014,SKU0252,172,141,123,1
S014,SKU0253,259,224,58,3
S014,SKU0254,279,253,26,4
S014,SKU0255,243,214,52,4
S014,SKU0256,142,117,92,3
S014,SKU0257,213,203,55,1
S014,SKU0258,251,240,107,2
S014,SKU0259,140,101,39,1
S014,SKU0260,104,75,90,5
S014,SKU0261,69,56,68,4
S014,SKU0262,223,198,138,4
S014,SKU0263,80,62,54,3
S014,SKU0264,177,162,125,2
S014,SKU0265,91,75,67,3
S014,SKU0266,156,131,114,2
S014,SKU0267,88,70,128,4
S014,SKU0268,122,106,79,5
S014,SKU0269,260,250,92,2
S014,SKU0270,228,198,39,4
S014,SKU0271,263,244,30,6
S014,SKU0272,213,192,54,7
S014,SKU0273,175,151,63,2
S014,SKU0274,79,54,145,7
S014,SKU0275,108,76,73,4
S014,SKU0276,94,71,69,1
S014,SKU0277,174,139,65,7
S014,SKU0278,86,58,74,4
S014,SKU0279,170,157,88,5
S014,SKU0280,72,33,59,4
S014,SKU0281,164,154,139,6
S014,SKU0282,279,255,31,7
S014,SKU0283,129,101,102,2
S014,SKU0284,132,121,118,2
S014,SKU0285,182,151,126,4
S014,SKU0286,69,41,25,2
S014,SKU0287,299,275,81,3
S014,SKU0288,58,44,140,3
S014,SKU0289,112,88,125,5
S014,SKU0290,143,109,90,2
S014,SKU0291,194,163,136,5
S014,SKU0292,254,242,132,2
S014,SKU0293,80,59,98,1
S014,SKU0294,163,137,67,5
S014,SKU0295,54,35,57,3
S014,SKU0296,266,256,61,7
S014,SKU0297,60,21,67,5
S014,SKU0298,199,171,68,3
S014,SKU0299,299,260,133,5
S014,SKU0300,268,246,33,6
S014,SKU0301,115,101,58,7
S014,SKU0302,178,139,138,1
S014,SKU0303,66,36,134,3
S014,SKU0304,82,72,89,3
S014,SKU0305,134,114,79,2
S014,SKU0306,140,114,45,7
S014,SKU0307,93,66,58,5
S014,SKU0308,292,274,21,4
S014,SKU0309,277,254,128,2
S014,SKU0310,237,205,34,4
S014,SKU0311,124,90,57,2
S014,SKU0312,295,280,26,2
S014,SKU0313,157,135,30,6
S014,SKU0314,253,234,63,2
S014,SKU0315,238,204,64,3
S014,SKU0316,256,243,145,4
S014,SKU0317,175,139,135,3
S014,SKU0318,107,94,134,3
S014,SKU0319,291,276,109,3
S014,SKU0320,210,175,37,4
S014,SKU0321,174,142,77,5
S014,SKU0322,231,218,81,5
S014,SKU0323,90,77,86,7
S014,SKU0324,199,174,139,6
S014,SKU0325,239,223,49,6
S014,SKU0326,50,21,137,6
S014,SKU0327,243,232,33,5
S014,SKU0328,282,261,145,3
S014,SKU0329,256,235,89,7
S014,SKU0330,201,182,39,6
S014,SKU0331,120,108,126,1
S014,SKU0332,75,46,141,6
S014,SKU0333,56,25,85,4
S014,SKU0334,151,141,37,2
S014,SKU0335,112,102,28,2
S014,SKU0336,68,46,78,7
S014,SKU0337,117,83,33,2
S014,SKU0338,95,68,73,1
S014,SKU0339,143,127,135,4
S014,SKU0340,201,167,115,5
S014,SKU0341,71,59,78,6
S014,SKU0342,68,46,144,3
S014,SKU0343,251,232,45,6
S014,SKU0344,267,233,110,3
S014,SKU0345,124,110,39,7
S014,SKU0346,167,129,118,4
S014,SKU0347,157,147,95,1
S014,SKU0348,237,208,32,1
S014,SKU0349,61,38,102,7
S014,SKU0350,215,194,37,7
S014,SKU0351,58,36,129,6
S014,SKU0352,239,222,39,1
S014,SKU0353,292,256,119,5
S014,SKU0354,240,206,36,3
S014,SKU0355,206,179,76,2
S014,SKU0356,267,244,57,3
S014,SKU0357,193,160,95,5
S014,SKU0358,284,269,124,1
S014,SKU0359,191,179,25,1
S014,SKU0360,51,18,83,3
S014,SKU0361,195,183,93,1
S014,SKU0362,269,233,37,1
S014,SKU0363,288,260,79,2
S014,SKU0364,87,51,113,5
S014,SKU0365,152,134,131,5
S014,SKU0366,218,181,34,3
S014,SKU0367,188,152,40,1
S014,SKU0368,274,260,108,3
S014,SKU0369,198,186,53,4
S014,SKU0370,248,228,61,5
S014,SKU0371,263,247,40,7
S014,SKU0372,97,71,28,6
S014,SKU0373,80,41,103,1
S014,SKU0374,208,177,77,7
S014,SKU0375,264,252,62,5
S014,SKU0376,227,188,90,6
S014,SKU0377,237,224,65,3
S014,SKU0378,133,94,39,5
S014,SKU0379,237,207,52,7
S014,SKU0380,126,116,77,3
S014,SKU0381,141,112,29,6
S014,SKU0382,224,213,119,4
S014,SKU0383,130,111,141,7
S014,SKU0384,269,235,98,6
S014,SKU0385,204,166,145,1
S014,SKU0386,68,36,84,6
S014,SKU0387,103,77,46,5
S014,SKU0388,136,117,109,7
S014,SKU0389,213,178,50,2
S014,SKU0390,105,95,44,6
S014,SKU0391,55,22,116,4
S014,SKU0392,228,214,128,3
S014,SKU0393,99,80,110,7
S014,SKU0394,83,44,50,5
S014,SKU0395,213,176,44,2
S014,SKU0396,205,170,96,6
S014,SKU0397,171,137,67,3
S014,SKU0398,279,256,110,3
S014,SKU0399,192,155,136,7
S014,SKU0400,220,181,50,5
S014,SKU0401,170,131,26,7
S014,SKU0402,203,176,119,7
S014,SKU0403,231,212,135,6
S014,SKU0404,219,208,80,7
S014,SKU0405,86,76,139,5
S014,SKU0406,218,202,133,4
S014,SKU0407,195,159,103,1
S014,SKU0408,271,255,55,5
S014,SKU0409,172,137,43,2
S014,SKU0410,289,271,71,5
S014,SKU0411,84,68,143,2
S014,SKU0412,209,186,90,6
S014,SKU0413,255,240,32,6
S014,SKU0414,88,75,96,4
S014,SKU0415,204,170,148,7
S014,SKU0416,290,258,117,1
S014,SKU0417,282,248,124,7
S014,SKU0418,293,283,116,2
S014,SKU0419,154,134,122,3
S014,SKU0420,146,123,26,4
S014,SKU0421,277,239,110,5
S014,SKU0422,87,60,67,2
S014,SKU0423,234,210,94,7
S014,SKU0424,70,54,26,7
S014,SKU0425,276,249,23,2
S014,SKU0426,126,100,24,6
S014,SKU0427,188,166,44,1
S014,SKU0428,59,43,80,5
S014,SKU0429,218,188,82,1
S014,SKU0430,200,177,130,5
S014,SKU0431,52,32,103,2
S014,SKU0432,158,125,147,6
S014,SKU0433,280,269,149,3
S014,SKU0434,117,98,133,6
S014,SKU0435,249,222,128,4
S014,SKU0436,123,97,110,3
S014,SKU0437,135,103,112,6
S014,SKU0438,145,119,95,5
S014,SKU0439,163,133,128,1
S014,SKU0440,86,48,117,1
S014,SKU0441,160,150,58,6
S014,SKU0442,67,48,125,4
S014,SKU0443,78,47,103,4
S014,SKU0444,277,250,28,7
S014,SKU0445,289,252,117,3
S014,SKU0446,194,176,27,5
S014,SKU0447,149,110,71,6
S014,SKU0448,247,230,90,6
S014,SKU0449,51,21,127,7
S014,SKU0450,91,62,88,6
S014,SKU0451,187,175,92,7
S014,SKU0452,163,151,72,2
S014,SKU0453,82,53,123,7
S014,SKU0454,253,233,128,6
S014,SKU0455,164,145,122,4
S014,SKU0456,145,124,35,1
S014,SKU0457,154,120,123,4
S014,SKU0458,104,88,31,7
S014,SKU0459,155,143,73,2
S014,SKU0460,128,106,92,4
S014,SKU0461,184,171,113,1
S014,SKU0462,154,122,118,1
S014,SKU0463,119,109,20,1
S014,SKU0464,266,247,105,1
S014,SKU0465,244,222,48,2
S014,SKU0466,292,268,149,4
S014,SKU0467,185,158,94,3
S014,SKU0468,159,121,126,5
S014,SKU0469,131,115,91,3
S014,SKU0470,200,186,28,7
S014,SKU0471,131,113,103,4
S014,SKU0472,121,88,108,5
S014,SKU0473,256,221,125,5
S014,SKU0474,66,53,101,7
S014,SKU0475,267,243,125,2
S014,SKU0476,200,180,36,1
S014,SKU0477,66,37,73,3
S014,SKU0478,174,142,54,6
S014,SKU0479,75,65,131,5
S014,SKU0480,293,283,49,5
S014,SKU0481,125,113,57,2
S014,SKU0482,274,249,41,4
S014,SKU0483,141,113,49,7
S014,SKU0484,115,78,131,5
S014,SKU0485,129,97,48,2
S014,SKU0486,60,50,118,6
S014,SKU0487,257,219,114,1
S014,SKU0488,95,77,59,6
S014,SKU0489,207,177,78,6
S014,SKU0490,193,173,67,7
S014,SKU0491,130,99,20,4
S014,SKU0492,94,69,149,6
S014,SKU0493,225,206,53,7
S014,SKU0494,81,69,59,6
S014,SKU0495,99,71,81,5
S014,SKU0496,269,240,92,5
S014,SKU0497,81,58,89,6
S014,SKU0498,275,238,105,7
S014,SKU0499,233,217,27,6
S014,SKU0500,139,117,56,5
S015,SKU0001,146,116,98,7
S015,SKU0002,255,226,99,4
S015,SKU0003,125,110,25,1
S015,SKU0004,138,107,120,5
S015,SKU0005,208,178,106,7
S015,SKU0006,104,67,94,2
S015,SKU0007,225,193,45,7
S015,SKU0008,146,121,59,5
S015,SKU0009,244,223,57,3
S015,SKU0010,91,61,62,5
S015,SKU0011,92,80,71,5
S015,SKU0012,130,110,140,2
S015,SKU0013,176,137,147,7
S015,SKU0014,70,31,74,2
S015,SKU0015,122,85,142,5
S015,SKU0016,266,234,135,7
S015,SKU0017,241,202,72,6
S015,SKU0018,230,220,55,2
S015,SKU0019,177,140,147,4
S015,SKU0020,280,267,129,7
S015,SKU0021,234,200,100,1
S015,SKU0022,274,238,27,2
S015,SKU0023,202,175,96,6
S015,SKU0024,257,225,96,7
S015,SKU0025,178,141,35,7
S015,SKU0026,205,177,143,6
S015,SKU0027,143,125,54,1
S015,SKU0028,210,182,75,3
S015,SKU0029,237,201,41,6
S015,SKU0030,133,121,123,6
S015,SKU0031,50,34,122,1
S015,SKU0032,150,129,75,5
S015,SKU0033,220,194,89,7
S015,SKU0034,181,159,103,6
S015,SKU0035,174,140,126,3
S015,SKU0036,153,123,31,4
S015,SKU0037,109,74,53,5
S015,SKU0038,218,206,39,6
S015,SKU0039,297,276,58,4
S015,SKU0040,221,198,95,6
S015,SKU0041,103,81,87,2
S015,SKU0042,149,119,48,2
S015,SKU0043,298,269,41,2
S015,SKU0044,133,104,118,6
S015,SKU0045,182,172,72,7
S015,SKU0046,87,77,113,6
S015,SKU0047,112,95,52,3
S015,SKU0048,251,224,142,5
S015,SKU0049,239,216,111,3
S015,SKU0050,238,207,94,6
S015,SKU0051,222,204,120,3
S015,SKU0052,272,258,32,7
S015,SKU0053,94,71,31,7
S015,SKU0054,77,43,26,6
S015,SKU0055,120,110,85,3
S015,SKU0056,235,198,25,6
S015,SKU0057,141,116,35,4
S015,SKU0058,106,94,123,6
S015,SKU0059,54,15,113,6
S015,SKU0060,143,129,94,1
S015,SKU0061,55,44,102,2
S015,SKU0062,96,78,58,7
S015,SKU0063,99,65,111,4
S015,SKU0064,272,254,130,7
S015,SKU0065,88,50,25,1
S015,SKU0066,76,51,95,6
S015,SKU0067,173,134,148,7
S015,SKU0068,161,133,137,5
S015,SKU0069,128,118,116,4
S015,SKU0070,216,193,37,7
S015,SKU0071,134,103,148,6
S015,SKU0072,166,143,42,2
S015,SKU0073,148,111,67,6
S015,SKU0074,270,245,54,7
S015,SKU0075,293,268,24,7
S015,SKU0076,109,78,103,3
S015,SKU0077,166,152,94,7
S015,SKU0078,160,142,57,4
S015,SKU0079,252,238,140,4
S015,SKU0080,104,71,122,4
S015,SKU0081,75,47,22,2
S015,SKU0082,129,104,35,5
S015,SKU0083,121,93,138,1
S015,SKU0084,260,233,143,3
S015,SKU0085,212,196,126,5
S015,SKU0086,119,92,52,1
S015,SKU0087,211,178,115,5
S015,SKU0088,149,111,92,5
S015,SKU0089,190,154,110,4
S015,SKU0090,236,225,103,3
S015,SKU0091,61,38,54,4
S015,SKU0092,208,195,74,7
S015,SKU0093,299,263,65,3
S015,SKU0094,130,115,23,5
S015,SKU0095,208,192,27,7
S015,SKU0096,204,166,143,5
S015,SKU0097,284,274,98,3
S015,SKU0098,181,145,103,7
S015,SKU0099,227,208,25,7
S015,SKU0100,168,157,105,2
S015,SKU0101,192,177,143,2
S015,SKU0102,172,136,123,6
S015,SKU0103,237,209,94,6
S015,SKU0104,181,153,97,5
S015,SKU0105,198,160,115,5
S015,SKU0106,190,172,145,4
S015,SKU0107,75,59,134,3
S015,SKU0108,99,82,141,3
S015,SKU0109,175,140,61,5
S015,SKU0110,88,61,84,4
S015,SKU0111,65,31,94,5
S015,SKU0112,56,19,149,3
S015,SKU0113,230,194,34,4
S015,SKU0114,160,143,51,3
S015,SKU0115,118,96,97,6
S015,SKU0116,52,16,20,6
S015,SKU0117,266,233,78,2
S015,SKU0118,225,209,82,5
S015,SKU0119,242,206,147,1
S015,SKU0120,80,56,41,5
S015,SKU0121,138,99,66,6
S015,SKU0122,193,169,23,1
S015,SKU0123,61,32,134,6
S015,SKU0124,249,212,68,2
S015,SKU0125,155,129,50,4
S015,SKU0126,208,183,65,2
S015,SKU0127,266,242,33,3
S015,SKU0128,88,55,54,2
S015,SKU0129,125,108,85,6
S015,SKU0130,263,226,53,1
S015,SKU0131,118,93,145,3
S015,SKU0132,214,195,22,1
S015,SKU0133,161,131,60,4
S015,SKU0134,214,183,144,3
S015,SKU0135,229,209,57,4
S015,SKU0136,173,137,87,4
S015,SKU0137,81,49,47,1
S015,SKU0138,151,115,119,5
S015,SKU0139,234,199,149,2
S015,SKU0140,139,111,52,7
S015,SKU0141,91,75,121,7
S015,SKU0142,179,161,99,2
S015,SKU0143,293,264,81,1
S015,SKU0144,236,203,80,6
S015,SKU0145,277,241,93,3
S015,SKU0146,50,11,31,6
S015,SKU0147,76,57,85,3
S015,SKU0148,89,70,67,7
S015,SKU0149,122,103,84,6
S015,SKU0150,128,93,74,2
S015,SKU0151,245,225,75,6
S015,SKU0152,175,142,147,1
S015,SKU0153,58,28,129,2
S015,SKU0154,177,155,89,3
S015,SKU0155,180,152,44,3
S015,SKU0156,216,187,98,1
S015,SKU0157,85,69,53,6
S015,SKU0158,227,192,62,6
S015,SKU0159,109,80,35,5
S015,SKU0160,68,42,141,1
S015,SKU0161,157,147,68,2
S015,SKU0162,59,31,144,3
S015,SKU0163,83,56,35,4
S015,SKU0164,181,155,86,7
S015,SKU0165,94,69,28,3
S015,SKU0166,291,266,69,4
S015,SKU0167,132,98,83,5
S015,SKU0168,95,60,36,3
S015,SKU0169,210,197,35,1
S015,SKU0170,274,250,103,2
S015,SKU0171,102,73,64,5
S015,SKU0172,295,272,77,3
S015,SKU0173,267,253,124,2
S015,SKU0174,120,100,114,5
S015,SKU0175,276,254,86,3
S015,SKU0176,128,89,123,2
S015,SKU0177,239,200,20,1
S015,SKU0178,239,205,79,7
S015,SKU0179,206,182,64,5
S015,SKU0180,232,213,47,2
S015,SKU0181,225,193,117,2
S015,SKU0182,179,150,67,6
S015,SKU0183,166,152,75,5
S015,SKU0184,69,41,40,4
S015,SKU0185,80,70,127,5
S015,SKU0186,137,112,107,3
S015,SKU0187,199,186,34,1
S015,SKU0188,50,27,20,5
S015,SKU0189,263,251,23,5
S015,SKU0190,232,213,149,5
S015,SKU0191,54,26,69,1
S015,SKU0192,64,50,137,3
S015,SKU0193,281,243,29,4
S015,SKU0194,221,202,149,1
S015,SKU0195,166,142,71,5
S015,SKU0196,177,147,37,6
S015,SKU0197,131,115,118,2
S015,SKU0198,190,161,45,3
S015,SKU0199,165,126,51,6
S015,SKU0200,283,248,26,1
S015,SKU0201,66,42,149,6
S015,SKU0202,157,122,107,4
S015,SKU0203,66,51,67,6
S015,SKU0204,174,158,130,3
S015,SKU0205,229,209,64,3
S015,SKU0206,108,75,130,1
S015,SKU0207,189,161,70,2
S015,SKU0208,247,213,70,7
S015,SKU0209,131,112,103,1
S015,SKU0210,197,175,59,5
S015,SKU0211,198,175,61,5
S015,SKU0212,252,223,29,7
S015,SKU0213,54,20,41,6
S015,SKU0214,145,110,89,6
S015,SKU0215,195,177,56,3
S015,SKU0216,241,216,121,5
S015,SKU0217,58,29,46,3
S015,SKU0218,285,266,116,2
S015,SKU0219,139,121,58,4
S015,SKU0220,85,59,144,2
S015,SKU0221,206,176,122,7
S015,SKU0222,101,72,55,6
S015,SKU0223,295,280,116,6
S015,SKU0224,144,111,144,4
S015,SKU0225,105,86,51,5
S015,SKU0226,63,50,78,6
S015,SKU0227,155,144,133,3
S015,SKU0228,249,218,49,2
S015,SKU0229,101,68,56,5
S015,SKU0230,101,87,59,7
S015,SKU0231,96,83,40,1
S015,SKU0232,181,147,70,4
S015,SKU0233,203,172,65,2
S015,SKU0234,74,36,113,4
S015,SKU0235,214,198,141,7
S015,SKU0236,130,95,68,3
S015,SKU0237,85,62,110,1
S015,SKU0238,191,158,34,3
S015,SKU0239,208,172,106,6
S015,SKU0240,106,78,78,1
S015,SKU0241,107,92,126,2
S015,SKU0242,255,228,128,2
S015,SKU0243,157,129,92,1
S015,SKU0244,243,215,61,5
S015,SKU0245,87,64,28,1
S015,SKU0246,197,168,127,7
S015,SKU0247,269,246,94,3
S015,SKU0248,242,213,114,6
S015,SKU0249,191,174,28,4
S015,SKU0250,232,207,73,6
S015,SKU0251,119,87,76,3
S015,SKU0252,187,155,58,5
S015,SKU0253,285,266,104,7
S015,SKU0254,151,132,141,5
S015,SKU0255,151,129,42,5
S015,SKU0256,219,188,93,6
S015,SKU0257,168,149,35,5
S015,SKU0258,88,58,61,4
S015,SKU0259,97,62,144,7
S015,SKU0260,184,167,77,4
S015,SKU0261,210,192,121,2
S015,SKU0262,74,36,21,2
S015,SKU0263,170,135,35,2
S015,SKU0264,233,201,69,2
S015,SKU0265,105,94,63,3
S015,SKU0266,50,35,131,5
S015,SKU0267,149,111,71,6
S015,SKU0268,225,208,86,3
S015,SKU0269,149,136,86,1
S015,SKU0270,89,56,30,5
S015,SKU0271,70,35,135,3
S015,SKU0272,146,134,93,2
S015,SKU0273,282,243,59,5
S015,SKU0274,145,113,114,1
S015,SKU0275,54,23,110,7
S015,SKU0276,246,229,34,6
S015,SKU0277,198,168,41,7
S015,SKU0278,94,68,85,4
S015,SKU0279,260,228,44,2
S015,SKU0280,113,101,122,1
S015,SKU0281,150,127,149,6
S015,SKU0282,143,106,99,7
S015,SKU0283,259,235,119,5
S015,SKU0284,54,23,55,3
S015,SKU0285,82,65,80,7
S015,SKU0286,218,186,140,3
S015,SKU0287,73,45,123,6
S015,SKU0288,151,128,67,6
S015,SKU0289,256,240,58,1
S015,SKU0290,108,87,123,4
S015,SKU0291,177,156,130,7
S015,SKU0292,166,128,115,6
S015,SKU0293,294,278,60,6
S015,SKU0294,61,46,110,3
S015,SKU0295,202,172,81,1
S015,SKU0296,65,29,77,7
S015,SKU0297,293,282,126,5
S015,SKU0298,104,79,77,6
S015,SKU0299,242,227,41,5
S015,SKU0300,286,273,123,6
S015,SKU0301,139,126,45,5
S015,SKU0302,251,219,36,6
S015,SKU0303,198,183,75,7
S015,SKU0304,96,77,145,1
S015,SKU0305,173,142,26,7
S015,SKU0306,193,178,56,5
S015,SKU0307,288,277,81,2
S015,SKU0308,197,170,54,4
S015,SKU0309,72,60,87,2
S015,SKU0310,203,173,148,2
S015,SKU0311,171,143,57,5
S015,SKU0312,72,58,28,3
S015,SKU0313,155,116,123,4
S015,SKU0314,257,219,131,1
S015,SKU0315,188,178,80,7
S015,SKU0316,239,213,48,5
S015,SKU0317,208,198,89,7
S015,SKU0318,219,187,38,7
S015,SKU0319,187,174,98,7
S015,SKU0320,189,153,30,4
S015,SKU0321,106,83,49,1
S015,SKU0322,156,146,80,3
S015,SKU0323,297,269,144,7
S015,SKU0324,200,162,111,6
S015,SKU0325,200,166,30,5
S015,SKU0326,66,49,54,7
S015,SKU0327,214,195,92,5
S015,SKU0328,50,38,55,6
S015,SKU0329,149,125,103,2
S015,SKU0330,243,213,74,4
S015,SKU0331,131,104,54,3
S015,SKU0332,120,110,33,2
S015,SKU0333,280,256,59,6
S015,SKU0334,141,126,59,2
S015,SKU0335,133,112,70,2
S015,SKU0336,248,226,145,2
S015,SKU0337,291,263,135,7
S015,SKU0338,201,169,121,3
S015,SKU0339,140,101,64,6
S015,SKU0340,293,257,40,5
S015,SKU0341,199,186,94,6
S015,SKU0342,124,112,71,1
S015,SKU0343,100,67,70,6
S015,SKU0344,214,194,66,1
S015,SKU0345,180,151,113,7
S015,SKU0346,188,176,68,1
S015,SKU0347,266,253,48,5
S015,SKU0348,234,199,41,1
S015,SKU0349,184,167,22,7
S015,SKU0350,87,73,115,1
S015,SKU0351,75,42,79,1
S015,SKU0352,142,123,45,2
S015,SKU0353,173,134,33,2
S015,SKU0354,81,60,131,1
S015,SKU0355,174,142,99,2
S015,SKU0356,85,68,65,7
S015,SKU0357,232,214,133,1
S015,SKU0358,219,203,38,3
S015,SKU0359,160,125,115,3
S015,SKU0360,180,162,24,5
S015,SKU0361,91,76,144,4
S015,SKU0362,296,271,27,1
S015,SKU0363,80,69,100,5
S015,SKU0364,200,176,138,2
S015,SKU0365,297,280,35,6
S015,SKU0366,220,200,59,6
S015,SKU0367,248,209,130,4
S015,SKU0368,66,50,85,1
S015,SKU0369,57,39,40,4
S015,SKU0370,251,213,144,7
S015,SKU0371,95,65,137,7
S015,SKU0372,103,66,121,2
S015,SKU0373,236,210,89,7
S015,SKU0374,203,176,135,2
S015,SKU0375,94,76,139,6
S015,SKU0376,245,232,112,2
S015,SKU0377,111,85,71,1
S015,SKU0378,246,232,62,5
S015,SKU0379,79,67,148,4
S015,SKU0380,107,71,82,7
S015,SKU0381,178,167,41,2
S015,SKU0382,243,219,144,3
S015,SKU0383,61,46,20,3
S015,SKU0384,200,189,49,5
S015,SKU0385,191,175,63,7
S015,SKU0386,87,54,138,7
S015,SKU0387,255,224,142,6
S015,SKU0388,249,222,102,2
S015,SKU0389,271,254,105,2
S015,SKU0390,127,92,120,5
S015,SKU0391,92,65,97,1
S015,SKU0392,208,188,101,5
S015,SKU0393,295,265,111,2
S015,SKU0394,177,143,65,3
S015,SKU0395,278,252,61,6
S015,SKU0396,189,163,33,2
S015,SKU0397,120,81,83,6
S015,SKU0398,218,189,90,6
S015,SKU0399,81,46,70,6
S015,SKU0400,179,169,133,3
S015,SKU0401,226,196,119,2
S015,SKU0402,232,213,69,3
S015,SKU0403,266,239,126,2
S015,SKU0404,159,134,94,1
S015,SKU0405,198,170,139,1
S015,SKU0406,291,260,114,6
S015,SKU0407,122,101,34,5
S015,SKU0408,72,40,79,6
S015,SKU0409,251,212,80,1
S015,SKU0410,299,277,98,5
S015,SKU0411,120,109,42,3
S015,SKU0412,209,196,147,2
S015,SKU0413,222,187,49,1
S015,SKU0414,61,22,83,1
S015,SKU0415,126,115,66,7
S015,SKU0416,129,109,104,4
S015,SKU0417,101,66,61,2
S015,SKU0418,137,107,96,7
S015,SKU0419,298,285,149,3
S015,SKU0420,82,69,112,5
S015,SKU0421,219,183,125,2
S015,SKU0422,272,248,78,1
S015,SKU0423,54,29,113,7
S015,SKU0424,260,248,86,3
S015,SKU0425,164,136,83,1
S015,SKU0426,283,267,44,3
S015,SKU0427,201,177,61,6
S015,SKU0428,62,46,97,6
S015,SKU0429,107,84,73,1
S015,SKU0430,67,49,76,2
S015,SKU0431,232,207,28,1
S015,SKU0432,231,201,47,7
S015,SKU0433,151,139,24,7
S015,SKU0434,75,52,84,5
S015,SKU0435,212,187,45,4
S015,SKU0436,184,171,39,4
S015,SKU0437,211,177,35,4
S015,SKU0438,76,50,76,2
S015,SKU0439,256,239,43,7
S015,SKU0440,200,183,85,1
S015,SKU0441,166,130,88,1
S015,SKU0442,54,26,101,7
S015,SKU0443,185,153,30,6
S015,SKU0444,295,285,144,4
S015,SKU0445,151,140,100,4
S015,SKU0446,50,25,45,6
S015,SKU0447,207,189,80,6
S015,SKU0448,176,153,137,5
S015,SKU0449,112,102,67,7
S015,SKU0450,68,50,35,6
S015,SKU0451,157,131,90,2
S015,SKU0452,139,129,91,1
S015,SKU0453,183,156,66,6
S015,SKU0454,191,180,141,4
S015,SKU0455,90,53,31,7
S015,SKU0456,167,135,82,4
S015,SKU0457,233,217,98,7
S015,SKU0458,245,225,44,7
S015,SKU0459,119,95,34,3
S015,SKU0460,57,30,116,6
S015,SKU0461,210,185,121,6
S015,SKU0462,185,169,63,2
S015,SKU0463,267,247,64,4
S015,SKU0464,80,47,55,5
S015,SKU0465,166,146,61,3
S015,SKU0466,272,247,93,4
S015,SKU0467,51,30,141,5
S015,SKU0468,130,92,72,3
S015,SKU0469,185,166,65,6
S015,SKU0470,94,73,41,3
S015,SKU0471,254,235,75,4
S015,SKU0472,89,60,147,3
S015,SKU0473,261,246,108,1
S015,SKU0474,79,42,143,7
S015,SKU0475,93,63,37,7
S015,SKU0476,187,149,101,6
S015,SKU0477,175,144,115,4
S015,SKU0478,161,143,121,1
S015,SKU0479,287,253,63,2
S015,SKU0480,89,76,23,1
S015,SKU0481,293,266,90,2
S015,SKU0482,132,118,117,3
S015,SKU0483,152,113,69,6
S015,SKU0484,129,118,69,4
S015,SKU0485,79,64,148,5
S015,SKU0486,277,248,39,2
S015,SKU0487,221,195,44,3
S015,SKU0488,204,185,78,4
S015,SKU0489,158,136,102,7
S015,SKU0490,112,92,86,3
S015,SKU0491,216,200,62,2
S015,SKU0492,120,88,49,6
S015,SKU0493,122,92,149,7
S015,SKU0494,71,44,55,3
S015,SKU0495,276,265,136,1
S015,SKU0496,54,29,47,2
S015,SKU0497,194,165,41,5
S015,SKU0498,139,120,99,2
S015,SKU0499,138,102,80,6
S015,SKU0500,142,123,88,6
S016,SKU0001,159,141,116,3
S016,SKU0002,282,265,140,4
S016,SKU0003,61,28,47,2
S016,SKU0004,247,223,57,1
S016,SKU0005,95,69,45,7
S016,SKU0006,72,52,86,4
S016,SKU0007,125,92,120,7
S016,SKU0008,293,259,140,1
S016,SKU0009,155,119,113,6
S016,SKU0010,183,172,28,5
S016,SKU0011,252,242,125,7
S016,SKU0012,191,161,40,4
S016,SKU0013,140,117,135,4
S016,SKU0014,186,153,89,2
S016,SKU0015,85,53,138,1
S016,SKU0016,113,78,34,5
S016,SKU0017,260,238,27,1
S016,SKU0018,145,131,82,4
S016,SKU0019,90,60,116,5
S016,SKU0020,102,78,25,5
S016,SKU0021,91,62,62,6
S016,SKU0022,132,95,31,3
S016,SKU0023,114,101,131,3
S016,SKU0024,174,141,39,1
S016,SKU0025,178,139,20,7
S016,SKU0026,170,135,149,3
S016,SKU0027,185,170,24,2
S016,SKU0028,229,212,41,5
S016,SKU0029,281,263,25,2
S016,SKU0030,253,225,149,5
S016,SKU0031,120,109,112,6
S016,SKU0032,287,264,138,4
S016,SKU0033,268,253,121,1
S016,SKU0034,134,122,78,6
S016,SKU0035,169,141,20,6
S016,SKU0036,238,203,22,1
S016,SKU0037,273,237,44,3
S016,SKU0038,182,164,73,5
S016,SKU0039,105,78,72,4
S016,SKU0040,171,151,134,7
S016,SKU0041,168,136,50,2
S016,SKU0042,134,124,53,6
S016,SKU0043,113,87,39,4
S016,SKU0044,121,95,38,7
S016,SKU0045,293,283,63,4
S016,SKU0046,50,32,71,5
S016,SKU0047,68,31,133,5
S016,SKU0048,287,269,99,1
S016,SKU0049,96,78,80,1
S016,SKU0050,211,179,102,2
S016,SKU0051,284,264,41,2
S016,SKU0052,257,228,32,5
S016,SKU0053,106,85,51,3
S016,SKU0054,96,86,66,1
S016,SKU0055,152,119,44,3
S016,SKU0056,137,102,106,5
S016,SKU0057,251,223,96,2
S016,SKU0058,82,58,39,1
S016,SKU0059,102,89,101,6
S016,SKU0060,187,164,52,5
S016,SKU0061,288,268,52,6
S016,SKU0062,193,165,127,2
S016,SKU0063,91,77,78,7
S016,SKU0064,53,14,104,6
S016,SKU0065,204,171,40,5
S016,SKU0066,97,74,115,7
S016,SKU0067,81,70,125,2
S016,SKU0068,219,183,61,5
S016,SKU0069,102,85,96,1
S016,SKU0070,110,92,112,6
S016,SKU0071,283,251,113,2
S016,SKU0072,240,218,90,5
S016,SKU0073,224,214,63,2
S016,SKU0074,268,242,50,1
S016,SKU0075,69,54,48,1
S016,SKU0076,188,158,86,7
S016,SKU0077,246,233,26,4
S016,SKU0078,113,102,40,7
S016,SKU0079,261,227,77,5
S016,SKU0080,145,117,54,1
S016,SKU0081,244,211,29,6
S016,SKU0082,65,49,146,5
S016,SKU0083,84,58,105,1
S016,SKU0084,195,166,114,7
S016,SKU0085,232,209,126,3
S016,SKU0086,168,151,87,2
S016,SKU0087,166,136,107,4
S016,SKU0088,56,26,50,4
S016,SKU0089,111,82,70,1
S016,SKU0090,210,187,85,6
S016,SKU0091,286,252,70,2
S016,SKU0092,99,60,116,6
S016,SKU0093,153,141,45,3
S016,SKU0094,199,164,82,1
S016,SKU0095,219,182,101,5
S016,SKU0096,138,128,59,5
S016,SKU0097,223,195,103,7
S016,SKU0098,105,88,72,6
S016,SKU0099,213,183,57,1
S016,SKU0100,255,229,48,1
S016,SKU0101,189,166,85,6
S016,SKU0102,176,147,64,7
S016,SKU0103,62,35,127,3
S016,SKU0104,212,185,63,3
S016,SKU0105,283,267,75,3
S016,SKU0106,225,196,148,1
S016,SKU0107,237,204,121,5
S016,SKU0108,265,226,141,4
S016,SKU0109,154,130,110,1
S016,SKU0110,161,133,114,5
S016,SKU0111,164,138,128,6
S016,SKU0112,230,213,141,3
S016,SKU0113,93,83,110,6
S016,SKU0114,114,104,66,7
S016,SKU0115,99,77,134,2
S016,SKU0116,230,197,38,7
S016,SKU0117,265,231,33,5
S016,SKU0118,136,104,140,1
S016,SKU0119,143,125,97,2
S016,SKU0120,267,250,117,7
S016,SKU0121,237,213,51,7
S016,SKU0122,280,259,94,2
S016,SKU0123,255,217,112,5
S016,SKU0124,65,29,121,6
S016,SKU0125,181,158,87,3
S016,SKU0126,170,145,103,2
S016,SKU0127,287,250,73,4
S016,SKU0128,111,83,104,7
S016,SKU0129,198,183,96,7
S016,SKU0130,244,215,74,1
S016,SKU0131,263,253,129,2
S016,SKU0132,181,163,39,3
S016,SKU0133,85,46,97,7
S016,SKU0134,144,110,129,2
S016,SKU0135,51,18,137,6
S016,SKU0136,179,140,20,2
S016,SKU0137,282,263,72,1
S016,SKU0138,212,195,141,2
S016,SKU0139,193,161,116,7
S016,SKU0140,281,269,111,1
S016,SKU0141,232,202,142,6
S016,SKU0142,182,143,98,1
S016,SKU0143,70,36,65,7
S016,SKU0144,273,247,101,3
S016,SKU0145,231,197,51,3
S016,SKU0146,294,273,105,7
S016,SKU0147,76,53,36,1
S016,SKU0148,77,65,84,4
S016,SKU0149,166,148,120,6
S016,SKU0150,102,79,130,7
S016,SKU0151,95,82,79,3
S016,SKU0152,209,185,94,5
S016,SKU0153,145,131,122,5
S016,SKU0154,115,94,136,7
S016,SKU0155,190,155,97,5
S016,SKU0156,272,259,84,7
S016,SKU0157,194,178,23,1
S016,SKU0158,211,174,37,2
S016,SKU0159,228,195,40,2
S016,SKU0160,295,258,141,3
S016,SKU0161,82,49,117,1
S016,SKU0162,187,151,72,7
S016,SKU0163,273,249,32,4
S016,SKU0164,125,93,95,6
S016,SKU0165,162,142,29,4
S016,SKU0166,61,31,72,5
S016,SKU0167,57,33,72,1
S016,SKU0168,217,207,102,6
S016,SKU0169,192,153,69,7
S016,SKU0170,206,179,77,6
S016,SKU0171,112,100,137,6
S016,SKU0172,232,221,116,2
S016,SKU0173,168,153,28,5
S016,SKU0174,83,64,48,2
S016,SKU0175,141,106,65,6
S016,SKU0176,72,50,55,4
S016,SKU0177,183,172,146,2
S016,SKU0178,97,79,91,6
S016,SKU0179,202,176,122,5
S016,SKU0180,276,241,80,2
S016,SKU0181,154,137,85,2
S016,SKU0182,89,64,137,5
S016,SKU0183,84,61,123,1
S016,SKU0184,171,140,38,7
S016,SKU0185,119,83,87,3
S016,SKU0186,125,111,36,6
S016,SKU0187,83,70,25,5
S016,SKU0188,146,125,56,1
S016,SKU0189,56,24,42,7
S016,SKU0190,113,83,76,7
S016,SKU0191,52,13,139,1
S016,SKU0192,256,236,142,4
S016,SKU0193,126,91,57,7
S016,SKU0194,229,206,31,2
S016,SKU0195,294,267,35,2
S016,SKU0196,111,101,145,2
S016,SKU0197,291,264,144,1
S016,SKU0198,174,159,21,7
S016,SKU0199,286,257,149,1
S016,SKU0200,77,43,134,1
S016,SKU0201,273,249,112,5
S016,SKU0202,258,228,81,7
S016,SKU0203,202,167,94,6
S016,SKU0204,70,41,145,2
S016,SKU0205,83,64,96,2
S016,SKU0206,230,212,130,4
S016,SKU0207,206,190,91,7
S016,SKU0208,179,160,36,2
S016,SKU0209,239,226,104,5
S016,SKU0210,242,221,97,7
S016,SKU0211,113,88,113,3
S016,SKU0212,288,252,66,3
S016,SKU0213,275,257,60,6
S016,SKU0214,255,219,49,2
S016,SKU0215,210,191,40,2
S016,SKU0216,200,190,60,4
S016,SKU0217,115,81,85,7
S016,SKU0218,247,237,73,6
S016,SKU0219,72,51,27,4
S016,SKU0220,180,150,36,4
S016,SKU0221,109,86,65,5
S016,SKU0222,264,249,88,2
S016,SKU0223,56,28,55,6
S016,SKU0224,60,43,146,7
S016,SKU0225,195,168,115,4
S016,SKU0226,224,209,76,7
S016,SKU0227,277,238,35,1
S016,SKU0228,56,40,36,7
S016,SKU0229,229,191,124,5
S016,SKU0230,290,258,140,4
S016,SKU0231,177,158,76,7
S016,SKU0232,213,193,48,3
S016,SKU0233,223,204,29,6
S016,SKU0234,284,264,44,4
S016,SKU0235,143,109,99,1
S016,SKU0236,191,153,139,7
S016,SKU0237,203,166,77,4
S016,SKU0238,90,73,22,3
S016,SKU0239,53,30,93,7
S016,SKU0240,75,38,148,3
S016,SKU0241,153,118,27,4
S016,SKU0242,143,128,58,4
S016,SKU0243,294,284,115,2
S016,SKU0244,145,115,65,7
S016,SKU0245,82,48,23,5
S016,SKU0246,63,31,142,5
S016,SKU0247,222,187,29,1
S016,SKU0248,294,282,85,4
S016,SKU0249,60,21,140,4
S016,SKU0250,126,113,48,1
S016,SKU0251,206,186,33,6
S016,SKU0252,203,172,135,3
S016,SKU0253,281,253,145,6
S016,SKU0254,162,149,42,7
S016,SKU0255,169,144,101,5
S016,SKU0256,55,38,50,6
S016,SKU0257,287,260,63,1
S016,SKU0258,274,256,135,3
S016,SKU0259,59,25,58,2
S016,SKU0260,208,171,90,1
S016,SKU0261,186,162,49,3
S016,SKU0262,214,193,86,2
S016,SKU0263,120,87,70,2
S016,SKU0264,186,176,55,4
S016,SKU0265,209,195,147,5
S016,SKU0266,68,47,92,4
S016,SKU0267,139,113,119,7
S016,SKU0268,192,182,30,3
S016,SKU0269,226,197,117,2
S016,SKU0270,137,123,117,6
S016,SKU0271,186,157,57,6
S016,SKU0272,55,21,118,5
S016,SKU0273,229,192,54,3
S016,SKU0274,245,228,47,6
S016,SKU0275,226,208,77,4
S016,SKU0276,297,276,63,2
S016,SKU0277,69,56,104,3
S016,SKU0278,159,146,81,5
S016,SKU0279,277,246,77,6
S016,SKU0280,163,125,76,1
S016,SKU0281,76,45,95,3
S016,SKU0282,232,205,114,4
S016,SKU0283,151,119,104,3
S016,SKU0284,295,264,63,4
S016,SKU0285,200,186,138,1
S016,SKU0286,195,179,96,6
S016,SKU0287,230,195,134,4
S016,SKU0288,259,243,24,1
S016,SKU0289,130,113,24,3
S016,SKU0290,295,263,38,6
S016,SKU0291,170,138,29,4
S016,SKU0292,126,94,81,6
S016,SKU0293,254,236,142,7
S016,SKU0294,173,138,22,3
S016,SKU0295,71,35,34,6
S016,SKU0296,77,46,133,5
S016,SKU0297,64,41,50,1
S016,SKU0298,205,181,78,4
S016,SKU0299,166,134,68,3
S016,SKU0300,156,121,103,3
S016,SKU0301,53,15,60,7
S016,SKU0302,177,159,58,6
S016,SKU0303,141,116,48,2
S016,SKU0304,120,108,96,6
S016,SKU0305,123,95,69,6
S016,SKU0306,99,88,38,7
S016,SKU0307,79,58,149,3
S016,SKU0308,164,145,82,1
S016,SKU0309,95,80,34,5
S016,SKU0310,196,172,79,5
S016,SKU0311,263,235,104,4
S016,SKU0312,61,29,140,3
S016,SKU0313,208,169,20,2
S016,SKU0314,96,62,124,6
S016,SKU0315,79,42,50,4
S016,SKU0316,179,153,22,2
S016,SKU0317,102,86,108,4
S016,SKU0318,202,173,144,4
S016,SKU0319,252,213,55,7
S016,SKU0320,208,183,112,6
S016,SKU0321,97,67,110,5
S016,SKU0322,82,65,98,4
S016,SKU0323,93,55,23,6
S016,SKU0324,196,181,123,2
S016,SKU0325,146,116,94,2
S016,SKU0326,211,173,55,5
S016,SKU0327,176,154,104,6
S016,SKU0328,223,192,140,7
S016,SKU0329,172,137,20,1
S016,SKU0330,129,103,64,4
S016,SKU0331,117,101,117,3
S016,SKU0332,141,131,66,6
S016,SKU0333,153,139,137,5
S016,SKU0334,147,118,65,3
S016,SKU0335,228,212,58,4
S016,SKU0336,254,240,30,1
S016,SKU0337,215,176,87,4
S016,SKU0338,50,14,56,6
S016,SKU0339,56,35,69,7
S016,SKU0340,291,267,103,5
S016,SKU0341,279,258,139,6
S016,SKU0342,229,204,120,7
S016,SKU0343,88,57,149,1
S016,SKU0344,116,106,120,3
S016,SKU0345,63,30,123,2
S016,SKU0346,139,116,118,5
S016,SKU0347,255,232,35,6
S016,SKU0348,273,248,130,3
S016,SKU0349,199,166,88,3
S016,SKU0350,89,53,98,1
S016,SKU0351,148,122,129,6
S016,SKU0352,292,273,24,3
S016,SKU0353,269,255,54,6
S016,SKU0354,289,278,119,5
S016,SKU0355,299,286,127,2
S016,SKU0356,163,126,37,3
S016,SKU0357,285,250,20,7
S016,SKU0358,92,81,20,3
S016,SKU0359,165,149,76,6
S016,SKU0360,243,217,122,3
S016,SKU0361,145,119,120,2
S016,SKU0362,108,95,103,6
S016,SKU0363,282,259,68,3
S016,SKU0364,233,220,31,1
S016,SKU0365,64,39,135,1
S016,SKU0366,297,282,133,3
S016,SKU0367,238,225,70,5
S016,SKU0368,144,115,43,1
S016,SKU0369,178,158,91,6
S016,SKU0370,176,165,71,7
S016,SKU0371,192,154,34,2
S016,SKU0372,194,155,71,3
S016,SKU0373,183,164,62,5
S016,SKU0374,231,195,138,3
S016,SKU0375,275,261,147,4
S016,SKU0376,85,69,145,5
S016,SKU0377,77,56,44,7
S016,SKU0378,123,88,95,4
S016,SKU0379,120,101,125,4
S016,SKU0380,240,212,148,7
S016,SKU0381,270,236,49,4
S016,SKU0382,265,239,73,3
S016,SKU0383,219,208,134,7
S016,SKU0384,198,167,72,3
S016,SKU0385,183,172,87,3
S016,SKU0386,139,103,71,6
S016,SKU0387,257,224,111,7
S016,SKU0388,133,115,136,6
S016,SKU0389,172,137,34,6
S016,SKU0390,142,113,126,6
S016,SKU0391,205,188,27,5
S016,SKU0392,100,74,61,4
S016,SKU0393,216,190,60,2
S016,SKU0394,50,20,144,7
S016,SKU0395,173,135,80,3
S016,SKU0396,233,201,34,3
S016,SKU0397,103,74,49,7
S016,SKU0398,251,224,97,7
S016,SKU0399,187,164,107,5
S016,SKU0400,89,60,53,1
S016,SKU0401,65,34,109,4
S016,SKU0402,99,81,84,1
S016,SKU0403,296,261,147,3
S016,SKU0404,83,70,107,7
S016,SKU0405,290,261,124,6
S016,SKU0406,228,198,117,1
S016,SKU0407,220,185,42,1
S016,SKU0408,286,260,107,6
S016,SKU0409,226,190,89,1
S016,SKU0410,62,39,141,6
S016,SKU0411,72,53,33,6
S016,SKU0412,105,82,25,4
S016,SKU0413,279,249,128,1
S016,SKU0414,52,18,89,3
S016,SKU0415,262,240,22,6
S016,SKU0416,229,200,57,2
S016,SKU0417,115,84,63,6
S016,SKU0418,229,206,50,7
S016,SKU0419,253,242,83,4
S016,SKU0420,219,182,100,4
S016,SKU0421,266,249,35,3
S016,SKU0422,172,136,67,1
S016,SKU0423,213,187,138,7
S016,SKU0424,79,45,96,6
S016,SKU0425,85,46,60,6
S016,SKU0426,90,62,140,3
S016,SKU0427,249,232,75,7
S016,SKU0428,92,76,117,6
S016,SKU0429,73,62,38,4
S016,SKU0430,169,141,48,5
S016,SKU0431,173,147,88,4
S016,SKU0432,177,138,79,5
S016,SKU0433,184,161,34,1
S016,SKU0434,290,255,65,1
S016,SKU0435,151,129,64,1
S016,SKU0436,220,199,57,4
S016,SKU0437,254,234,95,3
S016,SKU0438,252,238,133,7
S016,SKU0439,89,76,78,1
S016,SKU0440,223,192,76,5
S016,SKU0441,245,215,145,7
S016,SKU0442,69,35,53,6
S016,SKU0443,149,120,75,5
S016,SKU0444,177,152,129,1
S016,SKU0445,169,131,123,5
S016,SKU0446,149,138,134,1
S016,SKU0447,61,30,120,4
S016,SKU0448,181,150,126,4
S016,SKU0449,263,224,149,2
S016,SKU0450,81,68,119,3
S016,SKU0451,64,51,144,3
S016,SKU0452,70,39,82,2
S016,SKU0453,124,110,63,7
S016,SKU0454,55,32,115,3
S016,SKU0455,298,288,149,4
S016,SKU0456,132,112,138,6
S016,SKU0457,250,211,115,4
S016,SKU0458,97,74,47,4
S016,SKU0459,271,244,84,3
S016,SKU0460,250,218,38,7
S016,SKU0461,129,96,43,1
S016,SKU0462,255,230,30,4
S016,SKU0463,64,40,91,4
S016,SKU0464,261,242,75,7
S016,SKU0465,185,147,45,1
S016,SKU0466,272,258,67,1
S016,SKU0467,225,210,42,4
S016,SKU0468,256,226,126,3
S016,SKU0469,103,87,52,4
S016,SKU0470,130,101,96,7
S016,SKU0471,299,287,72,4
S016,SKU0472,238,201,53,3
S016,SKU0473,110,79,102,7
S016,SKU0474,126,110,61,1
S016,SKU0475,121,108,52,4
S016,SKU0476,151,141,125,4
S016,SKU0477,245,210,38,6
S016,SKU0478,293,279,67,2
S016,SKU0479,287,261,105,4
S016,SKU0480,274,262,126,5
S016,SKU0481,165,138,77,6
S016,SKU0482,294,266,77,7
S016,SKU0483,135,120,36,6
S016,SKU0484,199,175,119,4
S016,SKU0485,271,238,98,6
S016,SKU0486,147,111,112,6
S016,SKU0487,116,80,99,7
S016,SKU0488,270,252,68,7
S016,SKU0489,113,75,69,6
S016,SKU0490,64,47,127,6
S016,SKU0491,88,71,94,7
S016,SKU0492,171,157,37,3
S016,SKU0493,99,83,75,4
S016,SKU0494,66,44,149,5
S016,SKU0495,98,84,30,1
S016,SKU0496,71,33,51,3
S016,SKU0497,220,188,23,4
S016,SKU0498,294,258,89,3
S016,SKU0499,115,100,79,2
S016,SKU0500,102,87,78,1
S017,SKU0001,215,181,130,4
S017,SKU0002,292,281,141,1
S017,SKU0003,231,215,137,4
S017,SKU0004,101,79,53,6
S017,SKU0005,136,113,44,5
S017,SKU0006,185,168,117,3
S017,SKU0007,230,213,65,2
S017,SKU0008,82,71,119,5
S017,SKU0009,57,33,43,6
S017,SKU0010,165,139,115,5
S017,SKU0011,95,72,131,1
S017,SKU0012,136,111,149,3
S017,SKU0013,147,121,107,7
S017,SKU0014,65,29,85,4
S017,SKU0015,277,248,145,1
S017,SKU0016,230,192,94,2
S017,SKU0017,101,64,132,5
S017,SKU0018,176,153,46,3
S017,SKU0019,192,181,89,6
S017,SKU0020,105,90,127,5
S017,SKU0021,71,42,53,1
S017,SKU0022,83,56,72,7
S017,SKU0023,122,86,98,2
S017,SKU0024,81,66,118,7
S017,SKU0025,277,262,101,6
S017,SKU0026,110,80,35,6
S017,SKU0027,193,176,88,2
S017,SKU0028,140,120,28,1
S017,SKU0029,271,248,137,5
S017,SKU0030,51,25,61,5
S017,SKU0031,208,186,91,4
S017,SKU0032,240,220,77,5
S017,SKU0033,203,185,108,2
S017,SKU0034,103,74,70,2
S017,SKU0035,283,250,77,3
S017,SKU0036,191,175,82,7
S017,SKU0037,78,47,96,4
S017,SKU0038,251,214,28,2
S017,SKU0039,106,69,133,6
S017,SKU0040,239,228,24,4
S017,SKU0041,105,77,89,7
S017,SKU0042,285,254,142,6
S017,SKU0043,277,252,72,2
S017,SKU0044,144,124,135,3
S017,SKU0045,287,251,133,6
S017,SKU0046,238,221,48,7
S017,SKU0047,254,238,42,4
S017,SKU0048,102,66,65,2
S017,SKU0049,243,227,104,1
S017,SKU0050,276,239,86,6
S017,SKU0051,230,200,132,6
S017,SKU0052,205,194,115,2
S017,SKU0053,111,84,145,1
S017,SKU0054,126,100,27,2
S017,SKU0055,224,203,70,7
S017,SKU0056,92,62,23,1
S017,SKU0057,136,100,79,4
S017,SKU0058,228,216,77,1
S017,SKU0059,92,75,118,2
S017,SKU0060,257,218,30,3
S017,SKU0061,188,177,63,4
S017,SKU0062,163,141,22,4
S017,SKU0063,141,128,39,7
S017,SKU0064,284,264,48,3
S017,SKU0065,146,113,31,7
S017,SKU0066,191,154,97,7
S017,SKU0067,73,35,82,1
S017,SKU0068,68,31,57,3
S017,SKU0069,180,150,123,7
S017,SKU0070,81,55,98,4
S017,SKU0071,98,78,121,1
S017,SKU0072,111,79,141,5
S017,SKU0073,214,202,137,4
S017,SKU0074,131,117,36,6
S017,SKU0075,104,75,105,2
S017,SKU0076,129,96,104,6
S017,SKU0077,156,132,34,4
S017,SKU0078,120,110,87,6
S017,SKU0079,77,45,101,2
S017,SKU0080,105,94,139,5
S017,SKU0081,236,223,21,4
S017,SKU0082,217,207,25,6
S017,SKU0083,104,69,41,2
S017,SKU0084,115,84,42,5
S017,SKU0085,294,266,36,6
S017,SKU0086,241,231,110,7
S017,SKU0087,178,158,145,3
S017,SKU0088,124,108,103,7
S017,SKU0089,188,151,110,7
S017,SKU0090,253,222,36,2
S017,SKU0091,290,280,44,2
S017,SKU0092,288,269,42,3
S017,SKU0093,140,113,38,2
S017,SKU0094,69,49,109,4
S017,SKU0095,223,193,42,3
S017,SKU0096,135,121,146,3
S017,SKU0097,176,156,32,1
S017,SKU0098,215,193,20,2
S017,SKU0099,226,195,76,2
S017,SKU0100,198,164,52,5
S017,SKU0101,262,226,136,6
S017,SKU0102,254,244,37,4
S017,SKU0103,176,144,32,1
S017,SKU0104,55,39,69,3
S017,SKU0105,277,264,103,1
S017,SKU0106,157,127,61,2
S017,SKU0107,154,137,79,2
S017,SKU0108,161,148,41,1
S017,SKU0109,252,241,23,5
S017,SKU0110,211,193,43,4
S017,SKU0111,187,169,120,7
S017,SKU0112,183,161,36,5
S017,SKU0113,220,187,144,2
S017,SKU0114,280,267,108,3
S017,SKU0115,221,195,112,7
S017,SKU0116,94,74,61,6
S017,SKU0117,192,170,93,1
S017,SKU0118,106,69,117,2
S017,SKU0119,169,159,46,2
S017,SKU0120,289,270,95,2
S017,SKU0121,285,272,50,2
S017,SKU0122,163,136,91,1
S017,SKU0123,173,157,41,3
S017,SKU0124,57,45,61,2
S017,SKU0125,236,201,51,3
S017,SKU0126,107,88,138,1
S017,SKU0127,164,142,38,1
S017,SKU0128,243,224,104,5
S017,SKU0129,168,141,125,2
S017,SKU0130,130,97,63,3
S017,SKU0131,290,265,63,1
S017,SKU0132,249,231,126,2
S017,SKU0133,60,33,127,5
S017,SKU0134,252,220,90,1
S017,SKU0135,75,42,139,6
S017,SKU0136,274,262,115,7
S017,SKU0137,107,78,92,2
S017,SKU0138,133,98,38,7
S017,SKU0139,267,245,36,1
S017,SKU0140,202,185,128,4
S017,SKU0141,231,208,116,2
S017,SKU0142,215,204,52,1
S017,SKU0143,196,167,101,3
S017,SKU0144,128,116,70,4
S017,SKU0145,183,150,141,7
S017,SKU0146,99,88,22,7
S017,SKU0147,253,227,95,4
S017,SKU0148,98,78,67,1
S017,SKU0149,236,207,69,6
S017,SKU0150,172,135,95,1
S017,SKU0151,191,174,144,6
S017,SKU0152,299,286,105,6
S017,SKU0153,91,53,45,1
S017,SKU0154,99,80,131,1
S017,SKU0155,237,198,47,3
S017,SKU0156,295,275,127,7
S017,SKU0157,52,15,101,2
S017,SKU0158,172,147,95,4
S017,SKU0159,214,184,48,1
S017,SKU0160,232,193,147,3
S017,SKU0161,230,207,25,6
S017,SKU0162,147,117,73,5
S017,SKU0163,84,65,65,7
S017,SKU0164,192,166,91,5
S017,SKU0165,157,121,116,6
S017,SKU0166,274,244,74,1
S017,SKU0167,258,239,41,6
S017,SKU0168,136,107,43,2
S017,SKU0169,123,88,128,3
S017,SKU0170,244,223,47,4
S017,SKU0171,201,183,31,1
S017,SKU0172,78,46,56,2
S017,SKU0173,116,90,137,2
S017,SKU0174,104,71,40,6
S017,SKU0175,124,98,20,4
S017,SKU0176,154,116,59,4
S017,SKU0177,268,233,138,3
S017,SKU0178,260,225,39,7
S017,SKU0179,96,60,64,2
S017,SKU0180,172,149,111,3
S017,SKU0181,171,143,123,3
S017,SKU0182,64,27,141,6
S017,SKU0183,191,156,120,4
S017,SKU0184,147,108,130,4
S017,SKU0185,263,227,131,3
S017,SKU0186,188,165,39,4
S017,SKU0187,116,91,83,7
S017,SKU0188,195,183,66,6
S017,SKU0189,92,68,49,1
S017,SKU0190,203,165,65,7
S017,SKU0191,143,121,28,5
S017,SKU0192,101,91,148,1
S017,SKU0193,155,133,84,3
S017,SKU0194,125,102,38,6
S017,SKU0195,60,40,69,6
S017,SKU0196,209,185,21,7
S017,SKU0197,135,104,79,1
S017,SKU0198,247,221,75,1
S017,SKU0199,203,178,77,4
S017,SKU0200,221,211,54,4
S017,SKU0201,112,76,119,3
S017,SKU0202,147,122,113,2
S017,SKU0203,277,255,28,1
S017,SKU0204,166,150,89,1
S017,SKU0205,166,146,88,1
S017,SKU0206,268,238,102,5
S017,SKU0207,171,159,36,3
S017,SKU0208,261,250,36,7
S017,SKU0209,194,173,101,3
S017,SKU0210,248,234,40,7
S017,SKU0211,213,203,50,6
S017,SKU0212,182,159,26,7
S017,SKU0213,115,81,20,5
S017,SKU0214,271,238,86,5
S017,SKU0215,242,223,133,1
S017,SKU0216,117,96,118,1
S017,SKU0217,217,204,112,3
S017,SKU0218,239,221,75,7
S017,SKU0219,285,255,139,5
S017,SKU0220,206,183,76,3
S017,SKU0221,150,122,91,7
S017,SKU0222,63,31,102,1
S017,SKU0223,214,175,84,2
S017,SKU0224,154,126,126,7
S017,SKU0225,292,261,44,2
S017,SKU0226,228,208,98,3
S017,SKU0227,250,234,42,2
S017,SKU0228,115,82,148,3
S017,SKU0229,96,68,117,3
S017,SKU0230,289,279,116,1
S017,SKU0231,235,222,78,6
S017,SKU0232,236,203,38,6
S017,SKU0233,132,106,127,1
S017,SKU0234,125,114,135,3
S017,SKU0235,51,31,20,2
S017,SKU0236,98,73,114,4
S017,SKU0237,71,34,31,7
S017,SKU0238,291,262,26,7
S017,SKU0239,63,30,59,1
S017,SKU0240,184,170,83,3
S017,SKU0241,227,199,106,5
S017,SKU0242,126,89,64,4
S017,SKU0243,63,40,88,5
S017,SKU0244,150,121,32,1
S017,SKU0245,184,166,87,7
S017,SKU0246,115,76,33,6
S017,SKU0247,127,104,79,1
S017,SKU0248,216,191,50,7
S017,SKU0249,58,35,127,5
S017,SKU0250,92,67,46,4
S017,SKU0251,155,142,45,3
S017,SKU0252,296,268,106,4
S017,SKU0253,76,53,114,4
S017,SKU0254,117,82,114,2
S017,SKU0255,200,189,34,1
S017,SKU0256,184,161,71,4
S017,SKU0257,92,62,84,1
S017,SKU0258,253,235,34,1
S017,SKU0259,255,234,45,1
S017,SKU0260,253,224,57,5
S017,SKU0261,69,39,21,6
S017,SKU0262,234,222,21,5
S017,SKU0263,82,59,100,5
S017,SKU0264,229,200,21,2
S017,SKU0265,251,238,75,3
S017,SKU0266,136,97,80,1
S017,SKU0267,63,42,62,3
S017,SKU0268,163,124,112,2
S017,SKU0269,251,222,76,5
S017,SKU0270,63,40,86,1
S017,SKU0271,247,235,66,1
S017,SKU0272,165,154,145,4
S017,SKU0273,155,127,35,4
S017,SKU0274,268,233,39,6
S017,SKU0275,94,77,144,2
S017,SKU0276,277,259,61,4
S017,SKU0277,64,51,43,4
S017,SKU0278,270,239,50,3
S017,SKU0279,148,127,23,5
S017,SKU0280,216,206,59,1
S017,SKU0281,199,166,27,7
S017,SKU0282,286,273,110,2
S017,SKU0283,140,122,102,3
S017,SKU0284,125,86,32,3
S017,SKU0285,81,52,110,5
S017,SKU0286,207,192,101,2
S017,SKU0287,266,250,49,2
S017,SKU0288,162,136,21,5
S017,SKU0289,63,42,111,7
S017,SKU0290,177,149,76,7
S017,SKU0291,278,268,68,5
S017,SKU0292,113,87,28,4
S017,SKU0293,128,109,114,5
S017,SKU0294,176,155,122,5
S017,SKU0295,245,224,85,2
S017,SKU0296,169,133,141,3
S017,SKU0297,278,267,130,4
S017,SKU0298,149,139,43,6
S017,SKU0299,166,136,89,7
S017,SKU0300,90,58,21,6
S017,SKU0301,179,151,50,4
S017,SKU0302,299,287,83,5
S017,SKU0303,164,140,107,6
S017,SKU0304,111,82,43,4
S017,SKU0305,118,90,91,6
S017,SKU0306,128,113,77,7
S017,SKU0307,134,115,66,1
S017,SKU0308,253,230,52,4
S017,SKU0309,267,257,24,4
S017,SKU0310,207,190,125,6
S017,SKU0311,234,217,41,5
S017,SKU0312,85,59,112,2
S017,SKU0313,202,171,82,6
S017,SKU0314,176,137,32,3
S017,SKU0315,199,163,91,2
S017,SKU0316,123,94,34,2
S017,SKU0317,50,24,98,6
S017,SKU0318,176,165,122,7
S017,SKU0319,126,112,40,5
S017,SKU0320,109,71,25,5
S017,SKU0321,231,200,87,1
S017,SKU0322,107,85,27,3
S017,SKU0323,200,181,115,2
S017,SKU0324,73,52,62,4
S017,SKU0325,203,192,35,7
S017,SKU0326,288,273,56,6
S017,SKU0327,100,61,41,5
S017,SKU0328,92,64,147,5
S017,SKU0329,125,96,46,4
S017,SKU0330,238,202,54,2
S017,SKU0331,285,268,129,1
S017,SKU0332,272,251,26,5
S017,SKU0333,207,190,79,5
S017,SKU0334,259,248,67,2
S017,SKU0335,78,61,95,6
S017,SKU0336,269,254,25,6
S017,SKU0337,83,51,31,3
S017,SKU0338,123,92,127,7
S017,SKU0339,192,155,39,7
S017,SKU0340,200,183,21,4
S017,SKU0341,291,252,45,2
S017,SKU0342,280,242,35,5
S017,SKU0343,129,119,80,7
S017,SKU0344,246,235,77,5
S017,SKU0345,249,232,144,2
S017,SKU0346,238,223,80,2
S017,SKU0347,151,121,59,1
S017,SKU0348,149,116,61,5
S017,SKU0349,67,35,70,1
S017,SKU0350,108,83,95,3
S017,SKU0351,54,33,28,1
S017,SKU0352,59,35,110,7
S017,SKU0353,271,238,91,7
S017,SKU0354,290,278,30,4
S017,SKU0355,278,250,146,3
S017,SKU0356,71,42,78,5
S017,SKU0357,209,184,44,7
S017,SKU0358,176,153,92,3
S017,SKU0359,261,224,148,7
S017,SKU0360,269,238,42,3
S017,SKU0361,174,147,72,2
S017,SKU0362,252,242,129,3
S017,SKU0363,73,52,71,6
S017,SKU0364,267,253,90,4
S017,SKU0365,231,196,23,2
S017,SKU0366,225,198,103,4
S017,SKU0367,233,220,60,7
S017,SKU0368,124,99,85,7
S017,SKU0369,227,204,148,6
S017,SKU0370,216,180,57,7
S017,SKU0371,177,158,61,7
S017,SKU0372,141,122,137,7
S017,SKU0373,270,236,56,7
S017,SKU0374,240,222,23,3
S017,SKU0375,160,125,120,5
S017,SKU0376,272,255,145,4
S017,SKU0377,297,263,30,1
S017,SKU0378,205,194,58,3
S017,SKU0379,250,236,48,6
S017,SKU0380,236,197,100,7
S017,SKU0381,197,174,22,7
S017,SKU0382,299,275,100,3
S017,SKU0383,124,113,107,1
S017,SKU0384,269,247,68,6
S017,SKU0385,169,133,71,6
S017,SKU0386,271,260,120,4
S017,SKU0387,193,155,84,2
S017,SKU0388,253,222,21,6
S017,SKU0389,267,246,86,2
S017,SKU0390,224,191,139,2
S017,SKU0391,122,86,39,2
S017,SKU0392,123,84,138,2
S017,SKU0393,235,216,99,5
S017,SKU0394,219,181,108,1
S017,SKU0395,123,98,95,2
S017,SKU0396,189,171,63,4
S017,SKU0397,252,238,31,3
S017,SKU0398,229,219,67,5
S017,SKU0399,114,94,29,3
S017,SKU0400,242,219,123,4
S017,SKU0401,137,116,41,7
S017,SKU0402,117,106,26,4
S017,SKU0403,224,205,74,1
S017,SKU0404,100,71,139,1
S017,SKU0405,286,252,115,6
S017,SKU0406,71,47,62,7
S017,SKU0407,264,251,128,7
S017,SKU0408,88,71,62,4
S017,SKU0409,158,134,41,4
S017,SKU0410,91,56,84,4
S017,SKU0411,204,187,74,3
S017,SKU0412,192,181,33,4
S017,SKU0413,166,127,79,4
S017,SKU0414,277,250,21,4
S017,SKU0415,234,224,86,6
S017,SKU0416,177,139,108,1
S017,SKU0417,86,57,99,5
S017,SKU0418,158,124,83,7
S017,SKU0419,282,250,77,5
S017,SKU0420,57,44,52,1
S017,SKU0421,223,191,138,6
S017,SKU0422,98,88,137,4
S017,SKU0423,267,240,102,6
S017,SKU0424,269,259,70,5
S017,SKU0425,62,34,40,2
S017,SKU0426,110,95,67,1
S017,SKU0427,283,255,48,4
S017,SKU0428,197,170,35,2
S017,SKU0429,241,225,120,6
S017,SKU0430,137,114,37,2
S017,SKU0431,96,57,85,5
S017,SKU0432,93,54,34,5
S017,SKU0433,77,49,134,1
S017,SKU0434,269,238,101,1
S017,SKU0435,75,39,136,1
S017,SKU0436,200,171,84,3
S017,SKU0437,157,140,83,1
S017,SKU0438,154,126,82,1
S017,SKU0439,236,206,103,2
S017,SKU0440,159,139,42,3
S017,SKU0441,278,244,95,5
S017,SKU0442,134,123,75,6
S017,SKU0443,117,96,132,1
S017,SKU0444,239,203,81,6
S017,SKU0445,80,66,28,2
S017,SKU0446,135,122,45,3
S017,SKU0447,212,186,75,6
S017,SKU0448,115,100,128,5
S017,SKU0449,277,241,144,7
S017,SKU0450,220,197,29,3
S017,SKU0451,284,269,66,1
S017,SKU0452,138,110,96,1
S017,SKU0453,288,260,52,7
S017,SKU0454,225,188,44,6
S017,SKU0455,227,206,37,2
S017,SKU0456,56,44,32,3
S017,SKU0457,225,195,25,7
S017,SKU0458,196,180,25,4
S017,SKU0459,62,47,148,1
S017,SKU0460,271,259,143,2
S017,SKU0461,66,47,91,2
S017,SKU0462,258,235,140,4
S017,SKU0463,146,119,132,3
S017,SKU0464,275,243,56,4
S017,SKU0465,146,127,60,7
S017,SKU0466,115,94,115,4
S017,SKU0467,237,218,27,4
S017,SKU0468,281,246,49,3
S017,SKU0469,65,53,91,3
S017,SKU0470,234,199,29,7
S017,SKU0471,111,95,94,1
S017,SKU0472,168,150,122,7
S017,SKU0473,195,182,22,2
S017,SKU0474,110,99,85,6
S017,SKU0475,81,61,71,5
S017,SKU0476,201,188,25,5
S017,SKU0477,214,197,129,1
S017,SKU0478,59,49,23,2
S017,SKU0479,228,190,38,2
S017,SKU0480,199,163,138,4
S017,SKU0481,251,240,144,3
S017,SKU0482,124,110,139,6
S017,SKU0483,63,51,93,5
S017,SKU0484,273,240,122,7
S017,SKU0485,190,151,105,4
S017,SKU0486,147,128,51,1
S017,SKU0487,256,234,37,6
S017,SKU0488,264,231,71,7
S017,SKU0489,248,228,94,3
S017,SKU0490,209,184,137,4
S017,SKU0491,296,262,74,1
S017,SKU0492,251,230,74,6
S017,SKU0493,162,132,55,1
S017,SKU0494,239,200,103,5
S017,SKU0495,244,207,95,7
S017,SKU0496,120,100,144,5
S017,SKU0497,203,193,24,4
S017,SKU0498,79,54,103,2
S017,SKU0499,96,80,70,2
S017,SKU0500,227,193,105,1
S018,SKU0001,210,195,64,6
S018,SKU0002,201,176,109,4
S018,SKU0003,85,61,136,5
S018,SKU0004,283,261,66,3
S018,SKU0005,161,130,107,6
S018,SKU0006,70,34,26,2
S018,SKU0007,286,264,34,1
S018,SKU0008,241,225,82,2
S018,SKU0009,166,141,63,6
S018,SKU0010,196,168,126,2
S018,SKU0011,170,137,66,1
S018,SKU0012,98,82,65,5
S018,SKU0013,286,264,96,1
S018,SKU0014,51,15,112,3
S018,SKU0015,91,71,66,2
S018,SKU0016,260,221,91,7
S018,SKU0017,214,201,35,1
S018,SKU0018,216,187,105,1
S018,SKU0019,163,146,110,2
S018,SKU0020,142,116,113,7
S018,SKU0021,202,181,94,4
S018,SKU0022,259,239,124,5
S018,SKU0023,134,111,36,5
S018,SKU0024,68,39,96,1
S018,SKU0025,151,116,93,5
S018,SKU0026,76,50,124,5
S018,SKU0027,168,141,74,5
S018,SKU0028,133,107,53,3
S018,SKU0029,206,192,85,4
S018,SKU0030,220,201,143,6
S018,SKU0031,144,128,121,1
S018,SKU0032,94,66,31,2
S018,SKU0033,230,208,52,7
S018,SKU0034,164,149,113,5
S018,SKU0035,227,211,28,5
S018,SKU0036,153,117,106,4
S018,SKU0037,109,94,97,4
S018,SKU0038,100,88,78,2
S018,SKU0039,119,86,138,4
S018,SKU0040,75,64,102,4
S018,SKU0041,238,216,21,7
S018,SKU0042,190,174,143,6
S018,SKU0043,205,174,30,5
S018,SKU0044,285,247,44,7
S018,SKU0045,108,75,60,3
S018,SKU0046,135,106,51,2
S018,SKU0047,206,183,145,1
S018,SKU0048,113,78,145,3
S018,SKU0049,202,187,146,6
S018,SKU0050,55,18,133,3
S018,SKU0051,67,51,144,4
S018,SKU0052,237,211,44,7
S018,SKU0053,81,63,31,4
S018,SKU0054,72,45,85,4
S018,SKU0055,296,274,106,1
S018,SKU0056,181,156,126,4
S018,SKU0057,253,219,113,2
S018,SKU0058,141,112,53,4
S018,SKU0059,180,170,142,6
S018,SKU0060,218,203,75,5
S018,SKU0061,164,151,47,3
S018,SKU0062,143,104,39,4
S018,SKU0063,250,235,103,2
S018,SKU0064,168,152,31,3
S018,SKU0065,210,178,75,6
S018,SKU0066,276,255,60,1
S018,SKU0067,278,253,137,2
S018,SKU0068,199,172,116,6
S018,SKU0069,121,107,84,1
S018,SKU0070,293,267,58,2
S018,SKU0071,213,183,120,6
S018,SKU0072,283,264,88,4
S018,SKU0073,267,229,123,4
S018,SKU0074,286,262,53,3
S018,SKU0075,184,149,55,5
S018,SKU0076,58,45,109,5
S018,SKU0077,232,200,131,6
S018,SKU0078,259,247,57,1
S018,SKU0079,72,36,37,2
S018,SKU0080,226,203,47,5
S018,SKU0081,185,151,133,7
S018,SKU0082,254,228,65,4
S018,SKU0083,169,156,51,2
S018,SKU0084,94,77,45,6
S018,SKU0085,178,150,109,2
S018,SKU0086,111,91,79,1
S018,SKU0087,109,89,120,6
S018,SKU0088,226,201,34,5
S018,SKU0089,183,144,62,2
S018,SKU0090,143,108,146,2
S018,SKU0091,118,93,109,1
S018,SKU0092,296,259,47,1
S018,SKU0093,118,104,63,3
S018,SKU0094,281,246,130,4
S018,SKU0095,271,255,52,7
S018,SKU0096,94,84,75,7
S018,SKU0097,179,144,38,4
S018,SKU0098,184,165,29,5
S018,SKU0099,179,143,20,5
S018,SKU0100,124,114,42,7
S018,SKU0101,83,53,49,5
S018,SKU0102,102,73,112,5
S018,SKU0103,220,203,128,3
S018,SKU0104,210,197,91,6
S018,SKU0105,160,134,64,6
S018,SKU0106,156,136,86,3
S018,SKU0107,159,149,37,4
S018,SKU0108,118,79,32,2
S018,SKU0109,194,171,120,7
S018,SKU0110,244,223,102,3
S018,SKU0111,193,156,63,4
S018,SKU0112,223,207,64,4
S018,SKU0113,283,250,99,2
S018,SKU0114,69,58,68,4
S018,SKU0115,74,36,104,1
S018,SKU0116,78,52,30,7
S018,SKU0117,158,127,60,2
S018,SKU0118,99,79,122,4
S018,SKU0119,169,140,115,3
S018,SKU0120,227,198,140,7
S018,SKU0121,265,227,38,7
S018,SKU0122,148,132,120,2
S018,SKU0123,226,207,139,1
S018,SKU0124,254,217,128,1
S018,SKU0125,270,249,135,6
S018,SKU0126,63,25,78,7
S018,SKU0127,208,195,128,6
S018,SKU0128,98,71,84,7
S018,SKU0129,269,249,22,5
S018,SKU0130,139,125,115,4
S018,SKU0131,260,239,23,6
S018,SKU0132,77,56,82,6
S018,SKU0133,198,187,91,2
S018,SKU0134,114,76,81,6
S018,SKU0135,248,210,64,6
S018,SKU0136,177,161,31,5
S018,SKU0137,269,251,38,5
S018,SKU0138,246,235,76,5
S018,SKU0139,114,83,56,1
S018,SKU0140,82,56,56,7
S018,SKU0141,181,159,119,2
S018,SKU0142,271,240,92,5
S018,SKU0143,100,78,108,1
S018,SKU0144,109,80,127,7
S018,SKU0145,240,226,97,2
S018,SKU0146,162,124,146,1
S018,SKU0147,273,253,136,6
S018,SKU0148,82,68,71,7
S018,SKU0149,249,236,135,5
S018,SKU0150,103,90,63,4
S018,SKU0151,181,168,58,4
S018,SKU0152,53,14,32,3
S018,SKU0153,209,175,46,7
S018,SKU0154,175,154,85,5
S018,SKU0155,95,66,29,6
S018,SKU0156,151,128,45,2
S018,SKU0157,144,110,102,7
S018,SKU0158,260,245,70,5
S018,SKU0159,224,196,56,7
S018,SKU0160,229,210,30,1
S018,SKU0161,253,217,75,6
S018,SKU0162,142,106,116,5
S018,SKU0163,269,245,149,3
S018,SKU0164,263,232,130,7
S018,SKU0165,221,190,71,4
S018,SKU0166,255,224,135,4
S018,SKU0167,140,120,136,5
S018,SKU0168,174,158,55,7
S018,SKU0169,64,52,138,3
S018,SKU0170,239,201,43,4
S018,SKU0171,229,205,39,1
S018,SKU0172,139,105,104,3
S018,SKU0173,89,78,95,6
S018,SKU0174,151,138,136,5
S018,SKU0175,140,119,44,7
S018,SKU0176,85,49,110,2
S018,SKU0177,196,181,100,6
S018,SKU0178,238,216,123,6
S018,SKU0179,179,156,35,5
S018,SKU0180,226,204,134,7
S018,SKU0181,56,30,43,4
S018,SKU0182,147,131,36,6
S018,SKU0183,256,223,119,2
S018,SKU0184,125,96,54,1
S018,SKU0185,293,254,99,5
S018,SKU0186,157,136,123,7
S018,SKU0187,292,277,125,7
S018,SKU0188,80,70,80,4
S018,SKU0189,103,80,74,3
S018,SKU0190,238,221,110,4
S018,SKU0191,238,222,91,4
S018,SKU0192,167,141,57,3
S018,SKU0193,156,132,144,4
S018,SKU0194,115,78,140,1
S018,SKU0195,114,102,143,1
S018,SKU0196,198,174,28,6
S018,SKU0197,195,157,64,2
S018,SKU0198,284,263,63,3
S018,SKU0199,66,33,126,7
S018,SKU0200,240,207,114,5
S018,SKU0201,73,42,97,6
S018,SKU0202,238,218,88,4
S018,SKU0203,242,232,54,7
S018,SKU0204,146,113,71,4
S018,SKU0205,98,87,78,4
S018,SKU0206,183,165,35,4
S018,SKU0207,185,171,123,7
S018,SKU0208,196,160,106,3
S018,SKU0209,56,24,131,7
S018,SKU0210,113,74,79,7
S018,SKU0211,98,61,101,2
S018,SKU0212,287,266,43,1
S018,SKU0213,85,66,139,1
S018,SKU0214,79,42,110,2
S018,SKU0215,230,220,31,4
S018,SKU0216,190,172,34,3
S018,SKU0217,113,80,50,6
S018,SKU0218,79,42,97,2
S018,SKU0219,107,83,50,1
S018,SKU0220,130,108,45,6
S018,SKU0221,221,186,84,3
S018,SKU0222,68,48,66,5
S018,SKU0223,290,270,93,6
S018,SKU0224,253,239,117,4
S018,SKU0225,238,224,87,6
S018,SKU0226,292,263,34,2
S018,SKU0227,221,191,103,2
S018,SKU0228,141,122,24,7
S018,SKU0229,226,204,115,6
S018,SKU0230,85,67,105,1
S018,SKU0231,144,111,145,6
S018,SKU0232,261,224,23,2
S018,SKU0233,161,132,57,3
S018,SKU0234,181,159,84,6
S018,SKU0235,136,107,65,7
S018,SKU0236,51,28,104,5
S018,SKU0237,194,163,68,7
S018,SKU0238,129,99,92,3
S018,SKU0239,111,98,40,1
S018,SKU0240,247,236,116,7
S018,SKU0241,289,269,118,1
S018,SKU0242,237,225,70,4
S018,SKU0243,211,187,33,7
S018,SKU0244,278,245,134,6
S018,SKU0245,190,155,141,5
S018,SKU0246,185,149,30,7
S018,SKU0247,144,134,34,6
S018,SKU0248,213,181,140,3
S018,SKU0249,213,174,77,2
S018,SKU0250,227,217,76,2
S018,SKU0251,53,40,110,6
S018,SKU0252,163,132,92,4
S018,SKU0253,82,67,58,6
S018,SKU0254,243,209,149,1
S018,SKU0255,221,208,106,4
S018,SKU0256,97,72,111,7
S018,SKU0257,174,157,114,5
S018,SKU0258,222,183,96,3
S018,SKU0259,90,70,85,7
S018,SKU0260,164,134,69,7
S018,SKU0261,210,186,146,5
S018,SKU0262,219,181,140,2
S018,SKU0263,194,182,65,3
S018,SKU0264,161,148,77,7
S018,SKU0265,138,99,64,5
S018,SKU0266,257,233,36,4
S018,SKU0267,149,113,29,2
S018,SKU0268,186,175,41,4
S018,SKU0269,175,139,103,6
S018,SKU0270,143,126,121,3
S018,SKU0271,159,120,48,3
S018,SKU0272,100,83,56,1
S018,SKU0273,164,154,129,2
S018,SKU0274,92,60,33,3
S018,SKU0275,104,89,106,6
S018,SKU0276,132,94,27,1
S018,SKU0277,51,30,25,1
S018,SKU0278,260,232,53,7
S018,SKU0279,299,273,70,5
S018,SKU0280,280,253,74,3
S018,SKU0281,179,147,146,1
S018,SKU0282,224,204,139,6
S018,SKU0283,212,202,124,7
S018,SKU0284,145,113,129,6
S018,SKU0285,198,171,111,2
S018,SKU0286,207,177,113,7
S018,SKU0287,265,236,106,1
S018,SKU0288,156,127,49,2
S018,SKU0289,83,66,75,6
S018,SKU0290,149,134,144,6
S018,SKU0291,155,120,32,1
S018,SKU0292,142,119,122,3
S018,SKU0293,154,136,58,3
S018,SKU0294,287,269,70,7
S018,SKU0295,70,35,70,2
S018,SKU0296,274,262,63,3
S018,SKU0297,68,49,20,6
S018,SKU0298,136,114,77,1
S018,SKU0299,87,63,132,4
S018,SKU0300,256,245,31,7
S018,SKU0301,217,179,83,1
S018,SKU0302,285,252,77,2
S018,SKU0303,51,20,100,5
S018,SKU0304,68,55,70,7
S018,SKU0305,173,134,104,7
S018,SKU0306,171,151,96,1
S018,SKU0307,273,259,24,2
S018,SKU0308,208,194,37,4
S018,SKU0309,60,26,147,6
S018,SKU0310,281,249,102,5
S018,SKU0311,252,232,116,4
S018,SKU0312,176,143,129,4
S018,SKU0313,136,104,52,1
S018,SKU0314,119,104,119,1
S018,SKU0315,209,189,34,6
S018,SKU0316,87,77,88,3
S018,SKU0317,292,274,22,7
S018,SKU0318,70,36,25,3
S018,SKU0319,254,228,142,4
S018,SKU0320,291,271,57,7
S018,SKU0321,86,73,143,3
S018,SKU0322,122,103,26,7
S018,SKU0323,223,192,43,5
S018,SKU0324,93,56,125,5
S018,SKU0325,225,196,41,7
S018,SKU0326,172,162,20,3
S018,SKU0327,205,189,53,2
S018,SKU0328,293,256,48,7
S018,SKU0329,229,201,34,1
S018,SKU0330,178,140,90,3
S018,SKU0331,233,223,144,3
S018,SKU0332,65,35,20,5
S018,SKU0333,62,24,24,4
S018,SKU0334,238,228,79,3
S018,SKU0335,76,62,84,4
S018,SKU0336,166,138,78,6
S018,SKU0337,167,144,110,2
S018,SKU0338,155,142,140,2
S018,SKU0339,155,134,63,7
S018,SKU0340,186,175,140,3
S018,SKU0341,161,144,35,6
S018,SKU0342,73,34,31,6
S018,SKU0343,244,207,34,3
S018,SKU0344,196,160,96,5
S018,SKU0345,282,245,89,2
S018,SKU0346,100,75,125,7
S018,SKU0347,209,178,128,7
S018,SKU0348,203,170,49,4
S018,SKU0349,106,67,114,3
S018,SKU0350,290,253,105,3
S018,SKU0351,206,194,113,5
S018,SKU0352,113,77,108,2
S018,SKU0353,90,58,122,6
S018,SKU0354,196,162,57,1
S018,SKU0355,66,54,38,1
S018,SKU0356,172,135,40,1
S018,SKU0357,248,227,109,1
S018,SKU0358,203,171,114,1
S018,SKU0359,119,86,54,3
S018,SKU0360,126,97,48,1
S018,SKU0361,215,179,27,2
S018,SKU0362,204,165,82,2
S018,SKU0363,154,131,61,4
S018,SKU0364,296,270,99,2
S018,SKU0365,120,107,126,5
S018,SKU0366,68,57,132,2
S018,SKU0367,210,181,101,4
S018,SKU0368,155,122,121,2
S018,SKU0369,258,220,73,2
S018,SKU0370,197,161,131,5
S018,SKU0371,153,123,86,3
S018,SKU0372,54,31,30,2
S018,SKU0373,109,83,80,3
S018,SKU0374,194,165,85,3
S018,SKU0375,170,147,140,7
S018,SKU0376,156,122,108,6
S018,SKU0377,272,252,139,1
S018,SKU0378,211,188,48,4
S018,SKU0379,191,173,133,3
S018,SKU0380,188,163,31,7
S018,SKU0381,273,247,85,1
S018,SKU0382,83,73,126,7
S018,SKU0383,207,185,74,2
S018,SKU0384,236,209,138,1
S018,SKU0385,283,258,147,3
S018,SKU0386,214,176,112,7
S018,SKU0387,206,167,21,1
S018,SKU0388,65,26,129,4
S018,SKU0389,220,194,123,2
S018,SKU0390,195,169,59,7
S018,SKU0391,127,104,100,5
S018,SKU0392,248,213,59,5
S018,SKU0393,171,134,90,2
S018,SKU0394,171,149,97,1
S018,SKU0395,200,162,86,1
S018,SKU0396,112,81,46,6
S018,SKU0397,140,126,116,4
S018,SKU0398,204,183,42,3
S018,SKU0399,256,234,122,1
S018,SKU0400,266,237,144,5
S018,SKU0401,287,255,130,7
S018,SKU0402,62,48,48,3
S018,SKU0403,210,191,116,4
S018,SKU0404,87,52,66,6
S018,SKU0405,163,146,146,4
S018,SKU0406,244,210,141,6
S018,SKU0407,64,49,104,1
S018,SKU0408,181,164,107,1
S018,SKU0409,185,163,54,5
S018,SKU0410,104,91,115,1
S018,SKU0411,128,116,46,5
S018,SKU0412,206,194,149,5
S018,SKU0413,68,41,103,5
S018,SKU0414,248,228,28,2
S018,SKU0415,53,36,123,6
S018,SKU0416,200,183,100,7
S018,SKU0417,269,249,67,6
S018,SKU0418,288,262,24,3
S018,SKU0419,248,213,70,4
S018,SKU0420,234,210,24,1
S018,SKU0421,181,171,87,7
S018,SKU0422,52,13,137,2
S018,SKU0423,71,39,141,6
S018,SKU0424,174,150,142,5
S018,SKU0425,85,51,136,7
S018,SKU0426,102,77,34,1
S018,SKU0427,178,150,63,1
S018,SKU0428,251,229,123,3
S018,SKU0429,157,138,49,1
S018,SKU0430,127,107,73,6
S018,SKU0431,237,198,136,2
S018,SKU0432,108,95,148,2
S018,SKU0433,87,74,60,7
S018,SKU0434,232,210,71,1
S018,SKU0435,276,258,124,6
S018,SKU0436,210,180,77,5
S018,SKU0437,232,204,43,6
S018,SKU0438,68,31,129,4
S018,SKU0439,270,237,107,3
S018,SKU0440,215,199,139,4
S018,SKU0441,245,229,92,4
S018,SKU0442,123,104,88,2
S018,SKU0443,244,229,101,3
S018,SKU0444,105,73,142,5
S018,SKU0445,206,169,29,7
S018,SKU0446,267,232,75,7
S018,SKU0447,124,87,51,4
S018,SKU0448,60,48,111,1
S018,SKU0449,130,113,132,7
S018,SKU0450,201,189,68,2
S018,SKU0451,142,117,149,5
S018,SKU0452,220,181,79,5
S018,SKU0453,287,275,129,2
S018,SKU0454,69,54,142,2
S018,SKU0455,178,163,55,7
S018,SKU0456,172,139,83,4
S018,SKU0457,115,88,32,2
S018,SKU0458,176,152,133,1
S018,SKU0459,52,25,64,3
S018,SKU0460,253,233,147,7
S018,SKU0461,137,103,24,6
S018,SKU0462,124,108,21,7
S018,SKU0463,192,156,30,3
S018,SKU0464,249,223,40,3
S018,SKU0465,218,205,52,3
S018,SKU0466,217,182,56,7
S018,SKU0467,110,84,119,5
S018,SKU0468,270,239,94,4
S018,SKU0469,176,145,39,3
S018,SKU0470,126,110,95,2
S018,SKU0471,275,251,115,2
S018,SKU0472,162,133,67,1
S018,SKU0473,288,277,112,7
S018,SKU0474,165,139,90,1
S018,SKU0475,198,177,110,3
S018,SKU0476,79,64,101,7
S018,SKU0477,111,90,132,4
S018,SKU0478,79,57,99,5
S018,SKU0479,292,268,148,4
S018,SKU0480,270,241,24,5
S018,SKU0481,199,166,101,1
S018,SKU0482,116,98,69,4
S018,SKU0483,171,136,124,4
S018,SKU0484,113,77,68,3
S018,SKU0485,74,61,101,6
S018,SKU0486,135,124,81,3
S018,SKU0487,196,161,80,1
S018,SKU0488,94,70,83,1
S018,SKU0489,155,125,21,2
S018,SKU0490,194,165,60,4
S018,SKU0491,171,153,139,6
S018,SKU0492,153,122,48,7
S018,SKU0493,107,83,137,6
S018,SKU0494,192,167,88,3
S018,SKU0495,215,205,142,2
S018,SKU0496,152,119,32,4
S018,SKU0497,254,225,134,5
S018,SKU0498,54,21,79,7
S018,SKU0499,137,107,32,7
S018,SKU0500,251,235,85,6
S019,SKU0001,177,165,31,7
S019,SKU0002,97,83,124,7
S019,SKU0003,189,156,105,5
S019,SKU0004,99,76,67,3
S019,SKU0005,59,21,57,6
S019,SKU0006,91,75,30,2
S019,SKU0007,181,170,50,3
S019,SKU0008,208,184,69,1
S019,SKU0009,157,120,135,1
S019,SKU0010,143,104,78,5
S019,SKU0011,112,76,29,4
S019,SKU0012,176,163,80,2
S019,SKU0013,136,102,55,4
S019,SKU0014,229,208,80,5
S019,SKU0015,109,96,31,2
S019,SKU0016,204,174,107,2
S019,SKU0017,220,189,143,3
S019,SKU0018,97,65,99,1
S019,SKU0019,174,152,112,6
S019,SKU0020,221,186,101,4
S019,SKU0021,223,188,130,6
S019,SKU0022,110,71,125,4
S019,SKU0023,246,233,127,6
S019,SKU0024,100,62,53,5
S019,SKU0025,145,126,90,7
S019,SKU0026,192,165,111,4
S019,SKU0027,262,239,145,2
S019,SKU0028,227,202,54,4
S019,SKU0029,298,281,113,3
S019,SKU0030,164,151,28,3
S019,SKU0031,63,48,42,4
S019,SKU0032,191,164,65,5
S019,SKU0033,123,112,130,6
S019,SKU0034,296,273,55,1
S019,SKU0035,172,134,139,7
S019,SKU0036,137,105,96,1
S019,SKU0037,79,52,82,4
S019,SKU0038,269,250,42,2
S019,SKU0039,52,26,59,3
S019,SKU0040,240,228,96,1
S019,SKU0041,73,48,30,6
S019,SKU0042,88,54,43,2
S019,SKU0043,208,198,101,6
S019,SKU0044,114,83,89,7
S019,SKU0045,125,105,42,2
S019,SKU0046,159,130,101,3
S019,SKU0047,121,108,53,7
S019,SKU0048,232,201,121,1
S019,SKU0049,282,265,61,1
S019,SKU0050,234,211,53,7
S019,SKU0051,276,252,139,1
S019,SKU0052,234,203,70,2
S019,SKU0053,195,180,100,5
S019,SKU0054,202,187,57,1
S019,SKU0055,218,202,127,3
S019,SKU0056,220,182,90,6
S019,SKU0057,124,111,71,2
S019,SKU0058,132,97,142,3
S019,SKU0059,284,260,127,4
S019,SKU0060,101,63,142,5
S019,SKU0061,94,69,25,6
S019,SKU0062,100,70,146,2
S019,SKU0063,271,251,96,4
S019,SKU0064,251,237,54,2
S019,SKU0065,69,53,38,4
S019,SKU0066,234,216,139,5
S019,SKU0067,63,33,33,3
S019,SKU0068,159,128,37,3
S019,SKU0069,193,177,128,2
S019,SKU0070,280,259,68,2
S019,SKU0071,236,204,134,2
S019,SKU0072,258,234,57,7
S019,SKU0073,226,196,69,3
S019,SKU0074,213,175,122,1
S019,SKU0075,70,39,112,5
S019,SKU0076,144,106,47,7
S019,SKU0077,271,239,70,7
S019,SKU0078,185,160,74,4
S019,SKU0079,232,193,24,7
S019,SKU0080,147,123,126,7
S019,SKU0081,167,149,147,2
S019,SKU0082,242,230,124,5
S019,SKU0083,278,249,101,2
S019,SKU0084,53,41,92,2
S019,SKU0085,282,269,140,1
S019,SKU0086,222,194,33,7
S019,SKU0087,102,65,110,2
S019,SKU0088,96,73,45,5
S019,SKU0089,201,169,54,3
S019,SKU0090,146,129,130,2
S019,SKU0091,191,167,27,4
S019,SKU0092,287,276,80,4
S019,SKU0093,146,133,64,4
S019,SKU0094,65,31,147,7
S019,SKU0095,273,244,48,6
S019,SKU0096,83,47,88,3
S019,SKU0097,101,64,34,7
S019,SKU0098,269,235,64,3
S019,SKU0099,76,54,57,3
S019,SKU0100,287,268,124,5
S019,SKU0101,68,58,52,4
S019,SKU0102,94,67,105,6
S019,SKU0103,146,136,52,4
S019,SKU0104,83,49,22,6
S019,SKU0105,154,142,21,3
S019,SKU0106,215,193,38,4
S019,SKU0107,206,188,108,1
S019,SKU0108,245,207,46,7
S019,SKU0109,290,272,50,1
S019,SKU0110,231,218,61,2
S019,SKU0111,211,194,95,6
S019,SKU0112,227,215,39,5
S019,SKU0113,259,220,140,4
S019,SKU0114,64,33,80,5
S019,SKU0115,251,217,132,5
S019,SKU0116,190,162,47,6
S019,SKU0117,85,63,48,1
S019,SKU0118,104,93,76,6
S019,SKU0119,251,241,91,3
S019,SKU0120,103,71,34,5
S019,SKU0121,278,260,31,5
S019,SKU0122,210,185,67,4
S019,SKU0123,197,176,68,7
S019,SKU0124,93,55,76,3
S019,SKU0125,81,70,133,6
S019,SKU0126,182,155,133,4
S019,SKU0127,72,45,75,3
S019,SKU0128,98,60,47,3
S019,SKU0129,197,185,71,1
S019,SKU0130,51,32,75,1
S019,SKU0131,139,117,27,1
S019,SKU0132,292,262,118,3
S019,SKU0133,212,177,78,4
S019,SKU0134,201,165,78,2
S019,SKU0135,179,162,140,5
S019,SKU0136,206,177,39,1
S019,SKU0137,79,61,36,7
S019,SKU0138,56,34,28,5
S019,SKU0139,184,154,97,2
S019,SKU0140,87,71,100,2
S019,SKU0141,204,181,132,1
S019,SKU0142,52,24,83,1
S019,SKU0143,186,152,92,2
S019,SKU0144,213,202,99,3
S019,SKU0145,265,254,36,6
S019,SKU0146,134,98,97,6
S019,SKU0147,160,121,141,1
S019,SKU0148,280,242,146,6
S019,SKU0149,275,260,144,5
S019,SKU0150,218,198,75,1
S019,SKU0151,259,224,34,4
S019,SKU0152,258,225,129,2
S019,SKU0153,248,235,62,2
S019,SKU0154,147,108,123,6
S019,SKU0155,283,247,85,6
S019,SKU0156,71,57,40,1
S019,SKU0157,135,125,39,3
S019,SKU0158,147,134,57,1
S019,SKU0159,85,75,103,5
S019,SKU0160,173,153,47,6
S019,SKU0161,141,112,125,6
S019,SKU0162,149,125,86,2
S019,SKU0163,171,160,77,2
S019,SKU0164,132,114,87,6
S019,SKU0165,100,76,93,5
S019,SKU0166,221,192,148,1
S019,SKU0167,239,214,64,5
S019,SKU0168,61,34,86,3
S019,SKU0169,221,192,22,5
S019,SKU0170,99,89,44,7
S019,SKU0171,73,41,67,5
S019,SKU0172,198,186,122,1
S019,SKU0173,252,223,102,5
S019,SKU0174,192,166,25,6
S019,SKU0175,200,166,50,4
S019,SKU0176,294,260,121,5
S019,SKU0177,128,90,98,4
S019,SKU0178,78,54,85,5
S019,SKU0179,234,216,122,4
S019,SKU0180,277,264,66,3
S019,SKU0181,182,144,56,4
S019,SKU0182,175,139,108,5
S019,SKU0183,261,239,84,3
S019,SKU0184,114,84,91,3
S019,SKU0185,277,251,60,6
S019,SKU0186,61,42,67,3
S019,SKU0187,55,21,120,1
S019,SKU0188,286,268,32,7
S019,SKU0189,267,242,123,1
S019,SKU0190,293,281,41,2
S019,SKU0191,190,178,53,6
S019,SKU0192,279,242,29,6
S019,SKU0193,116,101,90,1
S019,SKU0194,270,238,47,6
S019,SKU0195,56,41,92,7
S019,SKU0196,292,253,126,4
S019,SKU0197,193,169,140,5
S019,SKU0198,91,60,127,2
S019,SKU0199,255,236,126,5
S019,SKU0200,144,111,104,4
S019,SKU0201,200,190,113,1
S019,SKU0202,262,226,144,2
S019,SKU0203,88,54,117,2
S019,SKU0204,165,128,24,6
S019,SKU0205,249,235,111,3
S019,SKU0206,254,225,43,5
S019,SKU0207,75,57,108,4
S019,SKU0208,233,216,90,7
S019,SKU0209,242,212,34,3
S019,SKU0210,269,253,134,1
S019,SKU0211,286,261,69,4
S019,SKU0212,251,216,95,4
S019,SKU0213,126,93,110,3
S019,SKU0214,136,117,50,7
S019,SKU0215,241,218,121,4
S019,SKU0216,175,143,115,1
S019,SKU0217,79,66,125,3
S019,SKU0218,106,67,47,6
S019,SKU0219,105,92,115,3
S019,SKU0220,188,166,78,4
S019,SKU0221,68,43,129,7
S019,SKU0222,198,160,137,4
S019,SKU0223,136,106,142,5
S019,SKU0224,53,25,68,3
S019,SKU0225,151,123,108,5
S019,SKU0226,213,185,37,2
S019,SKU0227,158,141,117,7
S019,SKU0228,284,252,66,5
S019,SKU0229,243,230,93,2
S019,SKU0230,148,128,37,7
S019,SKU0231,253,242,130,4
S019,SKU0232,145,129,68,1
S019,SKU0233,79,69,51,2
S019,SKU0234,226,209,109,6
S019,SKU0235,163,136,86,6
S019,SKU0236,244,222,130,2
S019,SKU0237,100,70,123,3
S019,SKU0238,93,71,78,5
S019,SKU0239,203,189,122,4
S019,SKU0240,131,107,34,4
S019,SKU0241,146,121,35,5
S019,SKU0242,171,139,103,1
S019,SKU0243,60,35,50,4
S019,SKU0244,125,112,80,5
S019,SKU0245,153,137,36,2
S019,SKU0246,238,200,22,6
S019,SKU0247,79,56,136,1
S019,SKU0248,197,163,61,7
S019,SKU0249,141,128,42,3
S019,SKU0250,163,150,75,4
S019,SKU0251,220,200,48,2
S019,SKU0252,166,134,124,1
S019,SKU0253,193,162,122,4
S019,SKU0254,246,234,66,1
S019,SKU0255,274,264,94,4
S019,SKU0256,207,173,139,2
S019,SKU0257,172,157,145,5
S019,SKU0258,160,132,123,3
S019,SKU0259,264,228,80,5
S019,SKU0260,289,274,129,3
S019,SKU0261,238,205,119,1
S019,SKU0262,121,88,77,3
S019,SKU0263,129,109,42,7
S019,SKU0264,112,75,34,6
S019,SKU0265,229,207,115,5
S019,SKU0266,59,30,94,4
S019,SKU0267,209,195,142,2
S019,SKU0268,105,66,60,4
S019,SKU0269,291,281,69,3
S019,SKU0270,77,46,72,7
S019,SKU0271,75,42,128,4
S019,SKU0272,227,201,34,5
S019,SKU0273,54,41,121,1
S019,SKU0274,87,50,126,4
S019,SKU0275,149,137,35,1
S019,SKU0276,250,216,89,6
S019,SKU0277,105,85,64,3
S019,SKU0278,58,19,119,1
S019,SKU0279,106,92,94,5
S019,SKU0280,296,283,65,6
S019,SKU0281,70,34,60,4
S019,SKU0282,50,14,42,4
S019,SKU0283,153,124,56,2
S019,SKU0284,185,148,137,7
S019,SKU0285,211,184,33,1
S019,SKU0286,202,178,148,5
S019,SKU0287,122,110,71,2
S019,SKU0288,188,149,110,6
S019,SKU0289,158,140,137,2
S019,SKU0290,137,101,98,7
S019,SKU0291,192,179,146,7
S019,SKU0292,81,62,74,4
S019,SKU0293,230,209,116,5
S019,SKU0294,227,206,111,3
S019,SKU0295,217,195,56,1
S019,SKU0296,90,54,147,4
S019,SKU0297,284,247,146,2
S019,SKU0298,164,129,114,2
S019,SKU0299,152,124,22,3
S019,SKU0300,122,95,83,4
S019,SKU0301,118,99,51,5
S019,SKU0302,79,68,79,4
S019,SKU0303,53,35,69,6
S019,SKU0304,161,123,122,4
S019,SKU0305,57,33,72,6
S019,SKU0306,66,40,47,4
S019,SKU0307,161,143,113,4
S019,SKU0308,221,195,114,5
S019,SKU0309,257,220,35,1
S019,SKU0310,143,114,75,5
S019,SKU0311,298,281,54,3
S019,SKU0312,189,169,137,2
S019,SKU0313,91,62,99,5
S019,SKU0314,64,27,136,6
S019,SKU0315,227,201,23,5
S019,SKU0316,94,80,145,1
S019,SKU0317,295,272,125,5
S019,SKU0318,152,131,120,7
S019,SKU0319,194,170,31,6
S019,SKU0320,100,84,61,4
S019,SKU0321,164,146,125,3
S019,SKU0322,131,108,76,5
S019,SKU0323,104,92,20,7
S019,SKU0324,215,177,107,3
S019,SKU0325,134,107,121,6
S019,SKU0326,53,25,139,6
S019,SKU0327,266,245,41,3
S019,SKU0328,225,193,48,6
S019,SKU0329,123,113,82,2
S019,SKU0330,160,123,65,6
S019,SKU0331,227,208,20,4
S019,SKU0332,141,113,59,7
S019,SKU0333,212,177,110,7
S019,SKU0334,180,164,74,6
S019,SKU0335,169,147,129,2
S019,SKU0336,146,117,107,2
S019,SKU0337,57,20,145,5
S019,SKU0338,100,77,144,4
S019,SKU0339,172,162,57,6
S019,SKU0340,159,147,108,3
S019,SKU0341,247,232,59,1
S019,SKU0342,69,59,79,4
S019,SKU0343,220,208,133,2
S019,SKU0344,284,254,70,3
S019,SKU0345,270,250,102,4
S019,SKU0346,198,179,133,6
S019,SKU0347,188,161,32,1
S019,SKU0348,50,20,144,2
S019,SKU0349,187,155,120,1
S019,SKU0350,71,47,99,6
S019,SKU0351,207,183,125,7
S019,SKU0352,57,22,44,6
S019,SKU0353,223,198,116,2
S019,SKU0354,53,20,135,7
S019,SKU0355,99,69,69,1
S019,SKU0356,214,204,55,3
S019,SKU0357,137,110,68,6
S019,SKU0358,198,167,147,4
S019,SKU0359,292,282,54,5
S019,SKU0360,177,151,82,1
S019,SKU0361,292,276,40,2
S019,SKU0362,177,141,126,5
S019,SKU0363,227,217,104,2
S019,SKU0364,207,168,26,1
S019,SKU0365,277,261,115,7
S019,SKU0366,82,62,144,1
S019,SKU0367,197,181,45,1
S019,SKU0368,190,171,101,4
S019,SKU0369,189,164,99,5
S019,SKU0370,253,242,100,5
S019,SKU0371,220,187,122,6
S019,SKU0372,283,253,123,4
S019,SKU0373,283,268,121,2
S019,SKU0374,96,60,57,4
S019,SKU0375,230,208,31,5
S019,SKU0376,68,47,144,4
S019,SKU0377,193,161,28,4
S019,SKU0378,214,185,59,5
S019,SKU0379,156,132,75,2
S019,SKU0380,265,254,89,7
S019,SKU0381,279,240,34,3
S019,SKU0382,225,201,78,3
S019,SKU0383,292,260,109,4
S019,SKU0384,256,223,127,2
S019,SKU0385,90,69,132,6
S019,SKU0386,197,163,27,2
S019,SKU0387,288,252,130,4
S019,SKU0388,293,278,69,3
S019,SKU0389,232,222,86,1
S019,SKU0390,206,195,84,1
S019,SKU0391,111,101,72,6
S019,SKU0392,158,128,57,5
S019,SKU0393,218,186,107,6
S019,SKU0394,62,40,52,1
S019,SKU0395,180,145,82,3
S019,SKU0396,85,60,54,6
S019,SKU0397,186,170,139,4
S019,SKU0398,200,167,54,7
S019,SKU0399,157,123,77,6
S019,SKU0400,100,73,26,4
S019,SKU0401,260,248,97,6
S019,SKU0402,153,134,36,7
S019,SKU0403,212,196,131,4
S019,SKU0404,57,44,113,5
S019,SKU0405,222,186,31,5
S019,SKU0406,282,269,85,2
S019,SKU0407,218,196,72,1
S019,SKU0408,248,235,144,6
S019,SKU0409,217,184,79,2
S019,SKU0410,211,191,27,1
S019,SKU0411,151,127,63,6
S019,SKU0412,118,79,42,5
S019,SKU0413,208,171,121,5
S019,SKU0414,256,246,41,4
S019,SKU0415,229,203,98,7
S019,SKU0416,156,124,71,3
S019,SKU0417,272,258,48,1
S019,SKU0418,71,53,135,6
S019,SKU0419,58,19,40,3
S019,SKU0420,247,218,58,2
S019,SKU0421,262,230,36,6
S019,SKU0422,288,271,84,2
S019,SKU0423,175,136,107,3
S019,SKU0424,96,57,25,1
S019,SKU0425,143,133,134,3
S019,SKU0426,208,181,69,6
S019,SKU0427,83,73,60,5
S019,SKU0428,286,249,31,1
S019,SKU0429,186,172,93,2
S019,SKU0430,83,69,93,3
S019,SKU0431,73,37,106,1
S019,SKU0432,83,62,42,5
S019,SKU0433,222,210,38,5
S019,SKU0434,114,82,132,1
S019,SKU0435,290,265,137,7
S019,SKU0436,241,217,48,4
S019,SKU0437,276,263,64,3
S019,SKU0438,296,271,84,1
S019,SKU0439,63,49,104,1
S019,SKU0440,70,53,46,7
S019,SKU0441,68,37,105,7
S019,SKU0442,195,174,70,4
S019,SKU0443,76,42,39,4
S019,SKU0444,112,85,79,2
S019,SKU0445,132,113,89,3
S019,SKU0446,97,70,36,7
S019,SKU0447,95,72,131,7
S019,SKU0448,259,224,105,7
S019,SKU0449,200,161,127,7
S019,SKU0450,180,151,128,5
S019,SKU0451,54,23,94,7
S019,SKU0452,274,236,82,4
S019,SKU0453,53,41,38,4
S019,SKU0454,65,47,126,6
S019,SKU0455,98,62,63,2
S019,SKU0456,135,119,100,3
S019,SKU0457,174,162,66,6
S019,SKU0458,165,144,140,3
S019,SKU0459,225,204,141,1
S019,SKU0460,85,70,93,7
S019,SKU0461,156,146,77,3
S019,SKU0462,224,209,121,5
S019,SKU0463,186,157,129,1
S019,SKU0464,120,91,144,2
S019,SKU0465,170,149,71,4
S019,SKU0466,229,193,122,7
S019,SKU0467,259,242,85,4
S019,SKU0468,147,136,146,2
S019,SKU0469,184,156,142,6
S019,SKU0470,190,174,34,7
S019,SKU0471,168,130,29,7
S019,SKU0472,82,72,60,7
S019,SKU0473,106,77,122,1
S019,SKU0474,240,228,141,5
S019,SKU0475,269,240,130,5
S019,SKU0476,105,87,38,4
S019,SKU0477,178,146,80,1
S019,SKU0478,239,217,36,5
S019,SKU0479,238,224,29,2
S019,SKU0480,269,253,100,1
S019,SKU0481,153,134,84,5
S019,SKU0482,89,75,50,1
S019,SKU0483,146,115,109,1
S019,SKU0484,118,107,69,3
S019,SKU0485,133,104,70,6
S019,SKU0486,175,155,134,3
S019,SKU0487,257,235,131,7
S019,SKU0488,157,121,62,4
S019,SKU0489,253,242,130,7
S019,SKU0490,233,219,55,7
S019,SKU0491,231,205,110,4
S019,SKU0492,99,85,143,6
S019,SKU0493,246,227,79,6
S019,SKU0494,153,114,49,4
S019,SKU0495,64,35,72,2
S019,SKU0496,164,133,135,1
S019,SKU0497,56,32,90,1
S019,SKU0498,87,61,116,7
S019,SKU0499,240,225,86,5
S019,SKU0500,114,91,142,4
S020,SKU0001,96,71,98,1
S020,SKU0002,151,131,66,7
S020,SKU0003,219,188,77,1
S020,SKU0004,77,48,63,2
S020,SKU0005,150,122,39,1
S020,SKU0006,262,231,84,5
S020,SKU0007,119,82,92,1
S020,SKU0008,105,67,50,7
S020,SKU0009,270,232,136,2
S020,SKU0010,68,49,121,3
S020,SKU0011,164,145,56,6
S020,SKU0012,225,194,52,3
S020,SKU0013,188,155,33,1
S020,SKU0014,164,131,84,4
S020,SKU0015,91,61,116,7
S020,SKU0016,225,213,72,4
S020,SKU0017,274,262,110,2
S020,SKU0018,264,225,61,2
S020,SKU0019,286,263,114,5
S020,SKU0020,255,230,32,7
S020,SKU0021,198,177,104,2
S020,SKU0022,285,248,42,2
S020,SKU0023,192,179,146,3
S020,SKU0024,146,124,64,5
S020,SKU0025,70,58,58,2
S020,SKU0026,156,141,87,1
S020,SKU0027,142,108,107,6
S020,SKU0028,125,111,138,1
S020,SKU0029,53,33,102,5
S020,SKU0030,155,129,22,4
S020,SKU0031,169,153,36,6
S020,SKU0032,170,137,48,6
S020,SKU0033,170,140,78,6
S020,SKU0034,204,172,51,4
S020,SKU0035,145,126,109,7
S020,SKU0036,270,255,91,1
S020,SKU0037,244,227,148,5
S020,SKU0038,163,131,135,6
S020,SKU0039,61,41,85,6
S020,SKU0040,87,58,41,7
S020,SKU0041,230,207,94,2
S020,SKU0042,73,38,115,4
S020,SKU0043,128,115,33,3
S020,SKU0044,62,29,130,1
S020,SKU0045,67,46,43,7
S020,SKU0046,126,93,43,2
S020,SKU0047,299,271,141,7
S020,SKU0048,160,129,69,3
S020,SKU0049,124,104,140,1
S020,SKU0050,257,229,54,5
S020,SKU0051,117,97,38,4
S020,SKU0052,190,175,45,5
S020,SKU0053,297,267,36,1
S020,SKU0054,94,68,147,5
S020,SKU0055,57,41,37,4
S020,SKU0056,143,114,110,2
S020,SKU0057,98,65,87,2
S020,SKU0058,216,200,108,5
S020,SKU0059,66,31,28,4
S020,SKU0060,247,232,126,6
S020,SKU0061,236,202,119,1
S020,SKU0062,126,97,23,6
S020,SKU0063,218,183,74,5
S020,SKU0064,248,236,82,1
S020,SKU0065,100,84,71,7
S020,SKU0066,216,189,37,7
S020,SKU0067,190,169,138,7
S020,SKU0068,63,53,106,5
S020,SKU0069,56,23,93,2
S020,SKU0070,190,167,124,7
S020,SKU0071,188,149,124,1
S020,SKU0072,213,180,85,4
S020,SKU0073,77,48,46,7
S020,SKU0074,220,198,125,2
S020,SKU0075,126,115,70,2
S020,SKU0076,297,285,72,7
S020,SKU0077,289,251,59,5
S020,SKU0078,65,44,39,4
S020,SKU0079,64,37,47,6
S020,SKU0080,218,188,51,3
S020,SKU0081,142,109,32,3
S020,SKU0082,167,154,100,4
S020,SKU0083,286,269,90,3
S020,SKU0084,219,186,135,2
S020,SKU0085,72,54,108,7
S020,SKU0086,160,128,82,3
S020,SKU0087,193,163,20,6
S020,SKU0088,191,173,129,1
S020,SKU0089,178,165,40,4
S020,SKU0090,121,111,20,7
S020,SKU0091,193,164,111,7
S020,SKU0092,122,111,92,2
S020,SKU0093,75,47,128,7
S020,SKU0094,78,65,20,4
S020,SKU0095,126,99,91,4
S020,SKU0096,235,221,21,2
S020,SKU0097,64,37,146,7
S020,SKU0098,122,84,128,1
S020,SKU0099,162,146,35,4
S020,SKU0100,189,168,114,6
S020,SKU0101,200,172,34,6
S020,SKU0102,208,191,56,1
S020,SKU0103,92,73,131,3
S020,SKU0104,176,137,32,4
S020,SKU0105,104,81,46,4
S020,SKU0106,241,221,50,1
S020,SKU0107,83,59,99,2
S020,SKU0108,55,18,87,5
S020,SKU0109,161,150,95,7
S020,SKU0110,240,218,38,4
S020,SKU0111,79,47,33,4
S020,SKU0112,202,189,85,2
S020,SKU0113,291,256,129,2
S020,SKU0114,161,125,105,3
S020,SKU0115,181,153,53,4
S020,SKU0116,187,156,63,6
S020,SKU0117,76,48,20,6
S020,SKU0118,134,107,62,2
S020,SKU0119,278,258,33,2
S020,SKU0120,124,112,126,4
S020,SKU0121,236,214,117,2
S020,SKU0122,201,190,102,2
S020,SKU0123,160,129,59,7
S020,SKU0124,298,259,109,1
S020,SKU0125,133,95,141,3
S020,SKU0126,176,159,102,3
S020,SKU0127,226,190,68,5
S020,SKU0128,134,110,75,5
S020,SKU0129,227,197,137,4
S020,SKU0130,256,217,127,7
S020,SKU0131,233,215,21,5
S020,SKU0132,52,16,52,6
S020,SKU0133,182,148,36,3
S020,SKU0134,64,33,53,1
S020,SKU0135,72,60,113,4
S020,SKU0136,296,260,53,1
S020,SKU0137,84,66,74,3
S020,SKU0138,218,187,141,1
S020,SKU0139,131,96,26,3
S020,SKU0140,86,59,143,7
S020,SKU0141,282,259,37,4
S020,SKU0142,178,143,91,1
S020,SKU0143,294,274,127,5
S020,SKU0144,85,54,33,2
S020,SKU0145,173,139,122,3
S020,SKU0146,69,54,38,4
S020,SKU0147,92,63,20,2
S020,SKU0148,53,39,123,1
S020,SKU0149,130,119,78,2
S020,SKU0150,189,176,79,6
S020,SKU0151,121,106,45,2
S020,SKU0152,238,213,102,3
S020,SKU0153,101,64,72,1
S020,SKU0154,115,93,145,3
S020,SKU0155,202,192,93,7
S020,SKU0156,152,140,108,6
S020,SKU0157,191,155,46,1
S020,SKU0158,130,94,122,4
S020,SKU0159,202,189,51,6
S020,SKU0160,283,252,136,1
S020,SKU0161,60,36,129,5
S020,SKU0162,143,127,139,3
S020,SKU0163,226,194,63,5
S020,SKU0164,146,109,65,7
S020,SKU0165,177,146,74,5
S020,SKU0166,195,173,67,5
S020,SKU0167,114,92,128,5
S020,SKU0168,272,257,112,6
S020,SKU0169,73,37,146,2
S020,SKU0170,256,217,92,2
S020,SKU0171,103,79,132,5
S020,SKU0172,54,25,95,2
S020,SKU0173,140,103,133,1
S020,SKU0174,290,254,113,5
S020,SKU0175,112,79,94,1
S020,SKU0176,97,64,42,5
S020,SKU0177,136,124,21,4
S020,SKU0178,135,104,31,5
S020,SKU0179,128,110,71,7
S020,SKU0180,261,236,40,3
S020,SKU0181,158,144,76,2
S020,SKU0182,67,47,86,5
S020,SKU0183,185,158,122,2
S020,SKU0184,243,205,135,3
S020,SKU0185,153,141,63,2
S020,SKU0186,217,186,86,5
S020,SKU0187,72,41,93,3
S020,SKU0188,91,59,28,2
S020,SKU0189,105,80,130,1
S020,SKU0190,76,62,84,4
S020,SKU0191,257,227,89,1
S020,SKU0192,122,84,65,1
S020,SKU0193,202,184,55,4
S020,SKU0194,226,193,105,2
S020,SKU0195,215,201,135,5
S020,SKU0196,166,148,40,6
S020,SKU0197,66,27,98,1
S020,SKU0198,122,104,117,6
S020,SKU0199,226,187,146,2
S020,SKU0200,246,225,22,3
S020,SKU0201,163,134,101,2
S020,SKU0202,144,106,131,7
S020,SKU0203,241,214,147,6
S020,SKU0204,163,129,145,2
S020,SKU0205,270,242,114,5
S020,SKU0206,83,50,65,2
S020,SKU0207,192,170,25,2
S020,SKU0208,235,213,58,3
S020,SKU0209,99,63,50,6
S020,SKU0210,76,62,40,4
S020,SKU0211,175,163,25,1
S020,SKU0212,275,252,71,1
S020,SKU0213,156,133,124,4
S020,SKU0214,58,23,33,3
S020,SKU0215,252,226,95,5
S020,SKU0216,96,76,90,7
S020,SKU0217,129,106,104,6
S020,SKU0218,90,73,122,5
S020,SKU0219,244,211,147,1
S020,SKU0220,118,80,86,7
S020,SKU0221,218,190,99,6
S020,SKU0222,163,142,53,1
S020,SKU0223,156,138,61,6
S020,SKU0224,79,46,144,5
S020,SKU0225,259,235,128,6
S020,SKU0226,137,125,22,7
S020,SKU0227,82,66,131,1
S020,SKU0228,194,184,113,3
S020,SKU0229,196,169,130,4
S020,SKU0230,201,167,79,1
S020,SKU0231,211,185,72,5
S020,SKU0232,64,29,136,1
S020,SKU0233,160,145,37,5
S020,SKU0234,60,21,113,1
S020,SKU0235,58,30,95,6
S020,SKU0236,197,162,126,1
S020,SKU0237,103,82,55,3
S020,SKU0238,159,136,118,4
S020,SKU0239,172,162,39,7
S020,SKU0240,138,117,34,1
S020,SKU0241,285,272,124,3
S020,SKU0242,216,185,88,2
S020,SKU0243,267,255,57,7
S020,SKU0244,230,216,106,5
S020,SKU0245,79,55,101,3
S020,SKU0246,203,164,106,3
S020,SKU0247,127,101,139,4
S020,SKU0248,181,165,103,3
S020,SKU0249,190,166,40,7
S020,SKU0250,51,23,64,5
S020,SKU0251,127,95,97,5
S020,SKU0252,178,147,27,2
S020,SKU0253,210,191,50,2
S020,SKU0254,238,208,73,3
S020,SKU0255,212,194,22,6
S020,SKU0256,96,57,51,5
S020,SKU0257,101,90,96,3
S020,SKU0258,199,183,45,2
S020,SKU0259,270,247,30,4
S020,SKU0260,163,141,44,3
S020,SKU0261,123,103,47,4
S020,SKU0262,273,255,48,2
S020,SKU0263,140,105,48,2
S020,SKU0264,222,200,88,5
S020,SKU0265,256,246,146,1
S020,SKU0266,277,258,138,5
S020,SKU0267,286,271,38,7
S020,SKU0268,277,255,44,7
S020,SKU0269,244,228,112,3
S020,SKU0270,117,95,126,2
S020,SKU0271,91,57,20,1
S020,SKU0272,203,187,114,1
S020,SKU0273,289,268,40,1
S020,SKU0274,95,66,115,1
S020,SKU0275,56,39,63,4
S020,SKU0276,137,116,85,6
S020,SKU0277,77,55,72,2
S020,SKU0278,188,160,30,5
S020,SKU0279,74,39,51,5
S020,SKU0280,284,263,88,2
S020,SKU0281,140,119,139,3
S020,SKU0282,275,258,60,3
S020,SKU0283,138,127,45,5
S020,SKU0284,195,181,143,7
S020,SKU0285,231,199,30,2
S020,SKU0286,231,208,102,1
S020,SKU0287,59,39,130,7
S020,SKU0288,289,257,97,1
S020,SKU0289,116,80,109,4
S020,SKU0290,251,214,93,4
S020,SKU0291,179,167,117,5
S020,SKU0292,267,230,80,3
S020,SKU0293,147,129,73,2
S020,SKU0294,276,239,132,5
S020,SKU0295,53,39,34,2
S020,SKU0296,278,265,119,4
S020,SKU0297,90,77,32,5
S020,SKU0298,205,173,82,2
S020,SKU0299,107,81,82,2
S020,SKU0300,201,164,107,1
S020,SKU0301,148,111,40,6
S020,SKU0302,81,55,138,6
S020,SKU0303,80,56,73,1
S020,SKU0304,143,129,52,3
S020,SKU0305,115,76,139,7
S020,SKU0306,266,245,51,7
S020,SKU0307,121,87,38,6
S020,SKU0308,202,165,93,4
S020,SKU0309,276,264,113,3
S020,SKU0310,190,158,122,7
S020,SKU0311,179,147,46,7
S020,SKU0312,57,31,87,1
S020,SKU0313,61,30,67,5
S020,SKU0314,222,205,116,1
S020,SKU0315,89,50,32,2
S020,SKU0316,192,153,116,1
S020,SKU0317,79,59,130,5
S020,SKU0318,196,186,95,3
S020,SKU0319,79,49,135,1
S020,SKU0320,198,181,131,7
S020,SKU0321,143,128,142,4
S020,SKU0322,185,170,59,5
S020,SKU0323,280,242,129,4
S020,SKU0324,173,162,82,4
S020,SKU0325,282,258,20,1
S020,SKU0326,199,163,148,3
S020,SKU0327,174,145,32,5
S020,SKU0328,228,217,90,2
S020,SKU0329,167,155,40,6
S020,SKU0330,207,195,130,6
S020,SKU0331,112,101,93,5
S020,SKU0332,73,40,32,3
S020,SKU0333,84,69,96,1
S020,SKU0334,147,116,22,5
S020,SKU0335,278,255,73,6
S020,SKU0336,289,257,147,1
S020,SKU0337,170,142,146,7
S020,SKU0338,293,269,36,6
S020,SKU0339,109,88,103,3
S020,SKU0340,148,109,46,4
S020,SKU0341,230,201,53,4
S020,SKU0342,94,67,25,2
S020,SKU0343,133,123,115,6
S020,SKU0344,273,235,27,5
S020,SKU0345,266,240,21,6
S020,SKU0346,185,166,113,5
S020,SKU0347,288,262,85,1
S020,SKU0348,198,183,115,2
S020,SKU0349,135,122,75,4
S020,SKU0350,87,62,36,2
S020,SKU0351,113,90,119,5
S020,SKU0352,60,31,49,4
S020,SKU0353,179,148,99,3
S020,SKU0354,231,208,53,1
S020,SKU0355,286,250,61,2
S020,SKU0356,114,80,50,5
S020,SKU0357,180,152,29,2
S020,SKU0358,86,66,107,6
S020,SKU0359,89,72,51,1
S020,SKU0360,146,107,146,2
S020,SKU0361,152,117,138,1
S020,SKU0362,104,69,85,6
S020,SKU0363,182,162,135,4
S020,SKU0364,219,207,114,7
S020,SKU0365,126,112,95,6
S020,SKU0366,298,284,135,6
S020,SKU0367,257,218,80,5
S020,SKU0368,100,74,98,1
S020,SKU0369,156,130,45,3
S020,SKU0370,249,221,64,2
S020,SKU0371,77,56,102,7
S020,SKU0372,218,208,92,6
S020,SKU0373,227,214,56,7
S020,SKU0374,229,213,125,5
S020,SKU0375,232,213,123,4
S020,SKU0376,182,172,60,3
S020,SKU0377,143,107,29,2
S020,SKU0378,50,32,87,5
S020,SKU0379,124,114,143,3
S020,SKU0380,283,255,20,2
S020,SKU0381,279,240,47,4
S020,SKU0382,258,240,137,7
S020,SKU0383,97,68,37,2
S020,SKU0384,255,224,108,4
S020,SKU0385,220,204,116,2
S020,SKU0386,200,165,23,1
S020,SKU0387,205,171,93,3
S020,SKU0388,260,224,75,3
S020,SKU0389,279,244,21,3
S020,SKU0390,100,75,34,2
S020,SKU0391,179,140,51,7
S020,SKU0392,135,121,21,2
S020,SKU0393,195,170,135,2
S020,SKU0394,115,86,128,4
S020,SKU0395,69,41,99,3
S020,SKU0396,147,127,37,3
S020,SKU0397,235,215,129,4
S020,SKU0398,184,173,140,1
S020,SKU0399,236,207,31,1
S020,SKU0400,206,178,46,2
S020,SKU0401,54,28,79,7
S020,SKU0402,126,107,41,2
S020,SKU0403,270,254,116,1
S020,SKU0404,117,86,86,5
S020,SKU0405,143,112,34,3
S020,SKU0406,117,82,118,7
S020,SKU0407,221,199,134,6
S020,SKU0408,272,255,106,7
S020,SKU0409,229,194,69,1
S020,SKU0410,117,96,52,4
S020,SKU0411,251,221,49,1
S020,SKU0412,204,165,82,5
S020,SKU0413,175,137,117,7
S020,SKU0414,157,142,97,6
S020,SKU0415,256,220,105,5
S020,SKU0416,93,66,62,7
S020,SKU0417,275,248,123,4
S020,SKU0418,259,231,133,2
S020,SKU0419,200,174,94,2
S020,SKU0420,153,141,24,3
S020,SKU0421,144,108,113,5
S020,SKU0422,119,81,24,6
S020,SKU0423,296,283,67,1
S020,SKU0424,291,275,80,6
S020,SKU0425,61,24,50,2
S020,SKU0426,134,124,92,6
S020,SKU0427,189,160,72,2
S020,SKU0428,219,188,41,5
S020,SKU0429,59,32,99,3
S020,SKU0430,92,70,52,4
S020,SKU0431,235,196,43,7
S020,SKU0432,112,79,25,1
S020,SKU0433,187,155,44,4
S020,SKU0434,72,37,95,1
S020,SKU0435,236,224,103,2
S020,SKU0436,295,265,147,1
S020,SKU0437,120,97,49,2
S020,SKU0438,219,190,35,6
S020,SKU0439,172,157,122,4
S020,SKU0440,129,93,137,6
S020,SKU0441,179,140,115,3
S020,SKU0442,207,176,37,5
S020,SKU0443,61,40,57,4
S020,SKU0444,96,62,93,6
S020,SKU0445,136,112,53,5
S020,SKU0446,147,111,35,5
S020,SKU0447,174,153,67,1
S020,SKU0448,178,154,122,5
S020,SKU0449,113,84,128,6
S020,SKU0450,118,85,26,4
S020,SKU0451,210,182,27,4
S020,SKU0452,134,96,91,5
S020,SKU0453,181,144,130,7
S020,SKU0454,206,196,20,7
S020,SKU0455,65,37,104,6
S020,SKU0456,143,109,104,7
S020,SKU0457,296,268,21,5
S020,SKU0458,171,161,124,1
S020,SKU0459,188,151,137,2
S020,SKU0460,186,166,138,3
S020,SKU0461,83,50,42,6
S020,SKU0462,216,182,123,3
S020,SKU0463,167,156,20,4
S020,SKU0464,179,166,51,4
S020,SKU0465,254,217,92,5
S020,SKU0466,120,90,60,1
S020,SKU0467,141,102,70,6
S020,SKU0468,218,206,45,3
S020,SKU0469,216,179,51,3
S020,SKU0470,75,56,25,5
S020,SKU0471,123,100,113,7
S020,SKU0472,227,212,26,6
S020,SKU0473,104,94,82,1
S020,SKU0474,50,15,23,6
S020,SKU0475,120,82,20,2
S020,SKU0476,271,235,149,7
S020,SKU0477,51,36,114,5
S020,SKU0478,191,158,133,6
S020,SKU0479,120,93,40,6
S020,SKU0480,155,128,63,2
S020,SKU0481,278,248,141,4
S020,SKU0482,162,136,133,1
S020,SKU0483,56,18,108,1
S020,SKU0484,236,210,52,4
S020,SKU0485,298,274,47,6
S020,SKU0486,188,151,140,2
S020,SKU0487,153,125,141,2
S020,SKU0488,292,264,144,5
S020,SKU0489,212,180,30,6
S020,SKU0490,226,209,141,5
S020,SKU0491,156,135,142,5
S020,SKU0492,84,49,104,1
S020,SKU0493,179,166,100,4
S020,SKU0494,203,193,115,1
S020,SKU0495,122,95,89,1
S020,SKU0496,51,24,108,4
S020,SKU0497,253,231,73,2
S020,SKU0498,67,54,34,4
S020,SKU0499,290,274,83,3
S020,SKU0500,70,56,144,5
S021,SKU0001,297,285,51,6
S021,SKU0002,225,189,105,2
S021,SKU0003,225,211,66,4
S021,SKU0004,180,160,21,1
S021,SKU0005,265,228,117,3
S021,SKU0006,148,118,117,2
S021,SKU0007,200,170,68,1
S021,SKU0008,270,234,124,3
S021,SKU0009,160,127,57,6
S021,SKU0010,292,280,82,2
S021,SKU0011,93,70,56,5
S021,SKU0012,282,253,77,5
S021,SKU0013,66,56,52,1
S021,SKU0014,58,27,84,6
S021,SKU0015,68,58,146,7
S021,SKU0016,105,77,141,1
S021,SKU0017,183,167,75,5
S021,SKU0018,136,122,101,7
S021,SKU0019,255,216,67,1
S021,SKU0020,78,62,28,1
S021,SKU0021,168,141,104,7
S021,SKU0022,147,134,127,5
S021,SKU0023,138,109,95,3
S021,SKU0024,235,223,60,7
S021,SKU0025,208,183,104,6
S021,SKU0026,267,237,118,4
S021,SKU0027,233,196,124,3
S021,SKU0028,92,56,51,1
S021,SKU0029,64,48,142,4
S021,SKU0030,102,75,119,3
S021,SKU0031,127,104,50,5
S021,SKU0032,60,35,60,4
S021,SKU0033,267,235,125,3
S021,SKU0034,124,85,84,3
S021,SKU0035,247,217,97,6
S021,SKU0036,200,168,113,1
S021,SKU0037,230,209,128,1
S021,SKU0038,122,109,53,4
S021,SKU0039,60,37,118,6
S021,SKU0040,247,218,37,3
S021,SKU0041,123,88,52,6
S021,SKU0042,295,263,102,5
S021,SKU0043,219,209,138,6
S021,SKU0044,131,97,115,2
S021,SKU0045,230,213,62,5
S021,SKU0046,262,236,28,6
S021,SKU0047,201,173,99,7
S021,SKU0048,154,136,39,5
S021,SKU0049,72,39,127,6
S021,SKU0050,94,61,24,5
S021,SKU0051,104,65,111,5
S021,SKU0052,120,91,88,4
S021,SKU0053,237,207,31,3
S021,SKU0054,137,100,29,7
S021,SKU0055,263,250,115,5
S021,SKU0056,116,87,128,1
S021,SKU0057,289,254,26,4
S021,SKU0058,261,239,74,1
S021,SKU0059,216,197,75,7
S021,SKU0060,166,152,98,2
S021,SKU0061,242,227,84,7
S021,SKU0062,248,229,138,4
S021,SKU0063,140,114,124,3
S021,SKU0064,289,254,82,5
S021,SKU0065,77,59,110,5
S021,SKU0066,141,118,22,5
S021,SKU0067,131,111,47,5
S021,SKU0068,275,260,52,3
S021,SKU0069,244,220,63,1
S021,SKU0070,169,156,101,4
S021,SKU0071,73,42,116,5
S021,SKU0072,166,142,23,1
S021,SKU0073,127,115,108,1
S021,SKU0074,191,155,22,2
S021,SKU0075,263,244,125,2
S021,SKU0076,134,119,102,4
S021,SKU0077,174,148,116,2
S021,SKU0078,81,61,148,7
S021,SKU0079,241,204,75,3
S021,SKU0080,187,155,41,4
S021,SKU0081,52,37,130,1
S021,SKU0082,125,89,140,4
S021,SKU0083,61,46,118,5
S021,SKU0084,187,152,91,2
S021,SKU0085,149,133,144,7
S021,SKU0086,272,255,85,4
S021,SKU0087,74,43,137,6
S021,SKU0088,264,249,138,4
S021,SKU0089,55,41,111,3
S021,SKU0090,266,243,63,4
S021,SKU0091,239,218,22,4
S021,SKU0092,110,79,69,2
S021,SKU0093,243,220,130,4
S021,SKU0094,205,167,132,4
S021,SKU0095,111,93,89,6
S021,SKU0096,272,257,104,2
S021,SKU0097,89,53,113,5
S021,SKU0098,193,162,126,6
S021,SKU0099,141,112,72,3
S021,SKU0100,290,264,66,7
S021,SKU0101,161,134,141,2
S021,SKU0102,289,278,35,3
S021,SKU0103,148,114,38,4
S021,SKU0104,104,65,97,3
S021,SKU0105,158,127,145,5
S021,SKU0106,243,208,111,6
S021,SKU0107,294,268,118,4
S021,SKU0108,264,240,35,4
S021,SKU0109,145,134,48,2
S021,SKU0110,272,254,132,3
S021,SKU0111,272,238,44,3
S021,SKU0112,149,113,91,5
S021,SKU0113,61,44,49,3
S021,SKU0114,264,231,61,4
S021,SKU0115,231,221,115,1
S021,SKU0116,126,93,63,6
S021,SKU0117,195,169,41,2
S021,SKU0118,286,276,42,7
S021,SKU0119,248,224,25,6
S021,SKU0120,202,167,97,2
S021,SKU0121,58,40,86,4
S021,SKU0122,140,107,114,1
S021,SKU0123,257,229,72,4
S021,SKU0124,73,46,36,4
S021,SKU0125,132,109,54,1
S021,SKU0126,234,203,114,3
S021,SKU0127,54,43,84,4
S021,SKU0128,59,43,59,5
S021,SKU0129,232,210,56,6
S021,SKU0130,183,165,132,4
S021,SKU0131,84,67,37,1
S021,SKU0132,146,126,51,6
S021,SKU0133,295,263,40,5
S021,SKU0134,113,90,106,2
S021,SKU0135,96,79,139,1
S021,SKU0136,196,166,105,2
S021,SKU0137,144,107,28,5
S021,SKU0138,235,205,116,6
S021,SKU0139,95,73,144,5
S021,SKU0140,209,188,124,7
S021,SKU0141,120,103,21,6
S021,SKU0142,180,168,61,3
S021,SKU0143,51,25,49,6
S021,SKU0144,150,130,146,2
S021,SKU0145,204,169,52,2
S021,SKU0146,160,136,108,4
S021,SKU0147,63,50,96,1
S021,SKU0148,256,225,53,6
S021,SKU0149,115,80,130,3
S021,SKU0150,237,218,29,6
S021,SKU0151,206,170,84,7
S021,SKU0152,183,163,119,7
S021,SKU0153,195,177,37,6
S021,SKU0154,91,69,67,5
S021,SKU0155,188,163,102,2
S021,SKU0156,59,41,92,4
S021,SKU0157,59,20,68,5
S021,SKU0158,185,152,27,5
S021,SKU0159,198,162,112,5
S021,SKU0160,108,88,57,4
S021,SKU0161,163,131,86,3
S021,SKU0162,82,65,113,4
S021,SKU0163,77,64,111,4
S021,SKU0164,154,142,89,5
S021,SKU0165,120,106,97,1
S021,SKU0166,262,247,90,5
S021,SKU0167,210,187,120,6
S021,SKU0168,237,199,99,1
S021,SKU0169,167,150,97,1
S021,SKU0170,252,231,113,4
S021,SKU0171,178,157,124,5
S021,SKU0172,158,125,32,3
S021,SKU0173,158,123,96,2
S021,SKU0174,125,106,91,5
S021,SKU0175,130,100,87,2
S021,SKU0176,122,99,129,1
S021,SKU0177,89,58,88,5
S021,SKU0178,89,64,35,6
S021,SKU0179,237,211,67,3
S021,SKU0180,290,273,103,1
S021,SKU0181,95,74,52,3
S021,SKU0182,154,137,83,1
S021,SKU0183,68,56,50,7
S021,SKU0184,268,231,62,6
S021,SKU0185,214,189,117,7
S021,SKU0186,175,146,30,7
S021,SKU0187,254,230,92,6
S021,SKU0188,213,180,31,2
S021,SKU0189,81,70,111,3
S021,SKU0190,155,136,76,6
S021,SKU0191,240,218,100,3
S021,SKU0192,218,188,95,1
S021,SKU0193,189,175,22,3
S021,SKU0194,174,156,149,1
S021,SKU0195,262,242,96,6
S021,SKU0196,69,37,92,7
S021,SKU0197,98,80,61,5
S021,SKU0198,182,169,45,2
S021,SKU0199,262,225,128,1
S021,SKU0200,217,185,55,1
S021,SKU0201,124,101,54,4
S021,SKU0202,183,155,135,3
S021,SKU0203,254,221,63,6
S021,SKU0204,105,82,145,6
S021,SKU0205,219,193,30,7
S021,SKU0206,258,248,42,2
S021,SKU0207,194,177,105,4
S021,SKU0208,125,109,87,1
S021,SKU0209,260,226,62,7
S021,SKU0210,207,176,40,4
S021,SKU0211,151,118,37,1
S021,SKU0212,95,74,134,7
S021,SKU0213,194,161,96,7
S021,SKU0214,83,57,36,1
S021,SKU0215,103,79,103,5
S021,SKU0216,114,87,133,1
S021,SKU0217,61,33,76,1
S021,SKU0218,197,179,105,7
S021,SKU0219,51,22,47,1
S021,SKU0220,142,129,143,5
S021,SKU0221,266,241,22,4
S021,SKU0222,231,212,92,4
S021,SKU0223,107,75,86,7
S021,SKU0224,56,21,108,2
S021,SKU0225,169,140,79,7
S021,SKU0226,195,159,140,2
S021,SKU0227,187,174,134,1
S021,SKU0228,162,130,125,2
S021,SKU0229,286,276,66,5
S021,SKU0230,86,57,112,4
S021,SKU0231,133,121,33,5
S021,SKU0232,62,40,43,5
S021,SKU0233,209,188,54,2
S021,SKU0234,143,117,87,6
S021,SKU0235,190,169,37,4
S021,SKU0236,152,134,88,5
S021,SKU0237,111,100,131,5
S021,SKU0238,216,186,100,6
S021,SKU0239,57,25,51,1
S021,SKU0240,149,118,124,2
S021,SKU0241,135,123,114,7
S021,SKU0242,222,195,122,6
S021,SKU0243,222,186,117,1
S021,SKU0244,217,181,52,3
S021,SKU0245,219,189,146,6
S021,SKU0246,147,108,111,4
S021,SKU0247,211,186,91,2
S021,SKU0248,245,209,92,6
S021,SKU0249,264,240,125,6
S021,SKU0250,168,140,129,1
S021,SKU0251,166,153,137,2
S021,SKU0252,193,173,143,4
S021,SKU0253,232,198,26,2
S021,SKU0254,160,125,26,7
S021,SKU0255,258,248,88,6
S021,SKU0256,258,239,36,1
S021,SKU0257,240,201,32,1
S021,SKU0258,136,115,97,6
S021,SKU0259,118,105,98,5
S021,SKU0260,211,188,114,2
S021,SKU0261,228,197,42,4
S021,SKU0262,151,138,146,2
S021,SKU0263,87,56,95,7
S021,SKU0264,268,245,80,3
S021,SKU0265,286,257,105,7
S021,SKU0266,82,55,41,5
S021,SKU0267,77,62,23,4
S021,SKU0268,285,259,41,4
S021,SKU0269,174,141,97,6
S021,SKU0270,116,78,121,5
S021,SKU0271,76,60,140,6
S021,SKU0272,126,115,69,5
S021,SKU0273,100,65,53,1
S021,SKU0274,201,171,47,4
S021,SKU0275,153,143,110,3
S021,SKU0276,211,201,43,1
S021,SKU0277,141,108,59,6
S021,SKU0278,292,265,53,5
S021,SKU0279,88,60,141,5
S021,SKU0280,245,211,47,4
S021,SKU0281,123,103,73,1
S021,SKU0282,67,45,37,7
S021,SKU0283,233,210,115,3
S021,SKU0284,265,236,69,6
S021,SKU0285,105,75,36,4
S021,SKU0286,277,241,92,7
S021,SKU0287,88,51,68,1
S021,SKU0288,88,65,65,7
S021,SKU0289,237,202,31,5
S021,SKU0290,154,124,64,4
S021,SKU0291,130,104,84,4
S021,SKU0292,175,157,77,2
S021,SKU0293,161,144,94,3
S021,SKU0294,168,144,119,2
S021,SKU0295,159,130,61,4
S021,SKU0296,219,189,90,6
S021,SKU0297,205,177,31,3
S021,SKU0298,59,39,123,2
S021,SKU0299,139,119,72,5
S021,SKU0300,60,46,134,5
S021,SKU0301,191,178,130,3
S021,SKU0302,294,271,58,7
S021,SKU0303,199,176,31,3
S021,SKU0304,140,108,147,4
S021,SKU0305,76,38,67,4
S021,SKU0306,104,70,23,2
S021,SKU0307,126,112,48,5
S021,SKU0308,201,162,43,4
S021,SKU0309,294,265,24,1
S021,SKU0310,177,143,43,2
S021,SKU0311,289,271,39,3
S021,SKU0312,213,184,26,5
S021,SKU0313,166,146,69,7
S021,SKU0314,265,245,27,5
S021,SKU0315,73,61,88,2
S021,SKU0316,277,261,57,3
S021,SKU0317,252,218,86,7
S021,SKU0318,70,38,134,4
S021,SKU0319,265,230,116,6
S021,SKU0320,208,180,136,7
S021,SKU0321,249,219,139,1
S021,SKU0322,77,44,28,4
S021,SKU0323,64,48,81,7
S021,SKU0324,272,240,23,3
S021,SKU0325,69,52,30,4
S021,SKU0326,193,172,24,4
S021,SKU0327,292,265,98,5
S021,SKU0328,90,52,119,4
S021,SKU0329,159,129,112,2
S021,SKU0330,57,44,20,1
S021,SKU0331,275,253,127,7
S021,SKU0332,259,242,143,3
S021,SKU0333,227,212,46,6
S021,SKU0334,232,197,23,3
S021,SKU0335,136,101,30,4
S021,SKU0336,209,179,39,6
S021,SKU0337,259,226,129,7
S021,SKU0338,140,122,72,7
S021,SKU0339,217,181,97,6
S021,SKU0340,235,220,38,2
S021,SKU0341,124,110,134,7
S021,SKU0342,117,100,44,5
S021,SKU0343,247,216,31,7
S021,SKU0344,146,117,106,5
S021,SKU0345,288,263,135,6
S021,SKU0346,163,138,102,7
S021,SKU0347,149,115,28,5
S021,SKU0348,268,240,86,7
S021,SKU0349,85,55,80,1
S021,SKU0350,210,183,146,6
S021,SKU0351,242,220,85,1
S021,SKU0352,260,221,114,2
S021,SKU0353,154,138,84,7
S021,SKU0354,258,230,22,4
S021,SKU0355,81,56,55,4
S021,SKU0356,137,105,110,4
S021,SKU0357,115,93,47,2
S021,SKU0358,243,208,52,4
S021,SKU0359,102,71,21,4
S021,SKU0360,192,168,53,3
S021,SKU0361,91,59,118,1
S021,SKU0362,126,103,77,2
S021,SKU0363,287,264,106,7
S021,SKU0364,195,181,96,4
S021,SKU0365,95,72,118,1
S021,SKU0366,67,56,76,2
S021,SKU0367,165,133,125,4
S021,SKU0368,213,198,52,3
S021,SKU0369,231,197,95,7
S021,SKU0370,73,58,67,1
S021,SKU0371,285,273,65,3
S021,SKU0372,115,94,142,5
S021,SKU0373,132,119,57,5
S021,SKU0374,155,142,87,3
S021,SKU0375,115,78,82,2
S021,SKU0376,124,95,94,4
S021,SKU0377,241,226,139,7
S021,SKU0378,98,75,129,7
S021,SKU0379,182,156,31,6
S021,SKU0380,153,117,143,3
S021,SKU0381,131,96,100,3
S021,SKU0382,230,217,100,3
S021,SKU0383,289,268,75,3
S021,SKU0384,247,211,27,3
S021,SKU0385,112,97,84,3
S021,SKU0386,237,226,88,6
S021,SKU0387,233,217,98,6
S021,SKU0388,212,202,30,6
S021,SKU0389,235,196,101,3
S021,SKU0390,231,196,95,1
S021,SKU0391,263,242,93,5
S021,SKU0392,214,185,80,6
S021,SKU0393,106,95,92,4
S021,SKU0394,216,198,38,4
S021,SKU0395,53,20,142,5
S021,SKU0396,118,96,35,4
S021,SKU0397,233,199,86,3
S021,SKU0398,272,255,38,3
S021,SKU0399,196,159,71,1
S021,SKU0400,242,214,128,2
S021,SKU0401,263,232,134,3
S021,SKU0402,239,202,146,4
S021,SKU0403,132,111,31,3
S021,SKU0404,85,47,49,6
S021,SKU0405,260,225,53,6
S021,SKU0406,201,181,136,6
S021,SKU0407,138,128,110,1
S021,SKU0408,288,266,126,7
S021,SKU0409,289,272,82,3
S021,SKU0410,86,59,85,3
S021,SKU0411,219,182,82,4
S021,SKU0412,153,120,133,5
S021,SKU0413,254,239,102,4
S021,SKU0414,182,158,147,1
S021,SKU0415,253,217,109,3
S021,SKU0416,134,104,97,5
S021,SKU0417,167,155,143,7
S021,SKU0418,114,96,33,6
S021,SKU0419,165,155,21,2
S021,SKU0420,144,107,140,7
S021,SKU0421,256,227,81,6
S021,SKU0422,81,65,95,1
S021,SKU0423,183,162,34,2
S021,SKU0424,156,124,56,7
S021,SKU0425,114,97,43,7
S021,SKU0426,293,260,56,6
S021,SKU0427,97,59,93,7
S021,SKU0428,107,93,140,2
S021,SKU0429,205,187,25,2
S021,SKU0430,244,209,71,2
S021,SKU0431,249,231,61,2
S021,SKU0432,75,55,36,1
S021,SKU0433,246,211,133,7
S021,SKU0434,136,115,110,2
S021,SKU0435,205,191,122,2
S021,SKU0436,175,140,70,4
S021,SKU0437,160,144,53,1
S021,SKU0438,230,214,109,2
S021,SKU0439,253,237,23,2
S021,SKU0440,297,282,134,1
S021,SKU0441,157,135,98,1
S021,SKU0442,204,181,129,6
S021,SKU0443,50,15,93,2
S021,SKU0444,288,250,100,1
S021,SKU0445,122,88,133,7
S021,SKU0446,219,187,22,1
S021,SKU0447,103,70,113,1
S021,SKU0448,174,147,103,1
S021,SKU0449,244,227,116,7
S021,SKU0450,191,176,139,7
S021,SKU0451,152,114,81,7
S021,SKU0452,228,196,101,3
S021,SKU0453,249,238,43,3
S021,SKU0454,227,213,63,1
S021,SKU0455,107,82,83,7
S021,SKU0456,153,122,92,5
S021,SKU0457,188,172,55,1
S021,SKU0458,289,250,93,6
S021,SKU0459,129,94,90,1
S021,SKU0460,247,217,42,2
S021,SKU0461,286,263,85,4
S021,SKU0462,55,29,97,5
S021,SKU0463,133,107,60,2
S021,SKU0464,272,236,87,6
S021,SKU0465,63,48,112,4
S021,SKU0466,66,28,46,2
S021,SKU0467,221,200,65,3
S021,SKU0468,259,223,65,3
S021,SKU0469,216,177,59,3
S021,SKU0470,177,156,121,3
S021,SKU0471,241,211,83,3
S021,SKU0472,281,261,143,5
S021,SKU0473,91,59,79,4
S021,SKU0474,187,152,139,7
S021,SKU0475,53,19,120,5
S021,SKU0476,189,166,38,4
S021,SKU0477,73,41,39,3
S021,SKU0478,290,251,100,5
S021,SKU0479,247,235,112,3
S021,SKU0480,120,99,113,3
S021,SKU0481,257,227,72,3
S021,SKU0482,196,167,26,3
S021,SKU0483,283,245,73,7
S021,SKU0484,179,166,55,7
S021,SKU0485,127,102,45,2
S021,SKU0486,70,33,111,6
S021,SKU0487,248,225,58,7
S021,SKU0488,146,119,98,4
S021,SKU0489,275,253,52,7
S021,SKU0490,262,238,72,1
S021,SKU0491,107,71,128,5
S021,SKU0492,143,105,123,3
S021,SKU0493,115,84,94,3
S021,SKU0494,272,237,141,4
S021,SKU0495,162,142,131,6
S021,SKU0496,269,236,125,2
S021,SKU0497,108,93,98,2
S021,SKU0498,280,243,64,1
S021,SKU0499,83,68,75,1
S021,SKU0500,290,262,44,5
S022,SKU0001,204,166,109,3
S022,SKU0002,171,137,132,1
S022,SKU0003,211,173,57,3
S022,SKU0004,84,52,145,3
S022,SKU0005,185,152,30,6
S022,SKU0006,296,259,36,7
S022,SKU0007,97,59,78,7
S022,SKU0008,176,137,147,4
S022,SKU0009,157,127,133,5
S022,SKU0010,121,90,50,5
S022,SKU0011,132,98,127,4
S022,SKU0012,276,242,41,4
S022,SKU0013,218,200,87,7
S022,SKU0014,94,81,69,5
S022,SKU0015,267,243,60,7
S022,SKU0016,266,240,111,3
S022,SKU0017,113,100,85,6
S022,SKU0018,232,221,92,7
S022,SKU0019,109,85,138,1
S022,SKU0020,163,153,122,1
S022,SKU0021,168,139,61,5
S022,SKU0022,238,213,27,3
S022,SKU0023,203,188,55,7
S022,SKU0024,155,140,79,2
S022,SKU0025,218,202,37,7
S022,SKU0026,254,220,83,1
S022,SKU0027,85,70,59,3
S022,SKU0028,194,167,80,2
S022,SKU0029,178,150,135,6
S022,SKU0030,74,45,45,5
S022,SKU0031,189,155,86,3
S022,SKU0032,134,108,30,4
S022,SKU0033,63,45,122,1
S022,SKU0034,242,203,64,4
S022,SKU0035,153,120,78,5
S022,SKU0036,185,163,43,2
S022,SKU0037,106,67,81,5
S022,SKU0038,161,135,39,3
S022,SKU0039,180,163,102,5
S022,SKU0040,235,218,86,1
S022,SKU0041,169,132,100,2
S022,SKU0042,160,127,93,7
S022,SKU0043,249,236,34,7
S022,SKU0044,246,236,45,1
S022,SKU0045,60,28,96,7
S022,SKU0046,286,259,136,1
S022,SKU0047,184,156,24,1
S022,SKU0048,163,130,143,3
S022,SKU0049,127,90,22,7
S022,SKU0050,288,274,40,6
S022,SKU0051,240,221,21,1
S022,SKU0052,105,80,79,3
S022,SKU0053,216,184,139,7
S022,SKU0054,162,136,69,4
S022,SKU0055,241,204,25,4
S022,SKU0056,123,89,124,7
S022,SKU0057,279,257,104,1
S022,SKU0058,250,230,57,1
S022,SKU0059,294,284,101,5
S022,SKU0060,290,276,35,4
S022,SKU0061,292,277,93,2
S022,SKU0062,201,190,79,2
S022,SKU0063,74,43,51,5
S022,SKU0064,278,253,136,3
S022,SKU0065,224,197,52,1
S022,SKU0066,123,88,96,1
S022,SKU0067,199,188,128,6
S022,SKU0068,61,43,136,5
S022,SKU0069,268,229,123,6
S022,SKU0070,293,266,36,5
S022,SKU0071,103,70,100,2
S022,SKU0072,257,234,60,2
S022,SKU0073,252,217,128,2
S022,SKU0074,66,50,46,5
S022,SKU0075,112,98,135,2
S022,SKU0076,83,52,76,1
S022,SKU0077,73,46,63,2
S022,SKU0078,149,117,129,7
S022,SKU0079,178,150,97,1
S022,SKU0080,62,42,127,4
S022,SKU0081,81,69,114,1
S022,SKU0082,279,243,96,3
S022,SKU0083,206,184,146,4
S022,SKU0084,249,229,75,2
S022,SKU0085,155,138,24,6
S022,SKU0086,99,80,47,5
S022,SKU0087,98,74,64,2
S022,SKU0088,159,124,108,7
S022,SKU0089,180,142,79,5
S022,SKU0090,154,143,36,2
S022,SKU0091,206,174,42,2
S022,SKU0092,285,249,148,5
S022,SKU0093,95,62,131,2
S022,SKU0094,117,89,73,4
S022,SKU0095,97,72,54,7
S022,SKU0096,78,68,100,2
S022,SKU0097,250,238,96,1
S022,SKU0098,270,250,114,4
S022,SKU0099,71,52,20,5
S022,SKU0100,125,106,129,3
S022,SKU0101,264,244,56,3
S022,SKU0102,273,241,48,7
S022,SKU0103,190,175,101,2
S022,SKU0104,59,33,96,4
S022,SKU0105,59,33,146,4
S022,SKU0106,198,187,105,3
S022,SKU0107,249,224,61,3
S022,SKU0108,231,215,63,7
S022,SKU0109,138,125,66,1
S022,SKU0110,155,141,138,6
S022,SKU0111,233,212,91,2
S022,SKU0112,135,105,54,2
S022,SKU0113,265,241,47,4
S022,SKU0114,226,215,40,1
S022,SKU0115,172,134,20,5
S022,SKU0116,279,246,22,6
S022,SKU0117,292,281,109,7
S022,SKU0118,87,65,31,5
S022,SKU0119,72,61,127,2
S022,SKU0120,194,155,97,5
S022,SKU0121,192,154,52,5
S022,SKU0122,82,54,144,3
S022,SKU0123,164,152,68,2
S022,SKU0124,270,256,77,3
S022,SKU0125,166,148,103,4
S022,SKU0126,263,224,95,3
S022,SKU0127,123,84,123,7
S022,SKU0128,208,172,104,7
S022,SKU0129,283,246,122,2
S022,SKU0130,232,202,94,3
S022,SKU0131,161,136,83,6
S022,SKU0132,107,81,100,6
S022,SKU0133,79,55,145,5
S022,SKU0134,270,251,30,6
S022,SKU0135,81,52,138,3
S022,SKU0136,290,275,119,4
S022,SKU0137,207,179,127,7
S022,SKU0138,238,205,38,4
S022,SKU0139,149,120,143,3
S022,SKU0140,172,136,36,5
S022,SKU0141,270,247,81,1
S022,SKU0142,298,280,138,3
S022,SKU0143,111,78,92,5
S022,SKU0144,105,68,23,6
S022,SKU0145,213,187,38,1
S022,SKU0146,239,215,36,3
S022,SKU0147,271,237,78,5
S022,SKU0148,298,285,97,2
S022,SKU0149,283,266,24,1
S022,SKU0150,266,234,119,4
S022,SKU0151,253,242,129,4
S022,SKU0152,56,28,146,1
S022,SKU0153,268,249,86,4
S022,SKU0154,147,136,107,5
S022,SKU0155,133,101,130,5
S022,SKU0156,105,80,50,6
S022,SKU0157,140,120,128,2
S022,SKU0158,183,163,35,7
S022,SKU0159,137,117,82,7
S022,SKU0160,198,163,119,7
S022,SKU0161,220,199,27,3
S022,SKU0162,141,122,111,2
S022,SKU0163,123,96,31,4
S022,SKU0164,268,243,57,2
S022,SKU0165,258,227,85,6
S022,SKU0166,228,198,33,4
S022,SKU0167,135,103,123,1
S022,SKU0168,290,275,104,6
S022,SKU0169,289,265,30,2
S022,SKU0170,63,27,132,6
S022,SKU0171,54,23,51,1
S022,SKU0172,199,183,33,1
S022,SKU0173,275,236,118,6
S022,SKU0174,94,84,144,6
S022,SKU0175,51,40,84,3
S022,SKU0176,118,104,69,4
S022,SKU0177,285,273,55,2
S022,SKU0178,211,191,115,6
S022,SKU0179,163,148,119,7
S022,SKU0180,160,141,143,4
S022,SKU0181,145,119,96,5
S022,SKU0182,51,36,112,4
S022,SKU0183,139,109,128,1
S022,SKU0184,280,253,53,4
S022,SKU0185,112,87,93,6
S022,SKU0186,93,83,28,6
S022,SKU0187,283,265,53,7
S022,SKU0188,85,67,133,7
S022,SKU0189,207,189,97,4
S022,SKU0190,280,266,25,2
S022,SKU0191,248,232,102,4
S022,SKU0192,99,76,37,1
S022,SKU0193,227,216,60,7
S022,SKU0194,269,254,22,4
S022,SKU0195,181,143,46,4
S022,SKU0196,186,148,69,2
S022,SKU0197,299,282,99,2
S022,SKU0198,121,99,129,4
S022,SKU0199,264,228,63,2
S022,SKU0200,205,178,112,6
S022,SKU0201,176,166,117,5
S022,SKU0202,68,39,89,4
S022,SKU0203,253,223,107,6
S022,SKU0204,59,33,63,4
S022,SKU0205,206,194,101,2
S022,SKU0206,185,172,107,2
S022,SKU0207,239,209,117,5
S022,SKU0208,152,130,88,4
S022,SKU0209,129,110,84,7
S022,SKU0210,159,132,136,1
S022,SKU0211,242,229,126,5
S022,SKU0212,173,151,136,4
S022,SKU0213,114,98,131,7
S022,SKU0214,74,55,36,1
S022,SKU0215,246,219,35,7
S022,SKU0216,170,144,88,2
S022,SKU0217,117,96,49,4
S022,SKU0218,146,107,37,1
S022,SKU0219,264,239,108,6
S022,SKU0220,78,56,143,6
S022,SKU0221,207,168,38,6
S022,SKU0222,111,86,61,5
S022,SKU0223,170,155,24,5
S022,SKU0224,128,113,98,5
S022,SKU0225,283,266,120,1
S022,SKU0226,227,190,90,7
S022,SKU0227,60,45,60,7
S022,SKU0228,158,139,101,1
S022,SKU0229,104,73,68,2
S022,SKU0230,77,40,103,4
S022,SKU0231,197,166,70,2
S022,SKU0232,154,120,146,5
S022,SKU0233,83,66,89,3
S022,SKU0234,272,252,64,4
S022,SKU0235,225,191,145,7
S022,SKU0236,152,126,49,1
S022,SKU0237,137,108,104,7
S022,SKU0238,102,91,20,2
S022,SKU0239,295,267,66,5
S022,SKU0240,140,110,24,5
S022,SKU0241,103,92,45,4
S022,SKU0242,135,114,37,2
S022,SKU0243,69,33,23,6
S022,SKU0244,181,168,139,6
S022,SKU0245,169,131,98,5
S022,SKU0246,146,110,64,5
S022,SKU0247,259,236,134,4
S022,SKU0248,287,275,68,3
S022,SKU0249,199,182,113,3
S022,SKU0250,233,203,107,5
S022,SKU0251,261,243,145,2
S022,SKU0252,292,258,132,6
S022,SKU0253,293,274,23,2
S022,SKU0254,182,148,146,4
S022,SKU0255,200,177,80,6
S022,SKU0256,268,239,59,4
S022,SKU0257,227,192,122,4
S022,SKU0258,163,129,100,7
S022,SKU0259,129,102,23,3
S022,SKU0260,58,20,27,7
S022,SKU0261,237,223,133,5
S022,SKU0262,250,213,88,3
S022,SKU0263,62,39,114,5
S022,SKU0264,231,203,95,1
S022,SKU0265,254,239,125,5
S022,SKU0266,227,207,81,2
S022,SKU0267,231,220,137,4
S022,SKU0268,120,92,101,3
S022,SKU0269,200,173,70,5
S022,SKU0270,112,77,128,2
S022,SKU0271,149,122,60,2
S022,SKU0272,105,71,103,1
S022,SKU0273,234,213,63,7
S022,SKU0274,67,55,35,6
S022,SKU0275,244,207,142,5
S022,SKU0276,285,262,25,7
S022,SKU0277,227,199,129,3
S022,SKU0278,203,177,22,2
S022,SKU0279,268,243,145,2
S022,SKU0280,279,252,130,5
S022,SKU0281,176,149,106,6
S022,SKU0282,91,76,91,5
S022,SKU0283,246,225,37,2
S022,SKU0284,160,142,106,5
S022,SKU0285,207,175,72,3
S022,SKU0286,208,176,135,1
S022,SKU0287,298,280,122,5
S022,SKU0288,177,163,67,6
S022,SKU0289,212,190,134,3
S022,SKU0290,202,188,127,4
S022,SKU0291,290,275,82,5
S022,SKU0292,177,162,93,4
S022,SKU0293,131,94,72,5
S022,SKU0294,83,49,25,1
S022,SKU0295,252,218,124,2
S022,SKU0296,129,103,116,2
S022,SKU0297,269,255,116,6
S022,SKU0298,210,177,102,4
S022,SKU0299,291,261,100,5
S022,SKU0300,86,52,37,5
S022,SKU0301,194,159,107,7
S022,SKU0302,231,197,87,4
S022,SKU0303,122,111,45,1
S022,SKU0304,105,89,87,1
S022,SKU0305,142,110,71,3
S022,SKU0306,77,61,88,1
S022,SKU0307,272,240,72,2
S022,SKU0308,94,62,90,4
S022,SKU0309,162,127,99,3
S022,SKU0310,295,276,33,3
S022,SKU0311,65,34,71,5
S022,SKU0312,141,120,60,7
S022,SKU0313,292,255,149,7
S022,SKU0314,122,101,123,3
S022,SKU0315,285,257,117,3
S022,SKU0316,78,42,28,7
S022,SKU0317,133,94,36,1
S022,SKU0318,76,54,48,2
S022,SKU0319,155,125,70,6
S022,SKU0320,187,163,77,3
S022,SKU0321,89,70,142,4
S022,SKU0322,189,162,83,6
S022,SKU0323,228,198,73,7
S022,SKU0324,152,128,69,3
S022,SKU0325,214,175,137,1
S022,SKU0326,132,102,111,1
S022,SKU0327,281,245,96,3
S022,SKU0328,259,220,44,7
S022,SKU0329,238,202,33,4
S022,SKU0330,103,89,107,7
S022,SKU0331,230,196,108,3
S022,SKU0332,221,196,140,1
S022,SKU0333,53,17,82,6
S022,SKU0334,198,184,81,1
S022,SKU0335,76,65,26,3
S022,SKU0336,103,70,94,1
S022,SKU0337,109,72,32,6
S022,SKU0338,207,196,39,1
S022,SKU0339,279,269,90,2
S022,SKU0340,115,84,89,7
S022,SKU0341,267,238,112,5
S022,SKU0342,52,38,126,3
S022,SKU0343,295,282,53,5
S022,SKU0344,159,128,32,7
S022,SKU0345,123,112,37,2
S022,SKU0346,181,151,46,2
S022,SKU0347,216,186,138,3
S022,SKU0348,99,76,97,5
S022,SKU0349,226,189,54,3
S022,SKU0350,72,39,131,6
S022,SKU0351,286,265,128,5
S022,SKU0352,265,245,148,7
S022,SKU0353,213,182,29,3
S022,SKU0354,122,93,103,2
S022,SKU0355,240,207,125,4
S022,SKU0356,275,248,109,4
S022,SKU0357,226,210,38,2
S022,SKU0358,286,261,46,7
S022,SKU0359,231,206,69,2
S022,SKU0360,149,117,126,5
S022,SKU0361,266,256,22,3
S022,SKU0362,113,100,107,4
S022,SKU0363,92,80,96,7
S022,SKU0364,291,272,134,4
S022,SKU0365,284,262,66,6
S022,SKU0366,66,46,96,1
S022,SKU0367,159,137,51,2
S022,SKU0368,58,26,111,5
S022,SKU0369,61,33,31,7
S022,SKU0370,90,72,114,5
S022,SKU0371,95,83,44,3
S022,SKU0372,136,115,47,6
S022,SKU0373,139,116,112,2
S022,SKU0374,150,129,26,2
S022,SKU0375,251,224,64,2
S022,SKU0376,191,169,144,4
S022,SKU0377,170,148,140,3
S022,SKU0378,67,45,109,4
S022,SKU0379,215,178,53,2
S022,SKU0380,139,107,57,6
S022,SKU0381,58,21,77,6
S022,SKU0382,117,95,139,7
S022,SKU0383,146,119,78,3
S022,SKU0384,294,281,121,5
S022,SKU0385,137,109,23,2
S022,SKU0386,241,206,21,3
S022,SKU0387,239,202,39,5
S022,SKU0388,217,194,86,4
S022,SKU0389,202,179,105,5
S022,SKU0390,152,142,104,2
S022,SKU0391,205,173,36,3
S022,SKU0392,139,108,68,6
S022,SKU0393,253,229,32,5
S022,SKU0394,285,263,30,5
S022,SKU0395,284,266,130,7
S022,SKU0396,195,160,95,6
S022,SKU0397,148,136,50,1
S022,SKU0398,254,224,28,6
S022,SKU0399,289,257,76,7
S022,SKU0400,233,196,140,4
S022,SKU0401,136,101,122,2
S022,SKU0402,221,192,74,4
S022,SKU0403,99,62,57,3
S022,SKU0404,150,125,97,4
S022,SKU0405,266,249,79,6
S022,SKU0406,51,36,61,6
S022,SKU0407,119,92,73,5
S022,SKU0408,291,260,147,7
S022,SKU0409,239,209,22,6
S022,SKU0410,113,78,111,6
S022,SKU0411,245,217,148,2
S022,SKU0412,93,77,122,5
S022,SKU0413,118,100,55,5
S022,SKU0414,199,179,94,1
S022,SKU0415,223,187,142,4
S022,SKU0416,192,180,123,3
S022,SKU0417,136,123,87,3
S022,SKU0418,120,100,24,1
S022,SKU0419,145,124,71,2
S022,SKU0420,116,80,111,2
S022,SKU0421,102,78,95,7
S022,SKU0422,171,160,32,5
S022,SKU0423,192,175,41,6
S022,SKU0424,75,58,51,3
S022,SKU0425,244,224,116,2
S022,SKU0426,232,210,74,3
S022,SKU0427,107,97,65,2
S022,SKU0428,119,102,69,5
S022,SKU0429,175,152,22,5
S022,SKU0430,274,263,134,2
S022,SKU0431,173,138,124,6
S022,SKU0432,172,154,39,4
S022,SKU0433,98,71,146,7
S022,SKU0434,113,78,91,4
S022,SKU0435,138,120,44,4
S022,SKU0436,213,175,57,1
S022,SKU0437,108,81,119,6
S022,SKU0438,231,197,138,1
S022,SKU0439,221,197,135,5
S022,SKU0440,157,127,101,1
S022,SKU0441,54,23,65,3
S022,SKU0442,234,207,57,6
S022,SKU0443,60,35,71,7
S022,SKU0444,176,155,108,3
S022,SKU0445,54,20,80,2
S022,SKU0446,74,35,133,7
S022,SKU0447,188,176,20,7
S022,SKU0448,117,78,134,1
S022,SKU0449,177,156,25,6
S022,SKU0450,173,151,95,4
S022,SKU0451,126,91,91,5
S022,SKU0452,175,155,25,6
S022,SKU0453,244,219,144,7
S022,SKU0454,205,184,20,1
S022,SKU0455,122,102,104,5
S022,SKU0456,298,280,55,3
S022,SKU0457,73,45,99,2
S022,SKU0458,71,50,137,3
S022,SKU0459,68,47,145,6
S022,SKU0460,204,194,21,2
S022,SKU0461,84,68,105,6
S022,SKU0462,189,162,59,6
S022,SKU0463,198,183,101,2
S022,SKU0464,296,285,66,1
S022,SKU0465,255,238,104,5
S022,SKU0466,130,110,138,7
S022,SKU0467,224,193,44,7
S022,SKU0468,278,245,120,6
S022,SKU0469,260,230,89,7
S022,SKU0470,219,183,99,3
S022,SKU0471,147,118,123,6
S022,SKU0472,258,233,90,2
S022,SKU0473,93,76,32,1
S022,SKU0474,231,202,50,5
S022,SKU0475,224,207,33,5
S022,SKU0476,126,94,144,2
S022,SKU0477,75,46,132,1
S022,SKU0478,259,244,33,7
S022,SKU0479,140,116,111,5
S022,SKU0480,169,144,143,7
S022,SKU0481,57,36,138,5
S022,SKU0482,252,227,138,3
S022,SKU0483,256,239,126,7
S022,SKU0484,191,161,29,2
S022,SKU0485,216,191,87,4
S022,SKU0486,137,127,82,5
S022,SKU0487,88,70,81,2
S022,SKU0488,135,119,36,6
S022,SKU0489,276,250,102,2
S022,SKU0490,263,225,39,1
S022,SKU0491,152,136,33,6
S022,SKU0492,142,124,48,5
S022,SKU0493,299,262,48,4
S022,SKU0494,231,203,60,1
S022,SKU0495,75,58,128,6
S022,SKU0496,292,272,48,2
S022,SKU0497,220,199,147,6
S022,SKU0498,259,233,25,5
S022,SKU0499,244,208,27,6
S022,SKU0500,131,113,85,7
S023,SKU0001,192,155,146,7
S023,SKU0002,50,16,94,2
S023,SKU0003,137,105,94,3
S023,SKU0004,114,76,111,7
S023,SKU0005,167,128,124,4
S023,SKU0006,297,272,43,5
S023,SKU0007,103,65,105,1
S023,SKU0008,70,35,128,6
S023,SKU0009,152,136,84,3
S023,SKU0010,176,149,98,1
S023,SKU0011,94,60,22,1
S023,SKU0012,256,236,98,5
S023,SKU0013,96,76,117,2
S023,SKU0014,78,57,125,1
S023,SKU0015,68,32,104,6
S023,SKU0016,282,266,105,3
S023,SKU0017,83,72,62,4
S023,SKU0018,149,117,111,3
S023,SKU0019,112,90,41,5
S023,SKU0020,149,130,137,5
S023,SKU0021,276,247,34,7
S023,SKU0022,129,105,34,6
S023,SKU0023,262,245,114,1
S023,SKU0024,278,246,20,5
S023,SKU0025,192,180,90,1
S023,SKU0026,243,208,25,4
S023,SKU0027,60,40,42,7
S023,SKU0028,157,133,133,5
S023,SKU0029,241,222,40,6
S023,SKU0030,194,167,30,2
S023,SKU0031,284,262,87,4
S023,SKU0032,228,193,141,6
S023,SKU0033,59,21,67,1
S023,SKU0034,145,112,58,5
S023,SKU0035,183,156,57,1
S023,SKU0036,114,75,144,1
S023,SKU0037,127,105,123,1
S023,SKU0038,97,87,140,4
S023,SKU0039,247,218,97,7
S023,SKU0040,170,149,136,6
S023,SKU0041,149,122,144,3
S023,SKU0042,234,208,48,5
S023,SKU0043,71,43,86,7
S023,SKU0044,191,175,149,5
S023,SKU0045,143,104,33,3
S023,SKU0046,199,182,73,6
S023,SKU0047,192,170,90,5
S023,SKU0048,69,52,95,3
S023,SKU0049,192,154,128,2
S023,SKU0050,236,201,54,7
S023,SKU0051,150,117,58,6
S023,SKU0052,101,66,76,1
S023,SKU0053,168,141,115,5
S023,SKU0054,133,96,136,6
S023,SKU0055,296,271,90,3
S023,SKU0056,296,266,146,3
S023,SKU0057,70,44,134,5
S023,SKU0058,211,174,51,2
S023,SKU0059,246,215,141,6
S023,SKU0060,163,136,31,1
S023,SKU0061,53,41,111,3
S023,SKU0062,124,93,139,3
S023,SKU0063,92,80,118,3
S023,SKU0064,279,260,81,6
S023,SKU0065,126,101,49,2
S023,SKU0066,97,62,101,6
S023,SKU0067,204,171,148,3
S023,SKU0068,297,264,101,5
S023,SKU0069,291,252,24,4
S023,SKU0070,239,229,141,6
S023,SKU0071,205,171,95,2
S023,SKU0072,111,84,64,4
S023,SKU0073,119,97,55,2
S023,SKU0074,185,173,46,1
S023,SKU0075,68,53,43,7
S023,SKU0076,253,234,89,6
S023,SKU0077,175,159,27,1
S023,SKU0078,92,73,56,3
S023,SKU0079,58,34,95,1
S023,SKU0080,142,130,49,1
S023,SKU0081,213,193,31,1
S023,SKU0082,180,148,116,1
S023,SKU0083,282,243,65,4
S023,SKU0084,237,203,104,2
S023,SKU0085,169,140,104,1
S023,SKU0086,55,16,136,5
S023,SKU0087,83,53,99,2
S023,SKU0088,273,234,39,6
S023,SKU0089,284,273,146,3
S023,SKU0090,76,48,94,5
S023,SKU0091,250,236,100,5
S023,SKU0092,53,32,22,2
S023,SKU0093,295,268,67,5
S023,SKU0094,280,257,91,2
S023,SKU0095,230,214,126,3
S023,SKU0096,93,59,107,1
S023,SKU0097,100,67,40,4
S023,SKU0098,190,163,147,6
S023,SKU0099,293,261,147,6
S023,SKU0100,78,51,78,7
S023,SKU0101,204,176,42,6
S023,SKU0102,294,270,70,7
S023,SKU0103,88,54,145,2
S023,SKU0104,142,127,100,4
S023,SKU0105,136,115,138,5
S023,SKU0106,53,17,138,3
S023,SKU0107,118,86,37,3
S023,SKU0108,298,267,105,5
S023,SKU0109,82,72,146,5
S023,SKU0110,52,39,141,1
S023,SKU0111,276,243,61,1
S023,SKU0112,189,168,40,6
S023,SKU0113,227,212,42,2
S023,SKU0114,193,157,97,5
S023,SKU0115,134,121,131,1
S023,SKU0116,278,263,88,3
S023,SKU0117,288,259,96,3
S023,SKU0118,279,255,36,1
S023,SKU0119,98,80,92,7
S023,SKU0120,209,175,67,1
S023,SKU0121,243,224,122,4
S023,SKU0122,145,132,63,4
S023,SKU0123,148,131,37,5
S023,SKU0124,236,197,83,2
S023,SKU0125,152,130,25,1
S023,SKU0126,193,172,72,5
S023,SKU0127,76,62,38,5
S023,SKU0128,76,56,35,2
S023,SKU0129,189,179,87,1
S023,SKU0130,76,38,136,2
S023,SKU0131,111,99,129,7
S023,SKU0132,62,42,149,6
S023,SKU0133,236,201,26,3
S023,SKU0134,72,49,23,1
S023,SKU0135,181,156,132,1
S023,SKU0136,214,181,134,1
S023,SKU0137,279,265,52,3
S023,SKU0138,118,85,67,5
S023,SKU0139,208,175,108,2
S023,SKU0140,244,233,76,6
S023,SKU0141,224,208,91,4
S023,SKU0142,181,157,104,5
S023,SKU0143,193,171,84,6
S023,SKU0144,146,114,128,4
S023,SKU0145,170,141,60,3
S023,SKU0146,174,158,79,2
S023,SKU0147,103,87,30,2
S023,SKU0148,129,104,56,4
S023,SKU0149,197,174,65,2
S023,SKU0150,194,158,49,4
S023,SKU0151,209,197,118,5
S023,SKU0152,254,229,96,2
S023,SKU0153,110,95,43,5
S023,SKU0154,57,44,49,5
S023,SKU0155,205,169,123,5
S023,SKU0156,86,58,91,4
S023,SKU0157,90,68,65,2
S023,SKU0158,258,228,136,1
S023,SKU0159,79,55,130,1
S023,SKU0160,106,95,90,5
S023,SKU0161,197,158,57,6
S023,SKU0162,176,156,77,4
S023,SKU0163,267,233,46,6
S023,SKU0164,208,181,97,3
S023,SKU0165,293,265,130,7
S023,SKU0166,93,60,101,7
S023,SKU0167,75,46,124,5
S023,SKU0168,251,237,36,3
S023,SKU0169,278,249,23,1
S023,SKU0170,89,50,75,2
S023,SKU0171,147,121,47,2
S023,SKU0172,144,123,77,7
S023,SKU0173,201,188,52,7
S023,SKU0174,99,69,48,3
S023,SKU0175,285,273,37,5
S023,SKU0176,173,153,57,2
S023,SKU0177,175,155,38,6
S023,SKU0178,181,158,96,1
S023,SKU0179,212,188,105,4
S023,SKU0180,203,178,30,5
S023,SKU0181,97,75,84,2
S023,SKU0182,68,33,83,1
S023,SKU0183,120,92,40,2
S023,SKU0184,136,115,65,1
S023,SKU0185,153,137,24,3
S023,SKU0186,231,199,72,5
S023,SKU0187,268,237,135,4
S023,SKU0188,248,225,137,7
S023,SKU0189,255,225,90,7
S023,SKU0190,121,94,48,1
S023,SKU0191,164,136,35,5
S023,SKU0192,247,237,132,4
S023,SKU0193,176,163,89,2
S023,SKU0194,112,76,48,6
S023,SKU0195,52,32,21,2
S023,SKU0196,94,81,146,2
S023,SKU0197,146,133,39,5
S023,SKU0198,214,185,117,2
S023,SKU0199,107,73,73,3
S023,SKU0200,98,83,44,2
S023,SKU0201,200,188,110,6
S023,SKU0202,289,276,141,2
S023,SKU0203,222,184,85,7
S023,SKU0204,155,121,26,4
S023,SKU0205,229,197,108,3
S023,SKU0206,283,257,87,7
S023,SKU0207,83,60,43,4
S023,SKU0208,197,176,35,1
S023,SKU0209,66,44,80,2
S023,SKU0210,287,273,102,5
S023,SKU0211,153,120,25,3
S023,SKU0212,173,152,53,7
S023,SKU0213,137,115,57,2
S023,SKU0214,248,231,34,6
S023,SKU0215,289,258,62,2
S023,SKU0216,217,188,57,2
S023,SKU0217,173,159,77,4
S023,SKU0218,174,136,36,5
S023,SKU0219,192,163,144,6
S023,SKU0220,182,161,20,1
S023,SKU0221,107,96,144,7
S023,SKU0222,234,215,63,7
S023,SKU0223,102,86,91,1
S023,SKU0224,288,277,31,2
S023,SKU0225,229,198,96,4
S023,SKU0226,172,157,46,7
S023,SKU0227,273,256,112,4
S023,SKU0228,194,162,130,5
S023,SKU0229,210,190,66,5
S023,SKU0230,273,240,28,3
S023,SKU0231,149,139,71,7
S023,SKU0232,247,208,27,3
S023,SKU0233,158,133,54,5
S023,SKU0234,295,274,76,4
S023,SKU0235,156,134,79,1
S023,SKU0236,221,194,106,3
S023,SKU0237,156,146,114,1
S023,SKU0238,101,74,30,5
S023,SKU0239,91,79,117,2
S023,SKU0240,256,230,57,7
S023,SKU0241,135,116,55,2
S023,SKU0242,55,23,78,7
S023,SKU0243,253,233,36,3
S023,SKU0244,130,114,77,4
S023,SKU0245,218,180,112,1
S023,SKU0246,205,177,56,6
S023,SKU0247,240,228,83,7
S023,SKU0248,250,229,67,5
S023,SKU0249,214,183,32,3
S023,SKU0250,257,237,81,5
S023,SKU0251,282,247,122,4
S023,SKU0252,111,97,102,5
S023,SKU0253,270,252,102,6
S023,SKU0254,119,86,50,2
S023,SKU0255,189,172,54,6
S023,SKU0256,101,77,54,7
S023,SKU0257,254,223,83,3
S023,SKU0258,289,253,44,6
S023,SKU0259,289,274,128,5
S023,SKU0260,135,118,49,3
S023,SKU0261,79,49,31,5
S023,SKU0262,166,128,123,4
S023,SKU0263,67,51,44,5
S023,SKU0264,77,42,129,6
S023,SKU0265,205,175,81,4
S023,SKU0266,178,146,134,7
S023,SKU0267,121,103,88,5
S023,SKU0268,59,32,129,3
S023,SKU0269,101,64,122,3
S023,SKU0270,299,266,120,1
S023,SKU0271,285,253,27,1
S023,SKU0272,130,106,53,7
S023,SKU0273,109,71,149,1
S023,SKU0274,127,110,51,1
S023,SKU0275,62,51,98,1
S023,SKU0276,117,103,83,4
S023,SKU0277,64,42,39,1
S023,SKU0278,270,246,54,6
S023,SKU0279,122,94,73,7
S023,SKU0280,261,223,131,2
S023,SKU0281,203,170,67,3
S023,SKU0282,234,198,76,7
S023,SKU0283,278,257,87,6
S023,SKU0284,223,199,36,3
S023,SKU0285,256,227,66,1
S023,SKU0286,176,149,74,6
S023,SKU0287,79,47,49,4
S023,SKU0288,226,193,87,2
S023,SKU0289,138,114,86,4
S023,SKU0290,188,152,62,4
S023,SKU0291,93,73,103,3
S023,SKU0292,236,207,104,5
S023,SKU0293,287,262,22,2
S023,SKU0294,188,156,139,4
S023,SKU0295,232,202,52,6
S023,SKU0296,154,128,143,6
S023,SKU0297,203,177,136,5
S023,SKU0298,150,135,42,6
S023,SKU0299,266,239,133,7
S023,SKU0300,192,170,139,1
S023,SKU0301,88,53,90,1
S023,SKU0302,124,87,20,6
S023,SKU0303,212,184,126,1
S023,SKU0304,261,241,81,7
S023,SKU0305,223,189,114,6
S023,SKU0306,191,171,80,7
S023,SKU0307,170,159,92,2
S023,SKU0308,187,148,35,4
S023,SKU0309,209,177,115,2
S023,SKU0310,223,191,116,2
S023,SKU0311,263,246,133,5
S023,SKU0312,112,83,30,3
S023,SKU0313,145,124,127,2
S023,SKU0314,101,88,111,7
S023,SKU0315,183,154,133,3
S023,SKU0316,292,278,59,1
S023,SKU0317,171,136,56,2
S023,SKU0318,61,27,144,2
S023,SKU0319,150,111,36,3
S023,SKU0320,122,83,114,2
S023,SKU0321,125,114,46,5
S023,SKU0322,174,155,110,5
S023,SKU0323,266,227,39,3
S023,SKU0324,147,116,63,2
S023,SKU0325,207,181,147,4
S023,SKU0326,274,244,48,6
S023,SKU0327,50,17,24,5
S023,SKU0328,216,191,128,4
S023,SKU0329,236,223,113,3
S023,SKU0330,124,93,135,4
S023,SKU0331,100,76,47,1
S023,SKU0332,72,41,131,4
S023,SKU0333,132,98,114,5
S023,SKU0334,246,225,36,5
S023,SKU0335,104,69,102,3
S023,SKU0336,160,135,56,2
S023,SKU0337,111,97,20,1
S023,SKU0338,219,200,66,3
S023,SKU0339,189,151,134,3
S023,SKU0340,128,97,86,6
S023,SKU0341,146,112,52,3
S023,SKU0342,230,218,101,1
S023,SKU0343,283,273,41,4
S023,SKU0344,160,150,34,1
S023,SKU0345,280,265,81,2
S023,SKU0346,252,217,122,7
S023,SKU0347,136,100,62,4
S023,SKU0348,155,124,24,7
S023,SKU0349,163,144,93,6
S023,SKU0350,57,20,96,6
S023,SKU0351,102,67,61,6
S023,SKU0352,226,207,37,4
S023,SKU0353,115,95,96,6
S023,SKU0354,214,187,50,1
S023,SKU0355,221,206,20,7
S023,SKU0356,183,156,69,5
S023,SKU0357,121,106,124,3
S023,SKU0358,249,217,100,2
S023,SKU0359,156,132,23,3
S023,SKU0360,219,189,148,4
S023,SKU0361,199,175,116,4
S023,SKU0362,229,191,85,3
S023,SKU0363,132,110,77,4
S023,SKU0364,259,227,72,5
S023,SKU0365,181,146,87,6
S023,SKU0366,292,275,41,6
S023,SKU0367,155,145,97,2
S023,SKU0368,291,274,99,2
S023,SKU0369,285,261,69,6
S023,SKU0370,124,85,128,5
S023,SKU0371,135,100,57,2
S023,SKU0372,119,94,94,4
S023,SKU0373,205,190,95,2
S023,SKU0374,125,93,115,5
S023,SKU0375,199,183,120,4
S023,SKU0376,276,265,61,2
S023,SKU0377,134,102,68,5
S023,SKU0378,135,121,116,2
S023,SKU0379,210,183,112,5
S023,SKU0380,151,127,39,6
S023,SKU0381,53,19,130,1
S023,SKU0382,140,119,24,2
S023,SKU0383,140,125,132,6
S023,SKU0384,86,59,113,1
S023,SKU0385,131,118,90,2
S023,SKU0386,174,153,111,4
S023,SKU0387,263,228,142,6
S023,SKU0388,66,44,131,3
S023,SKU0389,91,70,31,6
S023,SKU0390,171,154,116,7
S023,SKU0391,134,97,136,2
S023,SKU0392,183,171,62,6
S023,SKU0393,106,94,101,4
S023,SKU0394,108,84,125,3
S023,SKU0395,101,91,78,5
S023,SKU0396,133,121,89,5
S023,SKU0397,127,103,40,6
S023,SKU0398,220,189,127,1
S023,SKU0399,155,135,92,3
S023,SKU0400,176,160,33,5
S023,SKU0401,137,108,123,7
S023,SKU0402,166,130,117,2
S023,SKU0403,181,149,97,1
S023,SKU0404,72,42,42,7
S023,SKU0405,268,246,88,6
S023,SKU0406,92,80,27,1
S023,SKU0407,59,44,101,3
S023,SKU0408,180,141,77,6
S023,SKU0409,296,267,128,1
S023,SKU0410,290,269,120,5
S023,SKU0411,292,278,76,7
S023,SKU0412,144,134,103,1
S023,SKU0413,185,148,102,4
S023,SKU0414,252,229,62,4
S023,SKU0415,210,189,78,4
S023,SKU0416,133,120,34,7
S023,SKU0417,234,222,51,6
S023,SKU0418,208,195,79,3
S023,SKU0419,160,145,131,1
S023,SKU0420,98,79,21,1
S023,SKU0421,85,54,131,2
S023,SKU0422,147,120,46,3
S023,SKU0423,62,26,33,1
S023,SKU0424,128,100,44,4
S023,SKU0425,233,198,28,3
S023,SKU0426,216,182,82,2
S023,SKU0427,232,206,106,6
S023,SKU0428,250,230,65,5
S023,SKU0429,178,141,73,7
S023,SKU0430,189,165,24,3
S023,SKU0431,88,49,49,4
S023,SKU0432,267,257,54,6
S023,SKU0433,214,187,75,1
S023,SKU0434,99,84,142,6
S023,SKU0435,163,150,105,3
S023,SKU0436,97,86,105,4
S023,SKU0437,271,235,145,5
S023,SKU0438,281,242,111,6
S023,SKU0439,272,234,115,2
S023,SKU0440,246,224,97,2
S023,SKU0441,86,57,79,6
S023,SKU0442,235,200,80,6
S023,SKU0443,141,102,41,5
S023,SKU0444,123,85,103,4
S023,SKU0445,97,73,148,7
S023,SKU0446,84,51,48,4
S023,SKU0447,204,165,44,5
S023,SKU0448,190,175,92,5
S023,SKU0449,223,185,23,4
S023,SKU0450,253,239,42,2
S023,SKU0451,157,137,32,1
S023,SKU0452,274,264,95,6
S023,SKU0453,290,278,76,4
S023,SKU0454,99,63,38,3
S023,SKU0455,256,242,135,3
S023,SKU0456,70,41,140,6
S023,SKU0457,135,108,44,5
S023,SKU0458,135,120,69,7
S023,SKU0459,161,147,57,5
S023,SKU0460,144,112,147,1
S023,SKU0461,204,178,134,4
S023,SKU0462,128,111,118,4
S023,SKU0463,227,208,83,6
S023,SKU0464,72,43,60,5
S023,SKU0465,88,72,87,7
S023,SKU0466,199,188,42,3
S023,SKU0467,214,196,88,1
S023,SKU0468,245,230,22,3
S023,SKU0469,208,178,127,1
S023,SKU0470,55,26,66,4
S023,SKU0471,230,198,82,6
S023,SKU0472,73,56,62,4
S023,SKU0473,294,266,86,4
S023,SKU0474,50,27,57,3
S023,SKU0475,142,105,109,6
S023,SKU0476,86,55,75,2
S023,SKU0477,86,51,149,2
S023,SKU0478,214,175,56,4
S023,SKU0479,268,240,30,4
S023,SKU0480,118,83,75,6
S023,SKU0481,192,179,125,4
S023,SKU0482,128,91,115,4
S023,SKU0483,159,122,104,5
S023,SKU0484,277,257,81,6
S023,SKU0485,213,200,124,5
S023,SKU0486,147,126,30,2
S023,SKU0487,254,223,125,1
S023,SKU0488,284,261,145,7
S023,SKU0489,223,203,72,2
S023,SKU0490,235,217,86,2
S023,SKU0491,281,250,28,1
S023,SKU0492,287,264,149,2
S023,SKU0493,248,237,131,3
S023,SKU0494,295,285,138,7
S023,SKU0495,238,221,61,5
S023,SKU0496,220,181,83,2
S023,SKU0497,103,85,102,6
S023,SKU0498,194,180,131,2
S023,SKU0499,55,29,100,5
S023,SKU0500,89,76,64,2
S024,SKU0001,225,196,83,7
S024,SKU0002,205,189,118,5
S024,SKU0003,232,220,88,3
S024,SKU0004,292,264,40,3
S024,SKU0005,149,110,42,4
S024,SKU0006,67,43,140,1
S024,SKU0007,199,181,115,3
S024,SKU0008,113,88,40,1
S024,SKU0009,164,126,60,1
S024,SKU0010,150,119,77,3
S024,SKU0011,198,182,24,3
S024,SKU0012,54,33,35,5
S024,SKU0013,298,272,77,4
S024,SKU0014,246,231,65,1
S024,SKU0015,118,93,110,1
S024,SKU0016,182,155,44,3
S024,SKU0017,66,38,106,1
S024,SKU0018,162,127,63,6
S024,SKU0019,281,245,114,4
S024,SKU0020,251,222,64,7
S024,SKU0021,120,92,108,1
S024,SKU0022,294,265,70,1
S024,SKU0023,137,100,127,2
S024,SKU0024,60,33,92,4
S024,SKU0025,166,153,71,7
S024,SKU0026,263,235,107,7
S024,SKU0027,191,164,84,4
S024,SKU0028,194,159,145,6
S024,SKU0029,207,177,138,2
S024,SKU0030,246,226,36,1
S024,SKU0031,291,269,92,6
S024,SKU0032,195,160,60,2
S024,SKU0033,281,269,34,2
S024,SKU0034,299,275,108,2
S024,SKU0035,149,130,93,3
S024,SKU0036,170,143,30,6
S024,SKU0037,202,182,135,2
S024,SKU0038,286,247,74,3
S024,SKU0039,118,86,30,4
S024,SKU0040,207,184,93,5
S024,SKU0041,290,255,114,4
S024,SKU0042,237,221,145,5
S024,SKU0043,87,73,35,6
S024,SKU0044,118,102,75,1
S024,SKU0045,216,189,71,7
S024,SKU0046,268,254,37,3
S024,SKU0047,158,145,62,7
S024,SKU0048,125,104,88,4
S024,SKU0049,74,62,139,7
S024,SKU0050,131,93,84,3
S024,SKU0051,259,243,140,6
S024,SKU0052,157,124,66,4
S024,SKU0053,222,212,63,7
S024,SKU0054,78,68,67,4
S024,SKU0055,128,93,41,3
S024,SKU0056,240,213,77,4
S024,SKU0057,118,92,104,2
S024,SKU0058,153,137,60,4
S024,SKU0059,101,88,83,2
S024,SKU0060,129,116,35,1
S024,SKU0061,198,179,53,7
S024,SKU0062,296,268,23,5
S024,SKU0063,167,140,44,7
S024,SKU0064,161,149,50,5
S024,SKU0065,163,129,144,1
S024,SKU0066,185,172,59,2
S024,SKU0067,128,100,85,5
S024,SKU0068,293,260,42,2
S024,SKU0069,229,200,103,3
S024,SKU0070,180,163,76,1
S024,SKU0071,225,207,118,1
S024,SKU0072,265,240,92,7
S024,SKU0073,248,212,86,5
S024,SKU0074,290,267,90,7
S024,SKU0075,70,56,24,6
S024,SKU0076,209,190,76,7
S024,SKU0077,129,100,35,3
S024,SKU0078,247,209,31,5
S024,SKU0079,278,239,85,6
S024,SKU0080,111,79,36,1
S024,SKU0081,69,58,139,5
S024,SKU0082,146,112,87,7
S024,SKU0083,69,38,27,3
S024,SKU0084,193,183,27,5
S024,SKU0085,124,95,36,2
S024,SKU0086,194,177,120,3
S024,SKU0087,76,62,22,1
S024,SKU0088,208,172,111,1
S024,SKU0089,150,120,92,7
S024,SKU0090,196,181,26,1
S024,SKU0091,184,165,21,7
S024,SKU0092,109,95,127,1
S024,SKU0093,113,98,85,4
S024,SKU0094,106,89,108,1
S024,SKU0095,263,247,136,6
S024,SKU0096,295,260,70,1
S024,SKU0097,259,222,149,2
S024,SKU0098,139,123,107,6
S024,SKU0099,121,107,111,1
S024,SKU0100,142,128,59,6
S024,SKU0101,139,124,51,6
S024,SKU0102,77,48,143,7
S024,SKU0103,279,257,103,4
S024,SKU0104,280,252,81,6
S024,SKU0105,88,65,128,3
S024,SKU0106,180,147,83,2
S024,SKU0107,82,52,45,7
S024,SKU0108,76,46,114,4
S024,SKU0109,175,162,78,1
S024,SKU0110,218,196,114,7
S024,SKU0111,226,191,103,5
S024,SKU0112,279,265,43,5
S024,SKU0113,202,166,42,5
S024,SKU0114,102,68,133,3
S024,SKU0115,141,106,148,6
S024,SKU0116,151,130,30,4
S024,SKU0117,90,61,50,7
S024,SKU0118,213,201,131,5
S024,SKU0119,90,75,80,7
S024,SKU0120,145,121,115,7
S024,SKU0121,66,34,124,6
S024,SKU0122,123,87,35,2
S024,SKU0123,284,264,25,3
S024,SKU0124,154,126,51,3
S024,SKU0125,139,118,40,7
S024,SKU0126,249,236,65,6
S024,SKU0127,256,239,149,4
S024,SKU0128,115,105,94,3
S024,SKU0129,297,261,144,5
S024,SKU0130,198,163,103,2
S024,SKU0131,69,55,114,4
S024,SKU0132,232,203,26,1
S024,SKU0133,79,67,48,1
S024,SKU0134,255,242,96,7
S024,SKU0135,148,111,131,7
S024,SKU0136,96,75,118,2
S024,SKU0137,218,200,43,7
S024,SKU0138,98,83,140,3
S024,SKU0139,76,49,88,1
S024,SKU0140,282,267,91,2
S024,SKU0141,61,34,143,4
S024,SKU0142,246,227,78,3
S024,SKU0143,198,178,33,5
S024,SKU0144,231,198,70,1
S024,SKU0145,287,263,140,3
S024,SKU0146,208,189,105,7
S024,SKU0147,115,105,56,4
S024,SKU0148,224,211,132,7
S024,SKU0149,103,70,77,6
S024,SKU0150,243,233,124,1
S024,SKU0151,129,105,74,3
S024,SKU0152,220,208,147,1
S024,SKU0153,194,168,140,3
S024,SKU0154,117,86,48,7
S024,SKU0155,274,259,71,2
S024,SKU0156,163,137,34,3
S024,SKU0157,86,55,133,1
S024,SKU0158,118,102,127,1
S024,SKU0159,162,151,65,4
S024,SKU0160,133,98,37,3
S024,SKU0161,60,42,59,1
S024,SKU0162,239,228,55,1
S024,SKU0163,297,262,106,7
S024,SKU0164,76,47,106,2
S024,SKU0165,171,161,77,4
S024,SKU0166,260,246,83,7
S024,SKU0167,149,121,145,4
S024,SKU0168,261,228,23,3
S024,SKU0169,177,138,34,6
S024,SKU0170,143,105,95,6
S024,SKU0171,90,77,99,7
S024,SKU0172,234,224,38,6
S024,SKU0173,192,169,149,3
S024,SKU0174,142,103,42,3
S024,SKU0175,159,126,78,4
S024,SKU0176,144,131,145,7
S024,SKU0177,192,169,31,3
S024,SKU0178,255,234,70,6
S024,SKU0179,112,79,43,6
S024,SKU0180,242,231,124,7
S024,SKU0181,107,80,23,1
S024,SKU0182,184,151,51,3
S024,SKU0183,174,148,46,1
S024,SKU0184,96,81,98,6
S024,SKU0185,135,106,72,7
S024,SKU0186,192,155,42,2
S024,SKU0187,249,229,133,3
S024,SKU0188,112,79,96,1
S024,SKU0189,152,137,124,2
S024,SKU0190,274,257,31,7
S024,SKU0191,205,194,102,5
S024,SKU0192,255,243,114,2
S024,SKU0193,243,233,133,7
S024,SKU0194,213,195,22,6
S024,SKU0195,297,274,117,4
S024,SKU0196,224,196,107,2
S024,SKU0197,142,125,85,1
S024,SKU0198,140,124,98,4
S024,SKU0199,175,153,120,4
S024,SKU0200,235,223,147,7
S024,SKU0201,216,184,143,3
S024,SKU0202,225,209,92,1
S024,SKU0203,169,157,36,2
S024,SKU0204,203,183,99,5
S024,SKU0205,101,62,68,4
S024,SKU0206,179,158,88,6
S024,SKU0207,198,175,33,2
S024,SKU0208,176,137,139,7
S024,SKU0209,205,182,48,6
S024,SKU0210,123,88,129,3
S024,SKU0211,294,268,46,2
S024,SKU0212,206,182,93,2
S024,SKU0213,253,241,114,5
S024,SKU0214,97,78,54,6
S024,SKU0215,139,102,107,1
S024,SKU0216,278,264,79,2
S024,SKU0217,232,198,77,4
S024,SKU0218,84,66,51,2
S024,SKU0219,247,230,83,2
S024,SKU0220,217,200,21,6
S024,SKU0221,186,168,78,2
S024,SKU0222,183,146,142,4
S024,SKU0223,134,113,126,5
S024,SKU0224,79,47,105,2
S024,SKU0225,250,221,143,1
S024,SKU0226,95,61,89,2
S024,SKU0227,89,62,38,4
S024,SKU0228,83,62,67,7
S024,SKU0229,195,181,109,6
S024,SKU0230,132,116,91,7
S024,SKU0231,107,87,27,3
S024,SKU0232,297,286,147,3
S024,SKU0233,207,187,41,5
S024,SKU0234,99,72,49,2
S024,SKU0235,97,59,108,1
S024,SKU0236,200,181,61,7
S024,SKU0237,270,249,22,7
S024,SKU0238,219,198,129,3
S024,SKU0239,87,56,43,1
S024,SKU0240,297,262,75,7
S024,SKU0241,165,146,115,6
S024,SKU0242,109,77,139,4
S024,SKU0243,247,221,74,2
S024,SKU0244,290,267,24,5
S024,SKU0245,265,245,107,4
S024,SKU0246,205,192,130,2
S024,SKU0247,182,170,32,1
S024,SKU0248,125,114,149,3
S024,SKU0249,160,131,61,4
S024,SKU0250,246,211,85,5
S024,SKU0251,122,93,121,1
S024,SKU0252,277,245,42,7
S024,SKU0253,64,39,89,7
S024,SKU0254,120,85,101,1
S024,SKU0255,113,87,20,2
S024,SKU0256,247,237,139,5
S024,SKU0257,61,25,61,6
S024,SKU0258,172,138,88,6
S024,SKU0259,241,204,34,2
S024,SKU0260,83,49,23,3
S024,SKU0261,206,187,146,3
S024,SKU0262,229,195,130,4
S024,SKU0263,281,245,75,6
S024,SKU0264,275,236,102,3
S024,SKU0265,66,52,30,2
S024,SKU0266,191,153,32,7
S024,SKU0267,282,262,137,1
S024,SKU0268,177,146,84,6
S024,SKU0269,125,110,75,2
S024,SKU0270,204,173,131,7
S024,SKU0271,256,244,75,2
S024,SKU0272,54,40,74,6
S024,SKU0273,265,248,80,6
S024,SKU0274,169,149,71,5
S024,SKU0275,173,163,87,4
S024,SKU0276,170,153,28,2
S024,SKU0277,153,127,63,2
S024,SKU0278,279,262,119,6
S024,SKU0279,238,200,146,1
S024,SKU0280,56,28,149,3
S024,SKU0281,253,236,108,3
S024,SKU0282,116,77,56,3
S024,SKU0283,281,263,120,5
S024,SKU0284,192,180,117,4
S024,SKU0285,276,250,64,3
S024,SKU0286,109,98,59,7
S024,SKU0287,69,32,110,4
S024,SKU0288,139,111,143,5
S024,SKU0289,63,28,84,2
S024,SKU0290,63,24,33,2
S024,SKU0291,182,150,122,2
S024,SKU0292,139,105,100,6
S024,SKU0293,155,145,122,2
S024,SKU0294,110,99,148,7
S024,SKU0295,215,205,92,5
S024,SKU0296,203,180,113,3
S024,SKU0297,293,254,48,3
S024,SKU0298,166,139,95,6
S024,SKU0299,138,120,56,5
S024,SKU0300,116,80,87,2
S024,SKU0301,261,226,104,7
S024,SKU0302,192,170,128,2
S024,SKU0303,89,68,75,4
S024,SKU0304,246,217,61,5
S024,SKU0305,54,21,69,1
S024,SKU0306,277,247,76,2
S024,SKU0307,134,118,143,2
S024,SKU0308,271,249,89,7
S024,SKU0309,170,145,20,7
S024,SKU0310,165,152,105,2
S024,SKU0311,55,41,66,6
S024,SKU0312,105,73,146,6
S024,SKU0313,283,259,74,7
S024,SKU0314,118,104,56,5
S024,SKU0315,233,213,125,5
S024,SKU0316,50,28,51,4
S024,SKU0317,207,177,61,4
S024,SKU0318,251,224,59,3
S024,SKU0319,224,212,113,5
S024,SKU0320,176,160,76,4
S024,SKU0321,208,194,123,2
S024,SKU0322,217,186,135,3
S024,SKU0323,50,16,77,7
S024,SKU0324,100,79,103,5
S024,SKU0325,132,119,119,6
S024,SKU0326,117,79,51,7
S024,SKU0327,149,113,25,7
S024,SKU0328,269,230,63,5
S024,SKU0329,231,206,55,7
S024,SKU0330,147,109,111,7
S024,SKU0331,92,61,81,4
S024,SKU0332,69,45,108,5
S024,SKU0333,61,40,62,6
S024,SKU0334,165,130,36,1
S024,SKU0335,135,121,40,5
S024,SKU0336,100,68,83,4
S024,SKU0337,154,134,42,7
S024,SKU0338,280,241,127,4
S024,SKU0339,194,183,53,1
S024,SKU0340,244,210,128,2
S024,SKU0341,71,49,59,6
S024,SKU0342,202,176,100,2
S024,SKU0343,174,157,68,6
S024,SKU0344,151,123,148,3
S024,SKU0345,251,219,98,3
S024,SKU0346,118,88,146,7
S024,SKU0347,151,115,103,1
S024,SKU0348,260,229,104,5
S024,SKU0349,190,166,95,4
S024,SKU0350,228,204,36,7
S024,SKU0351,245,206,69,2
S024,SKU0352,93,81,21,6
S024,SKU0353,104,80,119,2
S024,SKU0354,53,38,144,4
S024,SKU0355,170,160,44,4
S024,SKU0356,61,46,121,3
S024,SKU0357,198,172,122,7
S024,SKU0358,159,125,30,3
S024,SKU0359,82,63,56,1
S024,SKU0360,272,239,35,6
S024,SKU0361,91,54,74,3
S024,SKU0362,260,230,77,6
S024,SKU0363,126,94,35,4
S024,SKU0364,104,83,45,4
S024,SKU0365,259,233,84,3
S024,SKU0366,298,278,64,4
S024,SKU0367,286,262,135,2
S024,SKU0368,273,248,60,1
S024,SKU0369,181,148,121,7
S024,SKU0370,154,126,75,2
S024,SKU0371,54,20,32,5
S024,SKU0372,89,78,104,6
S024,SKU0373,277,250,141,3
S024,SKU0374,180,168,29,1
S024,SKU0375,138,110,106,6
S024,SKU0376,203,180,110,1
S024,SKU0377,279,243,124,5
S024,SKU0378,147,119,147,6
S024,SKU0379,56,18,88,4
S024,SKU0380,93,74,51,7
S024,SKU0381,272,256,46,7
S024,SKU0382,257,237,36,5
S024,SKU0383,114,82,51,1
S024,SKU0384,205,176,106,1
S024,SKU0385,238,206,149,3
S024,SKU0386,259,241,109,2
S024,SKU0387,180,163,63,6
S024,SKU0388,154,119,144,7
S024,SKU0389,228,201,111,5
S024,SKU0390,158,137,136,1
S024,SKU0391,74,35,65,2
S024,SKU0392,109,71,112,4
S024,SKU0393,134,109,143,3
S024,SKU0394,96,71,35,6
S024,SKU0395,185,163,89,4
S024,SKU0396,277,259,103,4
S024,SKU0397,207,169,54,1
S024,SKU0398,289,262,113,2
S024,SKU0399,124,102,94,3
S024,SKU0400,120,110,85,5
S024,SKU0401,121,103,31,7
S024,SKU0402,59,35,116,7
S024,SKU0403,93,68,130,3
S024,SKU0404,177,167,68,4
S024,SKU0405,218,188,141,5
S024,SKU0406,295,274,137,1
S024,SKU0407,125,110,47,7
S024,SKU0408,165,147,23,7
S024,SKU0409,156,138,97,1
S024,SKU0410,144,123,104,7
S024,SKU0411,62,50,78,6
S024,SKU0412,186,158,106,4
S024,SKU0413,80,67,61,1
S024,SKU0414,227,200,101,2
S024,SKU0415,184,158,143,4
S024,SKU0416,55,39,42,4
S024,SKU0417,176,146,82,7
S024,SKU0418,176,138,130,7
S024,SKU0419,258,242,140,2
S024,SKU0420,157,147,42,3
S024,SKU0421,98,81,147,3
S024,SKU0422,121,88,34,5
S024,SKU0423,195,184,144,1
S024,SKU0424,221,207,144,4
S024,SKU0425,131,95,143,6
S024,SKU0426,126,94,148,6
S024,SKU0427,250,226,65,7
S024,SKU0428,57,18,56,2
S024,SKU0429,158,134,100,6
S024,SKU0430,235,207,71,6
S024,SKU0431,245,215,75,7
S024,SKU0432,93,70,22,4
S024,SKU0433,109,89,32,4
S024,SKU0434,138,117,65,3
S024,SKU0435,156,129,63,2
S024,SKU0436,198,165,27,2
S024,SKU0437,121,88,88,3
S024,SKU0438,238,221,131,1
S024,SKU0439,197,179,45,5
S024,SKU0440,88,50,111,3
S024,SKU0441,219,198,127,4
S024,SKU0442,66,55,129,4
S024,SKU0443,99,78,121,3
S024,SKU0444,201,175,91,2
S024,SKU0445,56,20,43,1
S024,SKU0446,274,245,77,1
S024,SKU0447,176,146,37,2
S024,SKU0448,88,64,70,5
S024,SKU0449,52,38,86,6
S024,SKU0450,208,171,37,7
S024,SKU0451,208,193,22,1
S024,SKU0452,84,70,81,7
S024,SKU0453,84,74,146,2
S024,SKU0454,271,246,88,3
S024,SKU0455,51,39,121,3
S024,SKU0456,244,207,136,4
S024,SKU0457,294,273,98,6
S024,SKU0458,154,142,61,4
S024,SKU0459,216,201,147,5
S024,SKU0460,84,46,117,7
S024,SKU0461,221,192,97,5
S024,SKU0462,53,32,41,7
S024,SKU0463,288,249,105,6
S024,SKU0464,205,187,39,4
S024,SKU0465,250,214,73,2
S024,SKU0466,107,97,137,1
S024,SKU0467,111,79,77,3
S024,SKU0468,109,74,112,7
S024,SKU0469,223,198,54,2
S024,SKU0470,252,236,117,6
S024,SKU0471,96,86,43,1
S024,SKU0472,233,216,39,1
S024,SKU0473,78,64,23,1
S024,SKU0474,63,35,94,6
S024,SKU0475,240,215,22,4
S024,SKU0476,186,155,92,2
S024,SKU0477,265,229,82,7
S024,SKU0478,90,52,104,4
S024,SKU0479,198,184,140,5
S024,SKU0480,139,109,45,3
S024,SKU0481,105,75,36,7
S024,SKU0482,288,250,121,4
S024,SKU0483,141,114,134,1
S024,SKU0484,270,238,67,4
S024,SKU0485,53,40,124,5
S024,SKU0486,94,71,82,4
S024,SKU0487,74,37,127,7
S024,SKU0488,143,133,20,4
S024,SKU0489,263,226,64,2
S024,SKU0490,265,253,137,2
S024,SKU0491,214,194,83,2
S024,SKU0492,119,96,94,4
S024,SKU0493,237,199,33,1
S024,SKU0494,191,155,35,2
S024,SKU0495,109,87,51,1
S024,SKU0496,206,191,88,3
S024,SKU0497,148,118,38,5
S024,SKU0498,256,220,34,7
S024,SKU0499,62,33,73,3
S024,SKU0500,185,169,123,2
S025,SKU0001,109,94,45,6
S025,SKU0002,182,158,77,2
S025,SKU0003,85,71,142,3
S025,SKU0004,240,215,114,3
S025,SKU0005,124,85,48,4
S025,SKU0006,78,51,131,1
S025,SKU0007,210,175,38,6
S025,SKU0008,98,69,107,7
S025,SKU0009,67,35,107,7
S025,SKU0010,209,186,145,6
S025,SKU0011,181,150,100,5
S025,SKU0012,115,97,91,7
S025,SKU0013,62,26,24,5
S025,SKU0014,202,186,146,6
S025,SKU0015,141,108,46,2
S025,SKU0016,99,66,142,4
S025,SKU0017,84,53,142,6
S025,SKU0018,138,101,78,6
S025,SKU0019,154,126,36,4
S025,SKU0020,122,109,30,4
S025,SKU0021,55,22,46,4
S025,SKU0022,161,146,86,6
S025,SKU0023,148,132,31,6
S025,SKU0024,222,205,142,2
S025,SKU0025,135,121,91,4
S025,SKU0026,160,134,114,3
S025,SKU0027,181,159,47,4
S025,SKU0028,256,221,25,1
S025,SKU0029,204,186,56,6
S025,SKU0030,229,207,20,1
S025,SKU0031,220,182,54,3
S025,SKU0032,165,133,116,6
S025,SKU0033,195,173,128,4
S025,SKU0034,220,201,120,2
S025,SKU0035,263,249,55,4
S025,SKU0036,282,250,52,5
S025,SKU0037,105,76,148,5
S025,SKU0038,169,159,57,6
S025,SKU0039,108,88,139,5
S025,SKU0040,238,225,78,3
S025,SKU0041,128,98,87,1
S025,SKU0042,256,239,57,2
S025,SKU0043,183,172,113,5
S025,SKU0044,59,44,54,7
S025,SKU0045,74,38,30,5
S025,SKU0046,247,218,126,3
S025,SKU0047,228,208,34,3
S025,SKU0048,140,128,53,7
S025,SKU0049,141,107,61,1
S025,SKU0050,263,242,114,1
S025,SKU0051,255,229,132,7
S025,SKU0052,53,31,125,2
S025,SKU0053,120,103,121,5
S025,SKU0054,284,252,103,6
S025,SKU0055,98,85,47,7
S025,SKU0056,234,218,123,7
S025,SKU0057,147,130,136,3
S025,SKU0058,57,31,92,5
S025,SKU0059,124,103,99,2
S025,SKU0060,61,22,132,3
S025,SKU0061,119,87,148,4
S025,SKU0062,185,155,46,4
S025,SKU0063,116,94,118,6
S025,SKU0064,176,144,144,4
S025,SKU0065,119,82,110,3
S025,SKU0066,280,256,113,6
S025,SKU0067,164,132,68,3
S025,SKU0068,216,193,54,1
S025,SKU0069,138,127,130,2
S025,SKU0070,154,120,114,2
S025,SKU0071,225,202,74,7
S025,SKU0072,164,132,111,5
S025,SKU0073,139,125,24,4
S025,SKU0074,277,251,113,6
S025,SKU0075,149,130,93,6
S025,SKU0076,166,145,21,3
S025,SKU0077,189,166,112,7
S025,SKU0078,272,243,64,1
S025,SKU0079,276,264,38,6
S025,SKU0080,176,162,28,7
S025,SKU0081,149,124,140,7
S025,SKU0082,106,95,104,5
S025,SKU0083,221,186,85,5
S025,SKU0084,59,46,75,7
S025,SKU0085,158,134,59,4
S025,SKU0086,213,203,127,5
S025,SKU0087,281,243,90,6
S025,SKU0088,292,282,77,1
S025,SKU0089,67,35,127,5
S025,SKU0090,257,246,148,1
S025,SKU0091,266,252,101,2
S025,SKU0092,186,151,73,1
S025,SKU0093,172,141,125,3
S025,SKU0094,87,65,97,1
S025,SKU0095,210,191,145,1
S025,SKU0096,225,196,84,3
S025,SKU0097,139,108,121,7
S025,SKU0098,241,222,30,7
S025,SKU0099,66,30,131,1
S025,SKU0100,68,47,116,3
S025,SKU0101,258,227,32,4
S025,SKU0102,221,185,21,6
S025,SKU0103,223,204,80,3
S025,SKU0104,112,99,94,2
S025,SKU0105,264,228,133,6
S025,SKU0106,288,260,129,5
S025,SKU0107,244,207,134,6
S025,SKU0108,159,136,100,3
S025,SKU0109,214,201,135,3
S025,SKU0110,174,156,145,5
S025,SKU0111,293,270,117,3
S025,SKU0112,85,53,87,1
S025,SKU0113,159,129,110,6
S025,SKU0114,194,159,138,7
S025,SKU0115,108,93,104,1
S025,SKU0116,231,211,88,1
S025,SKU0117,125,96,68,2
S025,SKU0118,81,46,105,2
S025,SKU0119,69,56,66,2
S025,SKU0120,185,167,118,3
S025,SKU0121,282,246,41,4
S025,SKU0122,213,195,75,5
S025,SKU0123,257,218,77,4
S025,SKU0124,125,113,74,7
S025,SKU0125,123,106,79,2
S025,SKU0126,181,156,39,1
S025,SKU0127,205,188,70,7
S025,SKU0128,74,43,55,4
S025,SKU0129,215,202,28,4
S025,SKU0130,111,96,77,4
S025,SKU0131,203,186,83,5
S025,SKU0132,166,146,42,5
S025,SKU0133,87,69,60,4
S025,SKU0134,218,193,74,7
S025,SKU0135,206,196,134,5
S025,SKU0136,69,54,73,2
S025,SKU0137,156,139,86,5
S025,SKU0138,110,90,32,2
S025,SKU0139,77,53,26,7
S025,SKU0140,91,56,85,5
S025,SKU0141,74,60,137,4
S025,SKU0142,163,148,51,2
S025,SKU0143,83,55,23,1
S025,SKU0144,162,130,48,7
S025,SKU0145,264,236,66,1
S025,SKU0146,292,267,88,7
S025,SKU0147,84,65,139,5
S025,SKU0148,99,87,148,4
S025,SKU0149,122,85,108,2
S025,SKU0150,135,104,102,6
S025,SKU0151,182,168,149,5
S025,SKU0152,157,121,122,6
S025,SKU0153,169,141,133,1
S025,SKU0154,52,20,86,4
S025,SKU0155,168,135,73,2
S025,SKU0156,157,128,140,6
S025,SKU0157,141,103,82,7
S025,SKU0158,299,275,89,7
S025,SKU0159,108,93,116,1
S025,SKU0160,277,246,70,3
S025,SKU0161,145,116,118,1
S025,SKU0162,262,225,55,5
S025,SKU0163,205,171,106,6
S025,SKU0164,269,232,116,6
S025,SKU0165,270,241,133,6
S025,SKU0166,120,107,114,6
S025,SKU0167,267,235,135,2
S025,SKU0168,276,250,90,2
S025,SKU0169,273,237,136,6
S025,SKU0170,148,127,135,7
S025,SKU0171,117,98,44,7
S025,SKU0172,120,83,25,3
S025,SKU0173,280,246,74,2
S025,SKU0174,74,61,136,3
S025,SKU0175,203,186,22,2
S025,SKU0176,232,221,60,6
S025,SKU0177,211,185,69,6
S025,SKU0178,222,194,92,2
S025,SKU0179,128,96,72,2
S025,SKU0180,62,36,74,6
S025,SKU0181,71,44,131,5
S025,SKU0182,70,53,113,3
S025,SKU0183,263,226,72,3
S025,SKU0184,181,154,132,7
S025,SKU0185,71,36,59,1
S025,SKU0186,183,153,110,6
S025,SKU0187,66,47,73,6
S025,SKU0188,207,178,55,3
S025,SKU0189,296,259,131,7
S025,SKU0190,165,153,120,7
S025,SKU0191,85,50,132,3
S025,SKU0192,133,108,140,3
S025,SKU0193,140,104,124,7
S025,SKU0194,268,244,89,1
S025,SKU0195,154,117,38,1
S025,SKU0196,261,251,131,1
S025,SKU0197,78,50,94,2
S025,SKU0198,248,215,126,7
S025,SKU0199,177,138,113,7
S025,SKU0200,298,274,22,1
S025,SKU0201,115,81,122,2
S025,SKU0202,219,199,88,2
S025,SKU0203,130,106,138,2
S025,SKU0204,207,177,81,7
S025,SKU0205,230,196,48,5
S025,SKU0206,144,120,125,1
S025,SKU0207,220,197,33,3
S025,SKU0208,274,237,136,1
S025,SKU0209,230,199,32,4
S025,SKU0210,96,80,64,2
S025,SKU0211,259,220,82,5
S025,SKU0212,195,183,21,4
S025,SKU0213,102,89,53,4
S025,SKU0214,286,258,84,7
S025,SKU0215,109,85,78,6
S025,SKU0216,154,119,125,3
S025,SKU0217,133,122,38,3
S025,SKU0218,155,142,25,2
S025,SKU0219,275,252,83,7
S025,SKU0220,134,113,43,5
S025,SKU0221,64,27,65,5
S025,SKU0222,202,182,121,7
S025,SKU0223,199,160,65,7
S025,SKU0224,288,252,49,3
S025,SKU0225,239,224,81,3
S025,SKU0226,194,178,22,5
S025,SKU0227,286,274,109,3
S025,SKU0228,186,169,119,7
S025,SKU0229,51,25,54,5
S025,SKU0230,247,229,41,3
S025,SKU0231,227,212,119,4
S025,SKU0232,245,207,141,6
S025,SKU0233,122,107,108,5
S025,SKU0234,79,62,94,2
S025,SKU0235,54,19,52,5
S025,SKU0236,146,108,143,2
S025,SKU0237,258,228,30,1
S025,SKU0238,298,277,71,2
S025,SKU0239,257,224,71,4
S025,SKU0240,92,68,32,3
S025,SKU0241,164,134,50,3
S025,SKU0242,245,209,63,3
S025,SKU0243,273,242,101,1
S025,SKU0244,90,69,138,4
S025,SKU0245,173,138,47,3
S025,SKU0246,179,141,23,2
S025,SKU0247,133,99,77,5
S025,SKU0248,259,225,133,1
S025,SKU0249,296,260,27,1
S025,SKU0250,122,97,54,6
S025,SKU0251,99,78,89,5
S025,SKU0252,91,70,118,7
S025,SKU0253,277,258,59,1
S025,SKU0254,132,96,52,4
S025,SKU0255,292,257,142,2
S025,SKU0256,51,21,89,2
S025,SKU0257,72,58,68,4
S025,SKU0258,126,100,133,4
S025,SKU0259,289,267,148,5
S025,SKU0260,135,107,100,2
S025,SKU0261,139,118,140,5
S025,SKU0262,271,239,113,3
S025,SKU0263,69,32,72,3
S025,SKU0264,72,35,93,1
S025,SKU0265,110,83,128,7
S025,SKU0266,200,187,131,3
S025,SKU0267,228,191,80,7
S025,SKU0268,134,100,49,1
S025,SKU0269,200,166,108,3
S025,SKU0270,206,178,98,6
S025,SKU0271,207,182,45,6
S025,SKU0272,175,137,21,5
S025,SKU0273,100,87,105,5
S025,SKU0274,256,219,73,3
S025,SKU0275,86,48,34,3
S025,SKU0276,100,65,94,6
S025,SKU0277,285,265,20,3
S025,SKU0278,236,220,145,5
S025,SKU0279,161,149,92,2
S025,SKU0280,144,120,80,7
S025,SKU0281,64,54,132,5
S025,SKU0282,187,173,108,3
S025,SKU0283,239,201,62,6
S025,SKU0284,68,30,79,3
S025,SKU0285,137,119,73,5
S025,SKU0286,59,39,108,4
S025,SKU0287,204,183,20,1
S025,SKU0288,151,127,103,3
S025,SKU0289,208,172,35,6
S025,SKU0290,183,147,38,4
S025,SKU0291,80,43,59,1
S025,SKU0292,105,87,108,6
S025,SKU0293,115,89,46,2
S025,SKU0294,220,205,39,1
S025,SKU0295,209,170,33,5
S025,SKU0296,273,244,125,2
S025,SKU0297,62,33,88,2
S025,SKU0298,82,69,43,6
S025,SKU0299,232,214,29,5
S025,SKU0300,180,145,134,4
S025,SKU0301,182,170,133,5
S025,SKU0302,260,245,76,5
S025,SKU0303,89,59,122,3
S025,SKU0304,115,100,50,1
S025,SKU0305,267,237,40,2
S025,SKU0306,228,193,142,1
S025,SKU0307,75,39,39,1
S025,SKU0308,290,258,107,7
S025,SKU0309,247,209,23,3
S025,SKU0310,201,165,135,1
S025,SKU0311,217,186,133,2
S025,SKU0312,206,190,42,5
S025,SKU0313,71,48,83,4
S025,SKU0314,168,152,90,3
S025,SKU0315,288,266,56,4
S025,SKU0316,145,135,67,5
S025,SKU0317,280,243,26,6
S025,SKU0318,148,136,30,1
S025,SKU0319,252,234,48,7
S025,SKU0320,201,167,44,6
S025,SKU0321,115,99,48,7
S025,SKU0322,204,166,61,5
S025,SKU0323,282,253,23,2
S025,SKU0324,143,108,74,4
S025,SKU0325,226,198,29,4
S025,SKU0326,168,151,43,5
S025,SKU0327,53,25,40,2
S025,SKU0328,82,70,79,6
S025,SKU0329,203,185,138,2
S025,SKU0330,212,190,53,4
S025,SKU0331,244,216,139,2
S025,SKU0332,224,201,57,7
S025,SKU0333,238,227,42,5
S025,SKU0334,55,20,31,6
S025,SKU0335,177,161,117,7
S025,SKU0336,244,223,52,2
S025,SKU0337,215,199,113,5
S025,SKU0338,111,95,60,7
S025,SKU0339,166,145,149,1
S025,SKU0340,132,122,110,5
S025,SKU0341,234,222,134,5
S025,SKU0342,144,122,56,2
S025,SKU0343,260,228,73,4
S025,SKU0344,150,134,116,3
S025,SKU0345,154,138,141,1
S025,SKU0346,106,69,48,4
S025,SKU0347,163,132,59,1
S025,SKU0348,275,253,93,4
S025,SKU0349,71,49,124,1
S025,SKU0350,85,58,33,3
S025,SKU0351,218,198,28,4
S025,SKU0352,56,35,133,3
S025,SKU0353,146,109,124,3
S025,SKU0354,269,234,139,5
S025,SKU0355,116,94,147,4
S025,SKU0356,231,203,126,4
S025,SKU0357,291,271,108,5
S025,SKU0358,296,283,26,6
S025,SKU0359,154,131,112,4
S025,SKU0360,167,155,32,2
S025,SKU0361,92,59,114,5
S025,SKU0362,190,171,40,2
S025,SKU0363,114,75,86,5
S025,SKU0364,218,188,89,3
S025,SKU0365,74,38,106,3
S025,SKU0366,97,78,28,7
S025,SKU0367,103,84,114,4
S025,SKU0368,165,128,25,4
S025,SKU0369,290,265,43,5
S025,SKU0370,181,161,108,3
S025,SKU0371,272,244,73,4
S025,SKU0372,283,268,49,7
S025,SKU0373,82,72,33,2
S025,SKU0374,236,204,64,3
S025,SKU0375,253,231,148,3
S025,SKU0376,167,151,134,4
S025,SKU0377,214,178,44,5
S025,SKU0378,97,87,122,5
S025,SKU0379,51,40,133,5
S025,SKU0380,151,135,112,2
S025,SKU0381,145,122,49,3
S025,SKU0382,125,92,138,2
S025,SKU0383,229,216,71,5
S025,SKU0384,239,220,57,4
S025,SKU0385,77,45,64,7
S025,SKU0386,218,190,74,1
S025,SKU0387,142,129,85,4
S025,SKU0388,148,116,64,2
S025,SKU0389,127,91,126,2
S025,SKU0390,256,218,141,3
S025,SKU0391,207,195,139,2
S025,SKU0392,80,47,76,4
S025,SKU0393,214,202,27,3
S025,SKU0394,54,15,50,2
S025,SKU0395,129,108,58,1
S025,SKU0396,274,241,76,2
S025,SKU0397,285,269,38,1
S025,SKU0398,192,159,100,2
S025,SKU0399,182,149,72,4
S025,SKU0400,173,139,96,7
S025,SKU0401,201,175,138,7
S025,SKU0402,221,186,51,5
S025,SKU0403,104,81,44,4
S025,SKU0404,219,190,91,5
S025,SKU0405,257,242,130,1
S025,SKU0406,109,77,31,6
S025,SKU0407,106,87,117,5
S025,SKU0408,56,34,77,7
S025,SKU0409,68,42,122,3
S025,SKU0410,92,80,89,1
S025,SKU0411,291,281,133,4
S025,SKU0412,237,227,89,2
S025,SKU0413,173,137,116,5
S025,SKU0414,180,170,112,3
S025,SKU0415,156,139,103,2
S025,SKU0416,280,259,135,4
S025,SKU0417,110,92,77,7
S025,SKU0418,283,263,54,2
S025,SKU0419,289,274,28,5
S025,SKU0420,98,62,135,4
S025,SKU0421,266,238,34,2
S025,SKU0422,99,64,116,3
S025,SKU0423,72,59,30,2
S025,SKU0424,254,239,95,5
S025,SKU0425,237,216,47,4
S025,SKU0426,195,165,53,3
S025,SKU0427,196,165,114,3
S025,SKU0428,259,225,134,2
S025,SKU0429,293,259,59,4
S025,SKU0430,79,41,58,5
S025,SKU0431,102,72,43,6
S025,SKU0432,146,127,48,1
S025,SKU0433,123,88,124,5
S025,SKU0434,275,247,124,4
S025,SKU0435,114,81,48,5
S025,SKU0436,200,190,27,4
S025,SKU0437,227,214,135,4
S025,SKU0438,158,144,124,4
S025,SKU0439,180,170,103,4
S025,SKU0440,162,139,55,6
S025,SKU0441,77,41,69,6
S025,SKU0442,159,148,25,1
S025,SKU0443,191,157,139,1
S025,SKU0444,123,111,83,5
S025,SKU0445,67,34,23,6
S025,SKU0446,234,197,40,2
S025,SKU0447,208,170,106,5
S025,SKU0448,91,72,71,1
S025,SKU0449,262,242,103,7
S025,SKU0450,279,269,146,3
S025,SKU0451,283,249,141,6
S025,SKU0452,250,222,69,1
S025,SKU0453,56,41,66,3
S025,SKU0454,104,77,90,2
S025,SKU0455,113,89,56,3
S025,SKU0456,132,98,125,2
S025,SKU0457,94,69,96,6
S025,SKU0458,278,268,137,2
S025,SKU0459,126,92,69,5
S025,SKU0460,296,279,141,1
S025,SKU0461,188,154,50,4
S025,SKU0462,260,245,111,5
S025,SKU0463,136,121,66,4
S025,SKU0464,72,40,130,4
S025,SKU0465,274,248,149,2
S025,SKU0466,177,167,53,1
S025,SKU0467,165,138,149,4
S025,SKU0468,96,63,55,2
S025,SKU0469,223,205,68,6
S025,SKU0470,271,232,145,5
S025,SKU0471,156,133,80,5
S025,SKU0472,243,225,92,1
S025,SKU0473,248,215,115,2
S025,SKU0474,139,122,129,1
S025,SKU0475,119,106,117,7
S025,SKU0476,83,56,85,4
S025,SKU0477,96,62,52,5
S025,SKU0478,116,90,148,4
S025,SKU0479,165,132,104,2
S025,SKU0480,196,169,88,3
S025,SKU0481,177,167,46,7
S025,SKU0482,188,150,36,2
S025,SKU0483,190,168,54,2
S025,SKU0484,62,51,113,1
S025,SKU0485,210,198,75,2
S025,SKU0486,215,179,59,1
S025,SKU0487,227,193,82,1
S025,SKU0488,265,239,139,3
S025,SKU0489,51,18,87,3
S025,SKU0490,288,254,104,3
S025,SKU0491,201,190,46,5
S025,SKU0492,147,117,109,3
S025,SKU0493,264,233,114,4
S025,SKU0494,84,70,110,6
S025,SKU0495,102,82,133,4
S025,SKU0496,55,35,85,4
S025,SKU0497,181,152,69,7
S025,SKU0498,201,187,127,6
S025,SKU0499,90,66,98,4
S025,SKU0500,156,141,58,4
S026,SKU0001,68,53,146,6
S026,SKU0002,198,184,82,7
S026,SKU0003,267,235,58,2
S026,SKU0004,134,102,77,3
S026,SKU0005,285,254,34,6
S026,SKU0006,226,198,54,6
S026,SKU0007,206,196,144,5
S026,SKU0008,108,78,100,4
S026,SKU0009,117,94,94,3
S026,SKU0010,122,107,42,2
S026,SKU0011,236,226,107,2
S026,SKU0012,107,82,137,1
S026,SKU0013,278,259,120,6
S026,SKU0014,139,129,138,6
S026,SKU0015,156,141,127,1
S026,SKU0016,89,57,60,6
S026,SKU0017,158,131,62,6
S026,SKU0018,275,239,49,5
S026,SKU0019,179,164,112,3
S026,SKU0020,64,49,39,3
S026,SKU0021,124,98,56,7
S026,SKU0022,76,41,98,6
S026,SKU0023,119,89,123,2
S026,SKU0024,248,230,62,7
S026,SKU0025,129,111,37,4
S026,SKU0026,271,246,52,3
S026,SKU0027,173,155,72,4
S026,SKU0028,76,55,135,5
S026,SKU0029,239,200,125,1
S026,SKU0030,57,33,90,6
S026,SKU0031,222,185,65,5
S026,SKU0032,53,25,137,5
S026,SKU0033,108,77,102,3
S026,SKU0034,191,167,51,7
S026,SKU0035,88,76,74,7
S026,SKU0036,217,178,76,5
S026,SKU0037,255,238,146,4
S026,SKU0038,145,123,39,3
S026,SKU0039,84,66,64,4
S026,SKU0040,290,251,149,7
S026,SKU0041,282,267,56,6
S026,SKU0042,189,163,120,4
S026,SKU0043,236,216,76,6
S026,SKU0044,247,235,60,6
S026,SKU0045,102,89,133,3
S026,SKU0046,246,220,146,5
S026,SKU0047,65,37,80,6
S026,SKU0048,86,53,133,2
S026,SKU0049,194,164,57,5
S026,SKU0050,259,244,115,3
S026,SKU0051,212,198,95,6
S026,SKU0052,169,155,79,6
S026,SKU0053,125,106,93,2
S026,SKU0054,58,33,80,7
S026,SKU0055,205,176,81,6
S026,SKU0056,278,258,103,7
S026,SKU0057,137,126,60,7
S026,SKU0058,244,222,25,1
S026,SKU0059,112,83,121,5
S026,SKU0060,67,36,128,1
S026,SKU0061,230,214,122,6
S026,SKU0062,139,118,129,3
S026,SKU0063,51,20,127,1
S026,SKU0064,77,49,26,5
S026,SKU0065,72,60,120,4
S026,SKU0066,179,156,69,7
S026,SKU0067,233,210,118,5
S026,SKU0068,92,77,65,1
S026,SKU0069,274,245,129,4
S026,SKU0070,75,52,78,4
S026,SKU0071,130,101,40,4
S026,SKU0072,189,150,27,6
S026,SKU0073,288,262,58,6
S026,SKU0074,72,36,96,4
S026,SKU0075,221,202,103,5
S026,SKU0076,282,270,49,4
S026,SKU0077,97,85,107,5
S026,SKU0078,112,83,20,1
S026,SKU0079,290,252,49,7
S026,SKU0080,164,150,86,7
S026,SKU0081,218,186,117,7
S026,SKU0082,269,231,92,2
S026,SKU0083,50,19,47,7
S026,SKU0084,225,213,124,5
S026,SKU0085,164,127,37,3
S026,SKU0086,246,234,61,1
S026,SKU0087,279,248,84,6
S026,SKU0088,123,113,68,4
S026,SKU0089,115,83,74,2
S026,SKU0090,226,207,49,6
S026,SKU0091,131,116,27,6
S026,SKU0092,81,42,34,1
S026,SKU0093,73,36,141,6
S026,SKU0094,201,166,134,2
S026,SKU0095,264,247,108,2
S026,SKU0096,253,242,55,1
S026,SKU0097,195,177,90,5
S026,SKU0098,118,97,143,1
S026,SKU0099,206,171,140,4
S026,SKU0100,249,224,109,3
S026,SKU0101,202,186,99,1
S026,SKU0102,240,216,129,4
S026,SKU0103,66,29,63,4
S026,SKU0104,223,213,47,3
S026,SKU0105,275,253,122,5
S026,SKU0106,51,18,28,2
S026,SKU0107,137,121,39,6
S026,SKU0108,258,248,117,3
S026,SKU0109,161,140,111,3
S026,SKU0110,202,169,98,5
S026,SKU0111,253,214,101,1
S026,SKU0112,297,272,66,6
S026,SKU0113,258,236,34,1
S026,SKU0114,87,59,113,4
S026,SKU0115,278,260,36,6
S026,SKU0116,53,29,132,5
S026,SKU0117,173,149,54,5
S026,SKU0118,159,125,132,7
S026,SKU0119,294,271,139,6
S026,SKU0120,268,233,132,5
S026,SKU0121,100,65,79,3
S026,SKU0122,211,197,61,3
S026,SKU0123,153,142,56,6
S026,SKU0124,267,250,39,2
S026,SKU0125,163,130,130,6
S026,SKU0126,279,261,136,4
S026,SKU0127,51,17,82,1
S026,SKU0128,228,212,27,4
S026,SKU0129,53,31,104,3
S026,SKU0130,228,192,137,4
S026,SKU0131,263,253,119,4
S026,SKU0132,224,189,59,4
S026,SKU0133,217,191,31,5
S026,SKU0134,169,141,55,6
S026,SKU0135,59,22,94,7
S026,SKU0136,214,190,37,1
S026,SKU0137,237,216,89,2
S026,SKU0138,277,245,135,4
S026,SKU0139,84,70,53,5
S026,SKU0140,290,274,50,7
S026,SKU0141,153,141,20,1
S026,SKU0142,299,279,78,1
S026,SKU0143,286,259,69,2
S026,SKU0144,67,35,52,4
S026,SKU0145,151,124,95,3
S026,SKU0146,284,254,140,1
S026,SKU0147,57,33,90,5
S026,SKU0148,176,164,81,4
S026,SKU0149,74,38,130,1
S026,SKU0150,172,157,147,3
S026,SKU0151,150,126,43,7
S026,SKU0152,235,211,112,3
S026,SKU0153,63,37,139,5
S026,SKU0154,126,87,139,5
S026,SKU0155,230,211,131,7
S026,SKU0156,137,122,83,3
S026,SKU0157,203,166,95,5
S026,SKU0158,51,30,38,3
S026,SKU0159,56,26,46,7
S026,SKU0160,61,49,112,4
S026,SKU0161,92,69,131,4
S026,SKU0162,227,196,45,3
S026,SKU0163,266,250,139,1
S026,SKU0164,119,92,93,7
S026,SKU0165,265,252,119,6
S026,SKU0166,171,152,74,6
S026,SKU0167,241,220,106,3
S026,SKU0168,254,226,133,2
S026,SKU0169,75,36,148,3
S026,SKU0170,272,236,40,6
S026,SKU0171,281,265,135,7
S026,SKU0172,85,53,119,2
S026,SKU0173,219,183,145,4
S026,SKU0174,65,53,103,5
S026,SKU0175,191,176,49,2
S026,SKU0176,181,149,133,3
S026,SKU0177,119,107,120,5
S026,SKU0178,161,129,137,7
S026,SKU0179,119,87,116,3
S026,SKU0180,245,210,96,3
S026,SKU0181,236,216,53,2
S026,SKU0182,64,43,87,6
S026,SKU0183,212,180,99,4
S026,SKU0184,149,138,129,2
S026,SKU0185,109,91,72,7
S026,SKU0186,165,149,67,6
S026,SKU0187,184,159,143,3
S026,SKU0188,69,49,42,2
S026,SKU0189,281,254,25,3
S026,SKU0190,88,66,63,3
S026,SKU0191,194,174,127,4
S026,SKU0192,243,205,30,2
S026,SKU0193,118,84,45,6
S026,SKU0194,124,105,141,2
S026,SKU0195,103,91,46,3
S026,SKU0196,73,41,24,5
S026,SKU0197,231,210,23,2
S026,SKU0198,84,52,118,6
S026,SKU0199,296,284,44,6
S026,SKU0200,130,99,104,7
S026,SKU0201,181,166,107,3
S026,SKU0202,152,125,143,6
S026,SKU0203,267,231,113,6
S026,SKU0204,169,137,89,7
S026,SKU0205,115,85,100,5
S026,SKU0206,180,149,101,3
S026,SKU0207,210,172,118,7
S026,SKU0208,247,226,43,3
S026,SKU0209,165,140,24,3
S026,SKU0210,97,70,82,5
S026,SKU0211,218,190,113,3
S026,SKU0212,228,194,26,6
S026,SKU0213,147,118,88,5
S026,SKU0214,103,64,103,3
S026,SKU0215,180,158,80,2
S026,SKU0216,250,222,23,7
S026,SKU0217,205,175,40,7
S026,SKU0218,79,56,120,4
S026,SKU0219,222,183,25,3
S026,SKU0220,235,213,133,4
S026,SKU0221,84,69,147,5
S026,SKU0222,262,247,100,7
S026,SKU0223,70,50,25,2
S026,SKU0224,185,157,40,3
S026,SKU0225,174,144,96,5
S026,SKU0226,235,205,27,3
S026,SKU0227,252,236,149,7
S026,SKU0228,221,202,111,1
S026,SKU0229,70,50,53,1
S026,SKU0230,118,91,146,7
S026,SKU0231,125,99,58,4
S026,SKU0232,119,102,64,4
S026,SKU0233,229,209,68,3
S026,SKU0234,147,112,57,2
S026,SKU0235,272,243,46,5
S026,SKU0236,149,139,105,3
S026,SKU0237,95,60,39,3
S026,SKU0238,155,119,146,5
S026,SKU0239,190,169,103,4
S026,SKU0240,209,189,30,5
S026,SKU0241,186,156,135,1
S026,SKU0242,270,253,136,3
S026,SKU0243,129,114,144,5
S026,SKU0244,244,217,35,5
S026,SKU0245,181,164,112,7
S026,SKU0246,150,131,141,5
S026,SKU0247,250,229,125,1
S026,SKU0248,211,199,82,2
S026,SKU0249,273,245,72,7
S026,SKU0250,146,125,142,3
S026,SKU0251,164,154,45,4
S026,SKU0252,294,278,43,6
S026,SKU0253,121,100,46,6
S026,SKU0254,254,242,40,1
S026,SKU0255,112,91,92,2
S026,SKU0256,213,195,39,1
S026,SKU0257,232,221,89,2
S026,SKU0258,262,241,65,5
S026,SKU0259,211,198,77,7
S026,SKU0260,111,91,20,4
S026,SKU0261,270,235,80,2
S026,SKU0262,62,27,46,5
S026,SKU0263,255,242,141,3
S026,SKU0264,57,27,50,2
S026,SKU0265,228,210,92,7
S026,SKU0266,158,144,79,6
S026,SKU0267,294,266,52,2
S026,SKU0268,199,170,140,7
S026,SKU0269,284,254,29,3
S026,SKU0270,293,258,120,2
S026,SKU0271,161,132,82,6
S026,SKU0272,224,186,26,4
S026,SKU0273,58,38,56,2
S026,SKU0274,218,181,57,3
S026,SKU0275,86,72,131,1
S026,SKU0276,202,178,100,7
S026,SKU0277,213,188,46,5
S026,SKU0278,221,207,80,2
S026,SKU0279,182,157,73,3
S026,SKU0280,55,20,86,7
S026,SKU0281,151,122,57,1
S026,SKU0282,219,185,26,7
S026,SKU0283,245,234,132,4
S026,SKU0284,240,211,85,7
S026,SKU0285,195,161,116,1
S026,SKU0286,232,198,23,6
S026,SKU0287,223,189,129,7
S026,SKU0288,186,148,139,5
S026,SKU0289,294,265,97,3
S026,SKU0290,298,263,85,6
S026,SKU0291,88,51,144,5
S026,SKU0292,179,140,27,5
S026,SKU0293,209,182,69,6
S026,SKU0294,137,125,60,6
S026,SKU0295,197,158,32,2
S026,SKU0296,291,268,123,3
S026,SKU0297,222,194,23,4
S026,SKU0298,115,76,54,2
S026,SKU0299,143,113,45,5
S026,SKU0300,219,196,83,3
S026,SKU0301,76,40,133,6
S026,SKU0302,211,176,136,3
S026,SKU0303,107,83,109,3
S026,SKU0304,245,217,146,7
S026,SKU0305,215,192,47,2
S026,SKU0306,145,128,99,1
S026,SKU0307,165,138,52,1
S026,SKU0308,100,72,43,3
S026,SKU0309,176,166,37,7
S026,SKU0310,67,51,109,5
S026,SKU0311,113,94,38,1
S026,SKU0312,62,31,40,2
S026,SKU0313,132,105,98,7
S026,SKU0314,245,215,121,2
S026,SKU0315,249,210,99,3
S026,SKU0316,215,189,32,1
S026,SKU0317,93,62,134,6
S026,SKU0318,167,147,134,5
S026,SKU0319,173,143,68,7
S026,SKU0320,254,219,109,4
S026,SKU0321,56,22,125,4
S026,SKU0322,249,212,81,4
S026,SKU0323,58,26,62,6
S026,SKU0324,98,60,68,2
S026,SKU0325,85,60,138,7
S026,SKU0326,51,22,100,7
S026,SKU0327,197,158,118,5
S026,SKU0328,220,196,107,3
S026,SKU0329,106,91,39,5
S026,SKU0330,104,67,90,3
S026,SKU0331,204,175,66,2
S026,SKU0332,50,36,76,3
S026,SKU0333,263,237,83,4
S026,SKU0334,212,179,148,4
S026,SKU0335,71,37,142,1
S026,SKU0336,139,123,99,3
S026,SKU0337,117,82,59,6
S026,SKU0338,283,244,24,4
S026,SKU0339,137,99,40,4
S026,SKU0340,297,265,20,2
S026,SKU0341,141,119,105,4
S026,SKU0342,189,162,54,4
S026,SKU0343,196,168,147,5
S026,SKU0344,52,31,114,2
S026,SKU0345,219,187,29,2
S026,SKU0346,210,191,134,7
S026,SKU0347,69,57,95,6
S026,SKU0348,247,230,42,2
S026,SKU0349,219,207,35,4
S026,SKU0350,231,218,68,7
S026,SKU0351,222,183,35,6
S026,SKU0352,61,29,146,1
S026,SKU0353,198,178,42,1
S026,SKU0354,176,142,58,6
S026,SKU0355,273,241,66,2
S026,SKU0356,115,94,122,7
S026,SKU0357,263,242,41,7
S026,SKU0358,296,281,124,5
S026,SKU0359,191,153,117,6
S026,SKU0360,277,267,104,6
S026,SKU0361,175,140,140,3
S026,SKU0362,245,219,43,3
S026,SKU0363,210,177,30,2
S026,SKU0364,193,180,30,2
S026,SKU0365,81,69,88,6
S026,SKU0366,296,282,47,1
S026,SKU0367,177,153,101,5
S026,SKU0368,293,265,95,2
S026,SKU0369,138,102,109,5
S026,SKU0370,164,132,85,6
S026,SKU0371,259,235,78,4
S026,SKU0372,112,88,61,1
S026,SKU0373,203,181,92,6
S026,SKU0374,105,71,47,3
S026,SKU0375,120,110,48,1
S026,SKU0376,145,134,48,1
S026,SKU0377,287,261,83,4
S026,SKU0378,202,174,74,5
S026,SKU0379,295,280,38,7
S026,SKU0380,113,99,114,6
S026,SKU0381,197,179,31,5
S026,SKU0382,285,272,50,1
S026,SKU0383,168,143,147,3
S026,SKU0384,257,226,89,3
S026,SKU0385,68,30,68,7
S026,SKU0386,277,248,114,4
S026,SKU0387,246,228,51,5
S026,SKU0388,235,212,94,6
S026,SKU0389,66,40,51,6
S026,SKU0390,257,222,93,6
S026,SKU0391,113,78,98,5
S026,SKU0392,177,148,54,7
S026,SKU0393,209,172,20,1
S026,SKU0394,155,136,34,4
S026,SKU0395,235,213,135,2
S026,SKU0396,120,105,120,7
S026,SKU0397,109,97,84,4
S026,SKU0398,168,158,131,3
S026,SKU0399,290,270,148,4
S026,SKU0400,276,266,90,3
S026,SKU0401,57,19,97,3
S026,SKU0402,214,184,122,5
S026,SKU0403,205,169,104,4
S026,SKU0404,235,201,78,3
S026,SKU0405,92,71,116,4
S026,SKU0406,128,111,20,3
S026,SKU0407,149,114,81,6
S026,SKU0408,174,162,132,5
S026,SKU0409,74,45,67,5
S026,SKU0410,160,130,63,4
S026,SKU0411,223,194,72,5
S026,SKU0412,233,220,52,1
S026,SKU0413,94,82,78,6
S026,SKU0414,63,40,118,5
S026,SKU0415,166,132,116,1
S026,SKU0416,108,89,45,7
S026,SKU0417,186,149,112,4
S026,SKU0418,247,213,102,6
S026,SKU0419,274,244,100,2
S026,SKU0420,124,86,85,5
S026,SKU0421,98,84,31,3
S026,SKU0422,117,86,147,7
S026,SKU0423,279,240,80,1
S026,SKU0424,109,87,137,2
S026,SKU0425,260,249,85,3
S026,SKU0426,81,59,90,6
S026,SKU0427,279,262,130,6
S026,SKU0428,130,96,130,5
S026,SKU0429,269,250,42,4
S026,SKU0430,139,114,44,7
S026,SKU0431,144,130,33,5
S026,SKU0432,195,172,104,1
S026,SKU0433,60,33,84,4
S026,SKU0434,295,279,102,6
S026,SKU0435,191,158,35,5
S026,SKU0436,224,198,61,5
S026,SKU0437,247,234,74,6
S026,SKU0438,289,252,108,3
S026,SKU0439,196,178,68,7
S026,SKU0440,287,270,32,2
S026,SKU0441,238,215,144,1
S026,SKU0442,216,181,71,7
S026,SKU0443,66,51,41,6
S026,SKU0444,272,244,58,5
S026,SKU0445,77,38,20,3
S026,SKU0446,172,143,145,5
S026,SKU0447,267,229,149,6
S026,SKU0448,220,201,131,2
S026,SKU0449,206,185,44,6
S026,SKU0450,182,172,95,5
S026,SKU0451,175,150,107,6
S026,SKU0452,146,108,71,3
S026,SKU0453,190,159,26,4
S026,SKU0454,196,161,104,1
S026,SKU0455,55,39,40,4
S026,SKU0456,76,56,55,7
S026,SKU0457,195,170,109,2
S026,SKU0458,171,149,86,7
S026,SKU0459,144,119,67,6
S026,SKU0460,215,187,147,3
S026,SKU0461,135,116,124,2
S026,SKU0462,190,177,66,7
S026,SKU0463,190,169,23,7
S026,SKU0464,176,146,76,2
S026,SKU0465,79,52,114,2
S026,SKU0466,105,66,138,1
S026,SKU0467,112,96,116,4
S026,SKU0468,168,152,138,6
S026,SKU0469,272,257,129,5
S026,SKU0470,218,179,55,7
S026,SKU0471,108,71,55,6
S026,SKU0472,174,161,36,7
S026,SKU0473,282,267,75,1
S026,SKU0474,166,136,78,1
S026,SKU0475,105,71,74,3
S026,SKU0476,193,162,149,5
S026,SKU0477,174,143,65,2
S026,SKU0478,55,30,146,4
S026,SKU0479,226,198,135,5
S026,SKU0480,57,26,55,3
S026,SKU0481,75,60,20,5
S026,SKU0482,284,272,126,1
S026,SKU0483,288,261,74,5
S026,SKU0484,190,165,26,1
S026,SKU0485,76,57,31,4
S026,SKU0486,73,37,78,7
S026,SKU0487,72,62,139,4
S026,SKU0488,172,157,116,3
S026,SKU0489,195,184,26,4
S026,SKU0490,111,93,32,5
S026,SKU0491,132,122,64,2
S026,SKU0492,135,103,137,3
S026,SKU0493,205,171,108,5
S026,SKU0494,193,171,126,4
S026,SKU0495,241,221,48,2
S026,SKU0496,156,140,147,4
S026,SKU0497,223,196,99,5
S026,SKU0498,70,54,50,6
S026,SKU0499,76,43,48,2
S026,SKU0500,134,106,102,7
S027,SKU0001,186,165,41,7
S027,SKU0002,198,175,50,7
S027,SKU0003,266,246,45,7
S027,SKU0004,211,186,101,5
S027,SKU0005,201,177,73,4
S027,SKU0006,100,67,113,5
S027,SKU0007,94,58,130,4
S027,SKU0008,226,208,52,4
S027,SKU0009,202,177,95,2
S027,SKU0010,84,52,58,2
S027,SKU0011,143,107,50,2
S027,SKU0012,210,189,113,1
S027,SKU0013,85,46,135,7
S027,SKU0014,256,231,21,7
S027,SKU0015,247,230,136,4
S027,SKU0016,86,76,57,7
S027,SKU0017,252,218,44,1
S027,SKU0018,91,79,143,3
S027,SKU0019,189,161,33,6
S027,SKU0020,71,46,75,3
S027,SKU0021,77,60,142,6
S027,SKU0022,117,97,23,4
S027,SKU0023,231,214,74,3
S027,SKU0024,66,27,44,3
S027,SKU0025,209,180,98,3
S027,SKU0026,275,259,145,2
S027,SKU0027,118,82,109,4
S027,SKU0028,224,214,35,7
S027,SKU0029,158,119,132,4
S027,SKU0030,248,214,27,4
S027,SKU0031,225,188,140,1
S027,SKU0032,228,216,141,6
S027,SKU0033,59,23,34,2
S027,SKU0034,197,185,46,6
S027,SKU0035,279,246,134,5
S027,SKU0036,202,185,105,7
S027,SKU0037,92,79,38,7
S027,SKU0038,65,43,113,1
S027,SKU0039,101,69,24,2
S027,SKU0040,64,26,93,2
S027,SKU0041,214,199,145,6
S027,SKU0042,169,155,69,7
S027,SKU0043,93,63,73,4
S027,SKU0044,208,194,52,6
S027,SKU0045,267,245,104,5
S027,SKU0046,74,46,100,5
S027,SKU0047,288,276,142,3
S027,SKU0048,220,181,145,5
S027,SKU0049,109,79,54,4
S027,SKU0050,285,254,106,4
S027,SKU0051,129,95,74,5
S027,SKU0052,128,109,58,7
S027,SKU0053,287,266,80,3
S027,SKU0054,150,138,91,2
S027,SKU0055,55,33,119,1
S027,SKU0056,131,116,58,3
S027,SKU0057,149,139,125,5
S027,SKU0058,124,108,51,1
S027,SKU0059,90,54,21,2
S027,SKU0060,240,211,126,2
S027,SKU0061,298,263,23,5
S027,SKU0062,169,130,24,7
S027,SKU0063,65,42,35,7
S027,SKU0064,190,154,23,5
S027,SKU0065,61,47,83,6
S027,SKU0066,113,102,125,4
S027,SKU0067,185,146,37,2
S027,SKU0068,283,246,90,2
S027,SKU0069,256,217,58,1
S027,SKU0070,169,151,135,7
S027,SKU0071,250,240,53,4
S027,SKU0072,117,95,20,1
S027,SKU0073,179,146,118,6
S027,SKU0074,289,263,84,6
S027,SKU0075,113,81,126,1
S027,SKU0076,122,90,50,5
S027,SKU0077,73,46,53,7
S027,SKU0078,242,209,102,6
S027,SKU0079,59,49,61,7
S027,SKU0080,264,235,91,4
S027,SKU0081,81,69,29,4
S027,SKU0082,71,46,106,1
S027,SKU0083,286,255,136,7
S027,SKU0084,282,260,124,1
S027,SKU0085,76,62,66,4
S027,SKU0086,293,279,77,5
S027,SKU0087,268,246,82,4
S027,SKU0088,187,159,69,7
S027,SKU0089,105,86,70,5
S027,SKU0090,172,134,113,4
S027,SKU0091,267,248,31,7
S027,SKU0092,136,97,26,5
S027,SKU0093,92,74,85,7
S027,SKU0094,100,76,147,1
S027,SKU0095,298,264,119,3
S027,SKU0096,147,110,84,1
S027,SKU0097,157,124,131,1
S027,SKU0098,279,254,80,4
S027,SKU0099,190,158,116,3
S027,SKU0100,56,23,129,5
S027,SKU0101,244,224,45,7
S027,SKU0102,243,219,129,2
S027,SKU0103,76,56,102,6
S027,SKU0104,295,276,51,3
S027,SKU0105,252,229,133,7
S027,SKU0106,166,144,36,3
S027,SKU0107,115,102,30,5
S027,SKU0108,111,77,43,1
S027,SKU0109,255,228,112,7
S027,SKU0110,210,178,148,2
S027,SKU0111,195,157,78,7
S027,SKU0112,64,30,106,6
S027,SKU0113,260,235,50,1
S027,SKU0114,133,113,126,5
S027,SKU0115,178,162,110,2
S027,SKU0116,86,48,149,4
S027,SKU0117,60,31,32,3
S027,SKU0118,196,183,42,5
S027,SKU0119,264,235,22,2
S027,SKU0120,137,103,145,4
S027,SKU0121,254,243,131,2
S027,SKU0122,55,31,49,1
S027,SKU0123,231,197,117,7
S027,SKU0124,267,230,140,4
S027,SKU0125,151,119,82,7
S027,SKU0126,199,167,130,6
S027,SKU0127,299,261,76,2
S027,SKU0128,102,76,118,6
S027,SKU0129,61,28,81,2
S027,SKU0130,238,203,128,1
S027,SKU0131,77,55,74,7
S027,SKU0132,96,81,144,4
S027,SKU0133,169,138,60,1
S027,SKU0134,269,231,138,6
S027,SKU0135,223,202,21,6
S027,SKU0136,270,238,116,1
S027,SKU0137,269,232,106,6
S027,SKU0138,243,230,146,7
S027,SKU0139,123,94,56,3
S027,SKU0140,196,160,142,4
S027,SKU0141,71,47,121,1
S027,SKU0142,133,110,115,4
S027,SKU0143,100,85,47,4
S027,SKU0144,50,25,66,7
S027,SKU0145,164,145,123,1
S027,SKU0146,292,261,44,5
S027,SKU0147,290,257,20,6
S027,SKU0148,175,154,104,5
S027,SKU0149,297,264,118,3
S027,SKU0150,184,159,142,3
S027,SKU0151,103,74,109,5
S027,SKU0152,110,93,145,7
S027,SKU0153,81,46,36,2
S027,SKU0154,276,238,95,7
S027,SKU0155,155,134,130,1
S027,SKU0156,272,250,136,4
S027,SKU0157,52,30,139,4
S027,SKU0158,279,251,50,5
S027,SKU0159,92,78,62,6
S027,SKU0160,293,259,117,5
S027,SKU0161,295,256,82,6
S027,SKU0162,92,76,73,5
S027,SKU0163,86,71,108,4
S027,SKU0164,109,79,43,7
S027,SKU0165,90,74,111,5
S027,SKU0166,56,41,128,2
S027,SKU0167,176,162,128,6
S027,SKU0168,242,208,68,5
S027,SKU0169,73,58,123,5
S027,SKU0170,102,89,53,1
S027,SKU0171,247,213,133,7
S027,SKU0172,51,16,96,2
S027,SKU0173,162,139,139,1
S027,SKU0174,296,260,149,3
S027,SKU0175,87,69,79,2
S027,SKU0176,203,187,101,4
S027,SKU0177,277,243,64,1
S027,SKU0178,285,259,83,2
S027,SKU0179,116,106,69,5
S027,SKU0180,126,94,136,1
S027,SKU0181,229,214,64,7
S027,SKU0182,53,30,76,7
S027,SKU0183,156,130,126,4
S027,SKU0184,144,115,102,3
S027,SKU0185,200,169,122,3
S027,SKU0186,234,196,121,4
S027,SKU0187,88,75,108,7
S027,SKU0188,202,164,110,5
S027,SKU0189,65,28,113,6
S027,SKU0190,228,192,36,4
S027,SKU0191,101,89,29,5
S027,SKU0192,117,79,116,1
S027,SKU0193,87,76,52,6
S027,SKU0194,174,144,68,6
S027,SKU0195,85,58,149,5
S027,SKU0196,212,183,115,5
S027,SKU0197,252,234,72,2
S027,SKU0198,73,57,149,7
S027,SKU0199,67,28,111,5
S027,SKU0200,234,198,40,2
S027,SKU0201,164,142,46,7
S027,SKU0202,152,124,36,2
S027,SKU0203,98,63,107,4
S027,SKU0204,191,174,139,4
S027,SKU0205,181,167,144,4
S027,SKU0206,242,223,125,5
S027,SKU0207,118,105,27,4
S027,SKU0208,167,136,65,4
S027,SKU0209,103,72,113,3
S027,SKU0210,168,151,87,2
S027,SKU0211,200,170,148,3
S027,SKU0212,244,210,145,7
S027,SKU0213,115,88,127,4
S027,SKU0214,131,97,106,1
S027,SKU0215,77,67,100,4
S027,SKU0216,261,244,67,7
S027,SKU0217,258,231,84,5
S027,SKU0218,95,67,104,5
S027,SKU0219,257,226,97,5
S027,SKU0220,261,245,93,3
S027,SKU0221,71,58,116,4
S027,SKU0222,184,174,54,7
S027,SKU0223,103,85,77,1
S027,SKU0224,72,36,48,7
S027,SKU0225,146,118,73,4
S027,SKU0226,85,64,141,3
S027,SKU0227,226,216,148,2
S027,SKU0228,274,258,64,6
S027,SKU0229,148,112,109,6
S027,SKU0230,117,102,39,1
S027,SKU0231,164,126,89,7
S027,SKU0232,116,82,30,3
S027,SKU0233,256,223,110,1
S027,SKU0234,284,274,89,5
S027,SKU0235,211,176,56,3
S027,SKU0236,264,225,100,5
S027,SKU0237,278,259,70,5
S027,SKU0238,287,267,96,4
S027,SKU0239,193,165,44,3
S027,SKU0240,254,242,144,3
S027,SKU0241,109,87,90,6
S027,SKU0242,71,37,44,4
S027,SKU0243,184,163,112,1
S027,SKU0244,298,266,33,1
S027,SKU0245,235,200,122,4
S027,SKU0246,294,281,44,7
S027,SKU0247,196,173,96,3
S027,SKU0248,293,277,143,2
S027,SKU0249,273,240,110,1
S027,SKU0250,114,96,46,1
S027,SKU0251,275,247,29,3
S027,SKU0252,187,159,148,7
S027,SKU0253,155,128,109,4
S027,SKU0254,268,241,115,6
S027,SKU0255,127,114,111,7
S027,SKU0256,266,251,149,4
S027,SKU0257,167,140,130,1
S027,SKU0258,182,152,89,5
S027,SKU0259,228,202,110,6
S027,SKU0260,239,211,110,5
S027,SKU0261,61,24,103,2
S027,SKU0262,255,244,96,6
S027,SKU0263,185,160,101,7
S027,SKU0264,261,250,127,4
S027,SKU0265,263,252,44,1
S027,SKU0266,286,267,120,6
S027,SKU0267,109,81,60,3
S027,SKU0268,245,210,42,4
S027,SKU0269,193,179,73,4
S027,SKU0270,265,251,39,5
S027,SKU0271,149,139,23,3
S027,SKU0272,260,231,44,3
S027,SKU0273,177,153,51,3
S027,SKU0274,194,184,133,6
S027,SKU0275,235,221,29,4
S027,SKU0276,166,132,135,1
S027,SKU0277,116,102,132,4
S027,SKU0278,120,95,122,7
S027,SKU0279,221,193,111,7
S027,SKU0280,257,235,108,2
S027,SKU0281,131,112,149,1
S027,SKU0282,53,35,74,1
S027,SKU0283,273,253,132,3
S027,SKU0284,118,98,98,7
S027,SKU0285,187,157,123,4
S027,SKU0286,263,253,22,6
S027,SKU0287,241,205,64,7
S027,SKU0288,155,120,77,5
S027,SKU0289,66,51,85,4
S027,SKU0290,175,162,75,5
S027,SKU0291,194,184,141,2
S027,SKU0292,256,238,133,2
S027,SKU0293,142,104,83,5
S027,SKU0294,299,270,118,2
S027,SKU0295,185,165,41,7
S027,SKU0296,288,272,74,5
S027,SKU0297,237,216,49,6
S027,SKU0298,267,237,66,4
S027,SKU0299,212,180,35,2
S027,SKU0300,116,81,144,3
S027,SKU0301,227,212,116,4
S027,SKU0302,139,120,74,5
S027,SKU0303,161,147,32,2
S027,SKU0304,91,73,29,4
S027,SKU0305,98,73,62,2
S027,SKU0306,84,66,121,3
S027,SKU0307,235,215,78,6
S027,SKU0308,155,128,49,6
S027,SKU0309,283,245,98,7
S027,SKU0310,160,123,56,1
S027,SKU0311,234,198,129,4
S027,SKU0312,53,33,76,2
S027,SKU0313,280,261,76,7
S027,SKU0314,172,142,51,4
S027,SKU0315,251,233,112,5
S027,SKU0316,194,164,29,3
S027,SKU0317,233,204,85,6
S027,SKU0318,210,182,92,6
S027,SKU0319,205,193,84,1
S027,SKU0320,76,51,44,7
S027,SKU0321,116,101,107,1
S027,SKU0322,231,200,147,6
S027,SKU0323,196,160,104,2
S027,SKU0324,137,108,119,2
S027,SKU0325,173,163,23,6
S027,SKU0326,163,141,20,1
S027,SKU0327,53,17,139,7
S027,SKU0328,272,239,121,5
S027,SKU0329,276,248,123,3
S027,SKU0330,55,41,118,4
S027,SKU0331,177,142,129,3
S027,SKU0332,69,45,87,7
S027,SKU0333,173,155,147,5
S027,SKU0334,58,47,89,1
S027,SKU0335,277,241,62,2
S027,SKU0336,233,200,85,1
S027,SKU0337,166,128,116,6
S027,SKU0338,179,160,48,2
S027,SKU0339,266,230,37,4
S027,SKU0340,181,168,58,3
S027,SKU0341,79,41,25,2
S027,SKU0342,55,26,54,6
S027,SKU0343,246,209,74,1
S027,SKU0344,128,95,46,3
S027,SKU0345,59,49,66,7
S027,SKU0346,185,162,119,2
S027,SKU0347,58,32,104,6
S027,SKU0348,157,132,29,1
S027,SKU0349,215,177,120,5
S027,SKU0350,262,233,142,3
S027,SKU0351,232,222,68,5
S027,SKU0352,229,205,90,6
S027,SKU0353,162,139,112,4
S027,SKU0354,51,12,63,1
S027,SKU0355,191,155,57,6
S027,SKU0356,86,73,47,4
S027,SKU0357,158,129,137,7
S027,SKU0358,65,30,38,6
S027,SKU0359,171,144,128,5
S027,SKU0360,220,182,120,4
S027,SKU0361,146,119,90,1
S027,SKU0362,198,163,62,7
S027,SKU0363,180,145,95,5
S027,SKU0364,197,174,64,3
S027,SKU0365,281,265,41,5
S027,SKU0366,251,222,66,2
S027,SKU0367,221,204,123,6
S027,SKU0368,180,169,20,7
S027,SKU0369,271,247,84,4
S027,SKU0370,205,186,118,3
S027,SKU0371,290,254,55,3
S027,SKU0372,230,194,72,1
S027,SKU0373,78,48,91,5
S027,SKU0374,156,127,115,7
S027,SKU0375,140,127,40,2
S027,SKU0376,101,80,93,3
S027,SKU0377,273,249,82,7
S027,SKU0378,284,249,28,2
S027,SKU0379,142,128,135,5
S027,SKU0380,100,77,49,7
S027,SKU0381,137,106,38,3
S027,SKU0382,72,57,35,1
S027,SKU0383,262,238,110,3
S027,SKU0384,149,116,30,2
S027,SKU0385,153,115,40,3
S027,SKU0386,68,50,48,4
S027,SKU0387,291,262,22,3
S027,SKU0388,126,108,84,3
S027,SKU0389,130,94,36,6
S027,SKU0390,157,133,82,4
S027,SKU0391,154,128,140,3
S027,SKU0392,141,109,37,3
S027,SKU0393,56,32,36,2
S027,SKU0394,82,53,112,1
S027,SKU0395,96,60,70,3
S027,SKU0396,254,232,20,4
S027,SKU0397,182,156,61,2
S027,SKU0398,240,222,36,3
S027,SKU0399,79,50,80,1
S027,SKU0400,116,84,93,5
S027,SKU0401,115,84,99,4
S027,SKU0402,159,147,23,2
S027,SKU0403,63,52,34,6
S027,SKU0404,192,175,92,5
S027,SKU0405,113,93,137,7
S027,SKU0406,166,156,100,2
S027,SKU0407,125,110,75,5
S027,SKU0408,177,157,99,7
S027,SKU0409,247,226,78,4
S027,SKU0410,288,252,92,6
S027,SKU0411,253,225,45,1
S027,SKU0412,124,105,49,6
S027,SKU0413,271,238,87,3
S027,SKU0414,228,208,21,4
S027,SKU0415,199,171,37,7
S027,SKU0416,291,261,51,1
S027,SKU0417,151,130,62,2
S027,SKU0418,269,247,58,7
S027,SKU0419,271,253,22,2
S027,SKU0420,215,187,22,1
S027,SKU0421,87,56,141,1
S027,SKU0422,218,205,81,3
S027,SKU0423,144,108,133,3
S027,SKU0424,210,193,31,6
S027,SKU0425,230,217,36,2
S027,SKU0426,281,267,84,1
S027,SKU0427,65,52,120,7
S027,SKU0428,238,227,131,5
S027,SKU0429,102,83,106,5
S027,SKU0430,121,100,133,1
S027,SKU0431,174,141,86,2
S027,SKU0432,111,83,121,4
S027,SKU0433,118,102,65,2
S027,SKU0434,252,220,65,1
S027,SKU0435,124,85,135,5
S027,SKU0436,74,64,35,1
S027,SKU0437,85,61,68,2
S027,SKU0438,216,182,97,2
S027,SKU0439,186,166,149,4
S027,SKU0440,116,90,48,4
S027,SKU0441,108,95,76,7
S027,SKU0442,152,125,93,3
S027,SKU0443,155,120,140,1
S027,SKU0444,254,220,110,4
S027,SKU0445,268,248,52,6
S027,SKU0446,161,129,115,7
S027,SKU0447,115,97,122,1
S027,SKU0448,213,196,83,1
S027,SKU0449,151,133,133,1
S027,SKU0450,273,241,29,6
S027,SKU0451,198,182,113,6
S027,SKU0452,52,14,83,2
S027,SKU0453,296,283,26,7
S027,SKU0454,165,126,118,2
S027,SKU0455,292,264,99,7
S027,SKU0456,69,51,41,1
S027,SKU0457,51,28,26,4
S027,SKU0458,171,138,62,5
S027,SKU0459,122,86,93,5
S027,SKU0460,216,201,84,6
S027,SKU0461,138,117,41,2
S027,SKU0462,238,214,105,2
S027,SKU0463,203,183,106,3
S027,SKU0464,56,36,144,1
S027,SKU0465,210,187,149,7
S027,SKU0466,283,258,74,1
S027,SKU0467,191,168,128,1
S027,SKU0468,120,89,42,3
S027,SKU0469,93,81,139,3
S027,SKU0470,67,44,67,4
S027,SKU0471,296,265,25,1
S027,SKU0472,149,116,62,6
S027,SKU0473,225,198,97,2
S027,SKU0474,255,237,80,3
S027,SKU0475,80,42,67,4
S027,SKU0476,164,128,49,6
S027,SKU0477,164,145,62,5
S027,SKU0478,264,242,87,6
S027,SKU0479,227,209,45,4
S027,SKU0480,253,228,32,5
S027,SKU0481,148,118,90,4
S027,SKU0482,213,192,68,3
S027,SKU0483,176,150,86,3
S027,SKU0484,153,114,70,1
S027,SKU0485,164,130,71,3
S027,SKU0486,58,30,77,5
S027,SKU0487,80,54,143,7
S027,SKU0488,239,221,75,6
S027,SKU0489,113,92,92,5
S027,SKU0490,146,117,112,4
S027,SKU0491,216,178,36,1
S027,SKU0492,74,48,46,4
S027,SKU0493,262,231,107,7
S027,SKU0494,275,257,144,1
S027,SKU0495,197,180,53,4
S027,SKU0496,199,167,76,7
S027,SKU0497,100,89,98,3
S027,SKU0498,271,246,143,5
S027,SKU0499,231,214,127,5
S027,SKU0500,50,19,146,3
S028,SKU0001,295,277,114,5
S028,SKU0002,211,198,144,5
S028,SKU0003,197,169,70,3
S028,SKU0004,195,157,119,7
S028,SKU0005,267,247,48,5
S028,SKU0006,52,28,26,3
S028,SKU0007,231,198,37,6
S028,SKU0008,61,24,97,6
S028,SKU0009,290,256,117,3
S028,SKU0010,228,194,21,7
S028,SKU0011,228,211,23,7
S028,SKU0012,178,145,40,6
S028,SKU0013,167,141,102,7
S028,SKU0014,78,47,23,2
S028,SKU0015,69,32,138,3
S028,SKU0016,85,57,59,3
S028,SKU0017,289,278,40,6
S028,SKU0018,72,37,47,1
S028,SKU0019,172,139,53,4
S028,SKU0020,201,183,133,3
S028,SKU0021,287,272,78,7
S028,SKU0022,166,152,94,7
S028,SKU0023,212,181,145,7
S028,SKU0024,59,28,59,6
S028,SKU0025,151,135,84,6
S028,SKU0026,132,96,65,4
S028,SKU0027,140,114,52,4
S028,SKU0028,280,270,105,1
S028,SKU0029,171,145,44,5
S028,SKU0030,204,165,85,1
S028,SKU0031,232,202,115,6
S028,SKU0032,248,219,98,1
S028,SKU0033,277,243,139,6
S028,SKU0034,168,138,71,4
S028,SKU0035,287,257,103,3
S028,SKU0036,149,113,41,6
S028,SKU0037,225,189,34,6
S028,SKU0038,179,156,86,6
S028,SKU0039,276,241,23,7
S028,SKU0040,106,69,94,6
S028,SKU0041,284,258,110,2
S028,SKU0042,102,72,122,5
S028,SKU0043,202,172,84,4
S028,SKU0044,228,196,69,1
S028,SKU0045,141,103,106,5
S028,SKU0046,133,107,75,2
S028,SKU0047,155,126,80,5
S028,SKU0048,97,68,60,1
S028,SKU0049,193,178,48,1
S028,SKU0050,81,59,42,2
S028,SKU0051,140,109,48,2
S028,SKU0052,214,188,114,6
S028,SKU0053,280,259,59,6
S028,SKU0054,211,182,48,6
S028,SKU0055,297,264,71,4
S028,SKU0056,290,270,84,5
S028,SKU0057,253,236,123,3
S028,SKU0058,65,42,60,6
S028,SKU0059,168,135,145,2
S028,SKU0060,78,52,97,5
S028,SKU0061,291,271,114,7
S028,SKU0062,155,141,128,5
S028,SKU0063,56,29,65,1
S028,SKU0064,118,95,98,3
S028,SKU0065,184,151,142,1
S028,SKU0066,74,37,52,1
S028,SKU0067,72,35,122,3
S028,SKU0068,212,195,60,6
S028,SKU0069,109,88,63,4
S028,SKU0070,71,52,34,7
S028,SKU0071,122,111,100,5
S028,SKU0072,109,76,101,1
S028,SKU0073,177,166,39,2
S028,SKU0074,116,93,59,4
S028,SKU0075,190,162,145,5
S028,SKU0076,252,219,104,5
S028,SKU0077,201,163,115,7
S028,SKU0078,216,186,41,2
S028,SKU0079,290,270,56,4
S028,SKU0080,219,194,54,6
S028,SKU0081,167,156,42,6
S028,SKU0082,129,98,58,7
S028,SKU0083,298,260,113,2
S028,SKU0084,157,140,100,1
S028,SKU0085,229,212,61,3
S028,SKU0086,119,108,135,2
S028,SKU0087,107,81,105,2
S028,SKU0088,103,93,69,6
S028,SKU0089,151,129,95,4
S028,SKU0090,185,157,132,5
S028,SKU0091,235,196,82,4
S028,SKU0092,160,128,46,6
S028,SKU0093,230,217,43,5
S028,SKU0094,130,113,133,2
S028,SKU0095,119,107,129,1
S028,SKU0096,137,103,120,3
S028,SKU0097,112,89,42,1
S028,SKU0098,229,210,81,5
S028,SKU0099,204,193,58,2
S028,SKU0100,131,94,98,3
S028,SKU0101,169,148,125,5
S028,SKU0102,107,86,31,3
S028,SKU0103,57,23,121,2
S028,SKU0104,267,228,141,5
S028,SKU0105,105,71,136,3
S028,SKU0106,254,234,106,3
S028,SKU0107,218,183,48,5
S028,SKU0108,170,148,70,6
S028,SKU0109,218,194,120,4
S028,SKU0110,155,137,57,6
S028,SKU0111,188,167,116,2
S028,SKU0112,211,185,141,1
S028,SKU0113,190,152,134,5
S028,SKU0114,99,82,132,3
S028,SKU0115,239,205,35,7
S028,SKU0116,82,71,88,2
S028,SKU0117,124,94,131,6
S028,SKU0118,225,196,116,5
S028,SKU0119,110,96,120,7
S028,SKU0120,239,222,138,7
S028,SKU0121,189,153,39,2
S028,SKU0122,236,201,21,2
S028,SKU0123,207,197,60,5
S028,SKU0124,85,70,27,1
S028,SKU0125,160,129,64,2
S028,SKU0126,273,245,138,2
S028,SKU0127,58,36,142,4
S028,SKU0128,284,250,115,6
S028,SKU0129,204,188,81,1
S028,SKU0130,58,35,27,4
S028,SKU0131,65,37,67,4
S028,SKU0132,120,99,66,5
S028,SKU0133,276,255,58,3
S028,SKU0134,52,35,140,3
S028,SKU0135,172,154,97,7
S028,SKU0136,85,51,129,7
S028,SKU0137,99,78,140,2
S028,SKU0138,257,245,94,1
S028,SKU0139,260,247,52,3
S028,SKU0140,291,267,55,7
S028,SKU0141,68,54,33,7
S028,SKU0142,229,199,98,7
S028,SKU0143,130,117,138,3
S028,SKU0144,271,232,68,6
S028,SKU0145,119,91,137,4
S028,SKU0146,77,47,112,6
S028,SKU0147,206,170,146,6
S028,SKU0148,71,48,84,6
S028,SKU0149,84,74,125,7
S028,SKU0150,196,169,94,7
S028,SKU0151,139,126,107,1
S028,SKU0152,215,178,31,5
S028,SKU0153,262,249,130,1
S028,SKU0154,206,187,138,4
S028,SKU0155,144,112,30,3
S028,SKU0156,282,264,80,5
S028,SKU0157,293,276,63,1
S028,SKU0158,216,187,74,4
S028,SKU0159,71,42,47,6
S028,SKU0160,203,170,144,6
S028,SKU0161,126,103,74,6
S028,SKU0162,148,131,135,7
S028,SKU0163,202,183,51,1
S028,SKU0164,284,264,75,3
S028,SKU0165,86,52,33,5
S028,SKU0166,121,86,146,5
S028,SKU0167,111,89,64,3
S028,SKU0168,171,148,30,2
S028,SKU0169,103,69,37,1
S028,SKU0170,142,116,34,3
S028,SKU0171,205,182,109,2
S028,SKU0172,270,231,100,6
S028,SKU0173,103,77,61,5
S028,SKU0174,173,151,65,2
S028,SKU0175,136,120,89,1
S028,SKU0176,195,158,70,5
S028,SKU0177,195,182,23,4
S028,SKU0178,83,55,109,7
S028,SKU0179,210,191,114,2
S028,SKU0180,203,165,98,6
S028,SKU0181,291,258,75,5
S028,SKU0182,152,122,68,6
S028,SKU0183,188,153,39,1
S028,SKU0184,57,38,137,1
S028,SKU0185,54,43,38,2
S028,SKU0186,100,78,101,6
S028,SKU0187,115,97,54,4
S028,SKU0188,123,102,80,4
S028,SKU0189,89,57,85,1
S028,SKU0190,165,153,42,6
S028,SKU0191,200,182,99,4
S028,SKU0192,151,139,121,5
S028,SKU0193,245,235,87,3
S028,SKU0194,81,43,148,6
S028,SKU0195,241,226,98,3
S028,SKU0196,218,186,146,4
S028,SKU0197,75,55,57,4
S028,SKU0198,275,256,148,6
S028,SKU0199,116,102,63,3
S028,SKU0200,204,170,78,3
S028,SKU0201,250,221,34,4
S028,SKU0202,154,127,141,7
S028,SKU0203,287,259,70,2
S028,SKU0204,104,82,110,7
S028,SKU0205,129,109,30,1
S028,SKU0206,275,242,58,6
S028,SKU0207,298,260,27,5
S028,SKU0208,252,233,91,1
S028,SKU0209,170,159,114,6
S028,SKU0210,190,165,81,2
S028,SKU0211,246,211,96,1
S028,SKU0212,246,218,81,2
S028,SKU0213,138,116,69,6
S028,SKU0214,130,114,46,4
S028,SKU0215,151,134,129,6
S028,SKU0216,150,119,56,6
S028,SKU0217,227,207,67,4
S028,SKU0218,262,227,149,4
S028,SKU0219,74,55,56,3
S028,SKU0220,296,285,73,5
S028,SKU0221,292,258,30,5
S028,SKU0222,257,238,75,1
S028,SKU0223,152,113,129,1
S028,SKU0224,183,152,46,7
S028,SKU0225,205,190,127,7
S028,SKU0226,204,187,68,4
S028,SKU0227,64,53,115,3
S028,SKU0228,96,57,139,7
S028,SKU0229,183,145,51,5
S028,SKU0230,242,209,76,6
S028,SKU0231,112,95,130,4
S028,SKU0232,282,261,143,4
S028,SKU0233,208,175,28,5
S028,SKU0234,257,242,131,2
S028,SKU0235,227,209,28,2
S028,SKU0236,136,113,136,4
S028,SKU0237,256,237,148,2
S028,SKU0238,55,30,103,3
S028,SKU0239,148,137,20,4
S028,SKU0240,125,113,104,2
S028,SKU0241,83,48,135,6
S028,SKU0242,297,274,87,4
S028,SKU0243,134,97,140,2
S028,SKU0244,57,24,80,7
S028,SKU0245,61,50,45,2
S028,SKU0246,122,95,65,3
S028,SKU0247,226,194,52,2
S028,SKU0248,85,59,141,4
S028,SKU0249,101,85,149,6
S028,SKU0250,185,160,105,2
S028,SKU0251,128,100,135,7
S028,SKU0252,54,35,84,4
S028,SKU0253,297,280,121,3
S028,SKU0254,52,24,72,5
S028,SKU0255,118,87,85,3
S028,SKU0256,205,179,95,6
S028,SKU0257,62,33,43,6
S028,SKU0258,141,117,106,6
S028,SKU0259,263,248,58,1
S028,SKU0260,68,49,114,6
S028,SKU0261,70,35,80,3
S028,SKU0262,239,209,100,1
S028,SKU0263,253,241,22,6
S028,SKU0264,56,31,128,3
S028,SKU0265,200,169,86,1
S028,SKU0266,164,135,22,2
S028,SKU0267,182,162,99,3
S028,SKU0268,164,133,104,1
S028,SKU0269,233,222,109,7
S028,SKU0270,171,140,111,3
S028,SKU0271,247,218,141,3
S028,SKU0272,92,62,62,7
S028,SKU0273,72,61,79,1
S028,SKU0274,110,74,142,4
S028,SKU0275,293,261,105,6
S028,SKU0276,59,28,68,2
S028,SKU0277,195,176,90,5
S028,SKU0278,153,136,76,2
S028,SKU0279,136,125,52,6
S028,SKU0280,116,80,23,2
S028,SKU0281,129,91,83,6
S028,SKU0282,165,150,147,6
S028,SKU0283,55,45,40,2
S028,SKU0284,289,258,84,1
S028,SKU0285,287,252,87,4
S028,SKU0286,263,241,46,5
S028,SKU0287,127,103,114,6
S028,SKU0288,221,204,81,1
S028,SKU0289,223,187,84,1
S028,SKU0290,209,181,124,5
S028,SKU0291,181,151,75,6
S028,SKU0292,236,211,20,1
S028,SKU0293,171,150,103,2
S028,SKU0294,293,282,66,5
S028,SKU0295,254,225,68,4
S028,SKU0296,140,101,133,1
S028,SKU0297,119,103,21,1
S028,SKU0298,263,253,134,4
S028,SKU0299,190,175,51,3
S028,SKU0300,113,92,99,6
S028,SKU0301,83,46,102,1
S028,SKU0302,210,177,106,7
S028,SKU0303,84,61,112,5
S028,SKU0304,243,213,122,2
S028,SKU0305,120,92,132,7
S028,SKU0306,206,195,34,3
S028,SKU0307,163,146,23,4
S028,SKU0308,114,104,69,4
S028,SKU0309,121,98,91,5
S028,SKU0310,90,62,71,7
S028,SKU0311,63,45,45,7
S028,SKU0312,173,135,96,2
S028,SKU0313,161,127,34,4
S028,SKU0314,240,227,103,2
S028,SKU0315,100,70,48,6
S028,SKU0316,201,165,136,2
S028,SKU0317,237,214,120,3
S028,SKU0318,262,241,51,2
S028,SKU0319,68,53,55,4
S028,SKU0320,74,53,146,1
S028,SKU0321,95,59,98,1
S028,SKU0322,78,54,75,5
S028,SKU0323,153,143,63,6
S028,SKU0324,56,23,116,1
S028,SKU0325,112,77,106,3
S028,SKU0326,101,71,53,3
S028,SKU0327,73,49,29,5
S028,SKU0328,264,244,142,7
S028,SKU0329,136,97,33,7
S028,SKU0330,198,163,39,2
S028,SKU0331,259,235,88,5
S028,SKU0332,253,221,141,5
S028,SKU0333,266,227,51,1
S028,SKU0334,177,165,73,2
S028,SKU0335,104,71,117,5
S028,SKU0336,173,134,33,4
S028,SKU0337,142,114,113,5
S028,SKU0338,103,91,95,5
S028,SKU0339,246,214,103,2
S028,SKU0340,201,188,69,5
S028,SKU0341,274,241,131,3
S028,SKU0342,168,148,71,5
S028,SKU0343,297,271,128,2
S028,SKU0344,165,144,94,6
S028,SKU0345,197,181,112,2
S028,SKU0346,128,101,145,1
S028,SKU0347,182,170,41,2
S028,SKU0348,247,231,130,1
S028,SKU0349,86,65,79,7
S028,SKU0350,183,155,51,1
S028,SKU0351,217,200,114,5
S028,SKU0352,111,86,89,5
S028,SKU0353,245,231,130,6
S028,SKU0354,200,182,89,6
S028,SKU0355,271,233,127,1
S028,SKU0356,117,82,120,2
S028,SKU0357,92,66,98,6
S028,SKU0358,111,87,104,6
S028,SKU0359,95,68,71,2
S028,SKU0360,156,124,79,5
S028,SKU0361,294,257,96,1
S028,SKU0362,266,256,64,4
S028,SKU0363,219,183,92,3
S028,SKU0364,210,199,109,6
S028,SKU0365,126,90,143,4
S028,SKU0366,196,159,59,1
S028,SKU0367,58,35,84,6
S028,SKU0368,128,116,67,1
S028,SKU0369,87,77,141,7
S028,SKU0370,211,188,37,4
S028,SKU0371,161,137,88,2
S028,SKU0372,72,48,68,5
S028,SKU0373,56,35,29,6
S028,SKU0374,147,115,125,5
S028,SKU0375,53,19,100,3
S028,SKU0376,156,136,68,6
S028,SKU0377,189,166,136,3
S028,SKU0378,222,183,85,4
S028,SKU0379,59,35,127,5
S028,SKU0380,182,160,51,7
S028,SKU0381,294,260,113,1
S028,SKU0382,284,255,138,6
S028,SKU0383,231,215,112,2
S028,SKU0384,112,75,80,1
S028,SKU0385,177,142,88,7
S028,SKU0386,139,100,137,4
S028,SKU0387,260,235,84,6
S028,SKU0388,106,87,59,1
S028,SKU0389,79,68,33,5
S028,SKU0390,255,224,132,4
S028,SKU0391,176,160,92,4
S028,SKU0392,168,135,27,5
S028,SKU0393,54,18,61,6
S028,SKU0394,105,78,143,7
S028,SKU0395,106,94,92,5
S028,SKU0396,267,238,23,4
S028,SKU0397,277,258,104,3
S028,SKU0398,286,248,21,5
S028,SKU0399,237,210,37,6
S028,SKU0400,152,123,93,6
S028,SKU0401,87,66,44,6
S028,SKU0402,142,114,135,1
S028,SKU0403,56,17,95,4
S028,SKU0404,153,123,143,3
S028,SKU0405,255,234,88,7
S028,SKU0406,245,212,73,6
S028,SKU0407,66,42,60,7
S028,SKU0408,243,214,100,4
S028,SKU0409,149,111,62,5
S028,SKU0410,128,101,109,1
S028,SKU0411,261,236,137,7
S028,SKU0412,81,65,128,7
S028,SKU0413,251,221,97,1
S028,SKU0414,215,182,130,3
S028,SKU0415,165,138,51,3
S028,SKU0416,69,56,33,1
S028,SKU0417,65,31,146,1
S028,SKU0418,263,227,65,7
S028,SKU0419,50,16,133,6
S028,SKU0420,174,163,84,2
S028,SKU0421,100,67,21,4
S028,SKU0422,210,196,102,4
S028,SKU0423,93,70,111,2
S028,SKU0424,80,43,69,3
S028,SKU0425,196,184,63,2
S028,SKU0426,246,223,26,2
S028,SKU0427,122,104,140,4
S028,SKU0428,99,75,64,2
S028,SKU0429,272,243,61,1
S028,SKU0430,273,235,32,7
S028,SKU0431,185,167,42,4
S028,SKU0432,119,98,25,2
S028,SKU0433,279,256,56,6
S028,SKU0434,257,244,120,6
S028,SKU0435,235,207,119,1
S028,SKU0436,95,72,128,1
S028,SKU0437,50,31,108,1
S028,SKU0438,250,218,110,3
S028,SKU0439,198,188,41,2
S028,SKU0440,76,38,120,2
S028,SKU0441,289,267,113,2
S028,SKU0442,244,210,145,6
S028,SKU0443,102,84,61,7
S028,SKU0444,136,116,129,3
S028,SKU0445,214,187,37,4
S028,SKU0446,262,236,60,1
S028,SKU0447,121,101,119,5
S028,SKU0448,108,83,117,3
S028,SKU0449,246,221,55,5
S028,SKU0450,209,179,84,3
S028,SKU0451,250,237,55,5
S028,SKU0452,75,51,75,3
S028,SKU0453,292,270,117,1
S028,SKU0454,140,113,108,1
S028,SKU0455,248,234,82,1
S028,SKU0456,116,103,80,5
S028,SKU0457,52,31,127,3
S028,SKU0458,72,56,122,3
S028,SKU0459,106,69,50,2
S028,SKU0460,210,181,71,1
S028,SKU0461,297,275,55,4
S028,SKU0462,297,282,54,4
S028,SKU0463,298,276,32,7
S028,SKU0464,243,213,33,7
S028,SKU0465,69,58,54,2
S028,SKU0466,65,54,60,6
S028,SKU0467,138,126,109,1
S028,SKU0468,207,180,91,3
S028,SKU0469,191,153,64,5
S028,SKU0470,110,100,67,5
S028,SKU0471,264,225,133,4
S028,SKU0472,110,78,100,3
S028,SKU0473,200,165,27,1
S028,SKU0474,236,226,84,7
S028,SKU0475,247,214,135,4
S028,SKU0476,71,56,37,4
S028,SKU0477,290,260,20,1
S028,SKU0478,202,191,139,5
S028,SKU0479,168,142,104,3
S028,SKU0480,118,94,129,3
S028,SKU0481,219,182,91,7
S028,SKU0482,282,262,75,6
S028,SKU0483,186,176,132,7
S028,SKU0484,221,188,81,6
S028,SKU0485,135,116,40,1
S028,SKU0486,228,198,26,5
S028,SKU0487,102,89,55,1
S028,SKU0488,91,54,120,3
S028,SKU0489,106,68,57,2
S028,SKU0490,144,132,107,2
S028,SKU0491,235,202,27,6
S028,SKU0492,78,65,132,7
S028,SKU0493,294,276,130,7
S028,SKU0494,272,248,111,7
S028,SKU0495,217,192,140,5
S028,SKU0496,242,214,67,7
S028,SKU0497,285,268,43,7
S028,SKU0498,285,260,149,7
S028,SKU0499,262,240,68,7
S028,SKU0500,268,229,92,6
S029,SKU0001,136,126,117,1
S029,SKU0002,173,135,81,3
S029,SKU0003,289,252,105,1
S029,SKU0004,267,229,85,4
S029,SKU0005,158,124,36,1
S029,SKU0006,264,229,54,7
S029,SKU0007,292,253,130,6
S029,SKU0008,77,59,89,6
S029,SKU0009,94,66,46,6
S029,SKU0010,58,19,131,5
S029,SKU0011,149,114,132,5
S029,SKU0012,163,136,73,6
S029,SKU0013,62,26,67,5
S029,SKU0014,131,118,77,2
S029,SKU0015,116,101,54,7
S029,SKU0016,92,60,124,5
S029,SKU0017,144,111,34,3
S029,SKU0018,193,182,66,5
S029,SKU0019,221,193,31,4
S029,SKU0020,88,57,139,4
S029,SKU0021,182,166,57,4
S029,SKU0022,134,120,142,5
S029,SKU0023,179,146,146,3
S029,SKU0024,255,222,129,3
S029,SKU0025,272,251,38,4
S029,SKU0026,73,38,61,4
S029,SKU0027,235,218,116,7
S029,SKU0028,126,103,108,3
S029,SKU0029,61,36,116,1
S029,SKU0030,252,233,87,4
S029,SKU0031,269,255,82,6
S029,SKU0032,286,275,37,6
S029,SKU0033,213,190,63,6
S029,SKU0034,236,225,91,1
S029,SKU0035,91,72,60,2
S029,SKU0036,262,223,137,6
S029,SKU0037,225,203,145,7
S029,SKU0038,123,90,28,7
S029,SKU0039,186,173,104,7
S029,SKU0040,77,54,112,4
S029,SKU0041,269,238,99,3
S029,SKU0042,297,266,108,1
S029,SKU0043,158,139,115,7
S029,SKU0044,150,121,39,6
S029,SKU0045,170,148,149,2
S029,SKU0046,128,90,24,1
S029,SKU0047,168,138,68,6
S029,SKU0048,131,95,44,3
S029,SKU0049,219,187,117,5
S029,SKU0050,55,32,74,1
S029,SKU0051,167,137,38,6
S029,SKU0052,148,136,38,6
S029,SKU0053,51,19,95,3
S029,SKU0054,225,204,75,6
S029,SKU0055,261,222,138,3
S029,SKU0056,288,274,128,3
S029,SKU0057,269,239,29,6
S029,SKU0058,205,176,58,2
S029,SKU0059,119,106,90,7
S029,SKU0060,125,88,88,3
S029,SKU0061,103,88,41,1
S029,SKU0062,150,123,37,6
S029,SKU0063,73,46,125,3
S029,SKU0064,87,74,126,4
S029,SKU0065,77,51,143,5
S029,SKU0066,187,161,137,5
S029,SKU0067,281,265,24,6
S029,SKU0068,96,64,112,1
S029,SKU0069,296,273,142,6
S029,SKU0070,206,183,141,7
S029,SKU0071,132,98,114,1
S029,SKU0072,53,16,31,2
S029,SKU0073,51,13,136,3
S029,SKU0074,254,237,149,1
S029,SKU0075,117,96,146,4
S029,SKU0076,272,248,143,2
S029,SKU0077,162,147,128,2
S029,SKU0078,235,222,65,5
S029,SKU0079,212,195,149,5
S029,SKU0080,112,89,137,1
S029,SKU0081,184,172,65,2
S029,SKU0082,56,36,70,1
S029,SKU0083,262,238,48,1
S029,SKU0084,269,258,116,6
S029,SKU0085,232,204,136,6
S029,SKU0086,268,248,99,3
S029,SKU0087,245,210,83,7
S029,SKU0088,267,233,83,4
S029,SKU0089,233,218,100,3
S029,SKU0090,158,143,42,5
S029,SKU0091,234,198,48,7
S029,SKU0092,258,219,28,2
S029,SKU0093,279,260,77,3
S029,SKU0094,152,116,142,3
S029,SKU0095,118,86,109,3
S029,SKU0096,179,148,73,6
S029,SKU0097,50,23,26,6
S029,SKU0098,238,205,117,6
S029,SKU0099,268,242,143,1
S029,SKU0100,68,50,133,6
S029,SKU0101,159,128,110,4
S029,SKU0102,124,96,100,1
S029,SKU0103,57,43,47,6
S029,SKU0104,216,195,115,1
S029,SKU0105,87,75,113,7
S029,SKU0106,102,78,73,6
S029,SKU0107,131,110,147,3
S029,SKU0108,126,101,70,1
S029,SKU0109,195,166,108,7
S029,SKU0110,87,60,80,5
S029,SKU0111,147,123,64,7
S029,SKU0112,189,152,52,1
S029,SKU0113,255,244,122,6
S029,SKU0114,209,188,77,4
S029,SKU0115,264,230,111,3
S029,SKU0116,239,202,72,7
S029,SKU0117,249,229,71,3
S029,SKU0118,254,244,78,5
S029,SKU0119,157,138,91,4
S029,SKU0120,185,170,125,2
S029,SKU0121,167,152,77,2
S029,SKU0122,130,91,63,4
S029,SKU0123,147,109,124,5
S029,SKU0124,148,120,111,1
S029,SKU0125,86,67,103,7
S029,SKU0126,129,99,28,7
S029,SKU0127,292,255,86,2
S029,SKU0128,109,92,91,2
S029,SKU0129,78,43,104,7
S029,SKU0130,93,64,140,7
S029,SKU0131,194,176,146,4
S029,SKU0132,194,177,138,3
S029,SKU0133,149,127,88,7
S029,SKU0134,190,163,81,4
S029,SKU0135,150,140,122,4
S029,SKU0136,163,144,117,2
S029,SKU0137,138,120,36,1
S029,SKU0138,219,191,52,7
S029,SKU0139,55,35,53,4
S029,SKU0140,148,126,143,7
S029,SKU0141,254,216,59,5
S029,SKU0142,155,132,134,5
S029,SKU0143,148,120,131,4
S029,SKU0144,260,229,128,6
S029,SKU0145,237,205,106,1
S029,SKU0146,162,130,82,4
S029,SKU0147,233,210,132,5
S029,SKU0148,269,252,29,3
S029,SKU0149,293,272,98,2
S029,SKU0150,269,234,86,2
S029,SKU0151,293,279,144,7
S029,SKU0152,174,161,118,1
S029,SKU0153,181,164,120,5
S029,SKU0154,292,277,134,3
S029,SKU0155,151,130,54,3
S029,SKU0156,100,76,53,2
S029,SKU0157,217,187,144,4
S029,SKU0158,266,228,32,5
S029,SKU0159,195,164,114,3
S029,SKU0160,67,40,149,5
S029,SKU0161,204,174,62,7
S029,SKU0162,270,252,128,1
S029,SKU0163,101,64,124,3
S029,SKU0164,54,39,93,7
S029,SKU0165,229,208,87,2
S029,SKU0166,227,214,56,7
S029,SKU0167,217,184,57,1
S029,SKU0168,84,54,127,6
S029,SKU0169,122,96,70,2
S029,SKU0170,233,205,123,7
S029,SKU0171,144,108,122,1
S029,SKU0172,184,174,137,1
S029,SKU0173,75,57,89,3
S029,SKU0174,238,220,31,6
S029,SKU0175,102,69,69,6
S029,SKU0176,76,38,144,2
S029,SKU0177,93,73,52,5
S029,SKU0178,263,234,68,6
S029,SKU0179,62,51,37,5
S029,SKU0180,129,97,78,4
S029,SKU0181,165,144,142,3
S029,SKU0182,245,211,27,3
S029,SKU0183,199,182,96,3
S029,SKU0184,272,243,53,4
S029,SKU0185,107,84,147,5
S029,SKU0186,261,228,49,1
S029,SKU0187,283,259,80,2
S029,SKU0188,121,91,91,7
S029,SKU0189,293,262,145,4
S029,SKU0190,299,286,109,1
S029,SKU0191,266,234,123,7
S029,SKU0192,223,188,135,6
S029,SKU0193,61,46,64,6
S029,SKU0194,245,226,75,5
S029,SKU0195,158,130,89,1
S029,SKU0196,194,173,136,2
S029,SKU0197,201,163,22,7
S029,SKU0198,242,229,55,3
S029,SKU0199,85,67,25,2
S029,SKU0200,290,259,107,6
S029,SKU0201,104,92,113,4
S029,SKU0202,66,33,25,5
S029,SKU0203,261,235,144,3
S029,SKU0204,119,84,121,7
S029,SKU0205,206,189,86,4
S029,SKU0206,130,120,87,6
S029,SKU0207,268,229,57,1
S029,SKU0208,256,236,24,1
S029,SKU0209,137,114,43,2
S029,SKU0210,175,161,134,2
S029,SKU0211,234,222,61,4
S029,SKU0212,190,178,55,6
S029,SKU0213,149,116,108,6
S029,SKU0214,223,194,60,1
S029,SKU0215,259,236,134,4
S029,SKU0216,143,123,85,6
S029,SKU0217,162,131,57,4
S029,SKU0218,154,124,71,7
S029,SKU0219,294,283,97,5
S029,SKU0220,117,82,67,1
S029,SKU0221,285,263,123,5
S029,SKU0222,235,203,143,2
S029,SKU0223,96,75,73,4
S029,SKU0224,106,95,135,6
S029,SKU0225,228,217,97,4
S029,SKU0226,296,267,59,5
S029,SKU0227,52,33,146,3
S029,SKU0228,154,144,30,1
S029,SKU0229,185,167,126,3
S029,SKU0230,146,130,32,4
S029,SKU0231,135,98,140,4
S029,SKU0232,189,155,123,6
S029,SKU0233,181,147,143,6
S029,SKU0234,131,95,132,4
S029,SKU0235,51,24,93,7
S029,SKU0236,224,204,121,1
S029,SKU0237,92,60,87,4
S029,SKU0238,299,271,103,4
S029,SKU0239,282,251,40,6
S029,SKU0240,90,65,49,7
S029,SKU0241,253,226,131,6
S029,SKU0242,91,71,53,3
S029,SKU0243,128,90,76,4
S029,SKU0244,242,229,64,2
S029,SKU0245,272,240,70,7
S029,SKU0246,273,241,92,7
S029,SKU0247,238,218,55,5
S029,SKU0248,89,53,61,7
S029,SKU0249,251,216,121,4
S029,SKU0250,227,206,80,3
S029,SKU0251,60,46,140,6
S029,SKU0252,216,186,62,3
S029,SKU0253,269,233,101,1
S029,SKU0254,132,119,143,3
S029,SKU0255,268,241,31,5
S029,SKU0256,260,246,97,4
S029,SKU0257,265,229,146,2
S029,SKU0258,241,206,125,7
S029,SKU0259,235,203,59,6
S029,SKU0260,223,199,24,6
S029,SKU0261,289,262,49,2
S029,SKU0262,62,24,68,5
S029,SKU0263,138,121,43,6
S029,SKU0264,264,242,81,4
S029,SKU0265,221,184,44,1
S029,SKU0266,147,137,80,5
S029,SKU0267,57,19,123,1
S029,SKU0268,160,141,75,5
S029,SKU0269,87,65,116,7
S029,SKU0270,144,131,103,4
S029,SKU0271,74,43,69,6
S029,SKU0272,189,174,110,3
S029,SKU0273,143,127,136,3
S029,SKU0274,230,206,35,6
S029,SKU0275,287,255,120,2
S029,SKU0276,103,81,96,2
S029,SKU0277,136,103,109,6
S029,SKU0278,265,251,98,6
S029,SKU0279,243,212,26,1
S029,SKU0280,86,74,126,4
S029,SKU0281,238,213,25,1
S029,SKU0282,284,273,52,1
S029,SKU0283,211,187,92,3
S029,SKU0284,294,270,72,7
S029,SKU0285,253,216,84,4
S029,SKU0286,99,73,146,3
S029,SKU0287,78,58,63,2
S029,SKU0288,114,84,140,1
S029,SKU0289,220,209,85,1
S029,SKU0290,201,170,56,1
S029,SKU0291,246,218,42,2
S029,SKU0292,204,190,66,3
S029,SKU0293,299,284,144,1
S029,SKU0294,278,259,32,6
S029,SKU0295,180,168,43,1
S029,SKU0296,200,170,143,7
S029,SKU0297,117,100,108,6
S029,SKU0298,178,150,65,6
S029,SKU0299,157,118,24,1
S029,SKU0300,73,44,132,5
S029,SKU0301,297,271,64,5
S029,SKU0302,251,218,119,1
S029,SKU0303,51,25,53,3
S029,SKU0304,221,211,137,4
S029,SKU0305,158,139,62,2
S029,SKU0306,252,232,39,5
S029,SKU0307,255,222,81,3
S029,SKU0308,186,156,148,2
S029,SKU0309,60,28,123,1
S029,SKU0310,254,227,100,5
S029,SKU0311,82,61,125,6
S029,SKU0312,161,131,24,7
S029,SKU0313,79,52,129,3
S029,SKU0314,253,229,20,7
S029,SKU0315,148,138,132,7
S029,SKU0316,162,129,91,7
S029,SKU0317,220,210,75,4
S029,SKU0318,119,88,41,4
S029,SKU0319,168,129,72,4
S029,SKU0320,55,17,62,6
S029,SKU0321,162,143,118,4
S029,SKU0322,258,226,88,3
S029,SKU0323,134,122,122,2
S029,SKU0324,187,150,85,1
S029,SKU0325,114,100,46,2
S029,SKU0326,192,172,124,4
S029,SKU0327,138,125,86,6
S029,SKU0328,226,208,92,5
S029,SKU0329,272,233,21,3
S029,SKU0330,265,235,119,3
S029,SKU0331,184,158,53,7
S029,SKU0332,159,133,138,5
S029,SKU0333,208,187,20,6
S029,SKU0334,176,156,140,6
S029,SKU0335,51,34,87,5
S029,SKU0336,267,251,32,3
S029,SKU0337,50,17,23,5
S029,SKU0338,244,233,33,3
S029,SKU0339,252,241,90,1
S029,SKU0340,273,255,58,4
S029,SKU0341,264,231,109,3
S029,SKU0342,64,38,63,2
S029,SKU0343,69,52,121,4
S029,SKU0344,121,95,124,4
S029,SKU0345,250,234,87,5
S029,SKU0346,244,213,23,6
S029,SKU0347,71,52,105,4
S029,SKU0348,106,90,141,4
S029,SKU0349,177,139,101,3
S029,SKU0350,137,122,37,7
S029,SKU0351,191,176,87,2
S029,SKU0352,70,32,67,6
S029,SKU0353,229,190,128,3
S029,SKU0354,256,238,62,3
S029,SKU0355,234,199,93,4
S029,SKU0356,87,67,101,5
S029,SKU0357,230,199,52,2
S029,SKU0358,295,266,144,4
S029,SKU0359,298,266,28,4
S029,SKU0360,240,222,52,6
S029,SKU0361,134,108,98,2
S029,SKU0362,215,187,75,3
S029,SKU0363,98,85,98,4
S029,SKU0364,159,140,70,4
S029,SKU0365,156,146,139,1
S029,SKU0366,268,253,67,1
S029,SKU0367,50,23,41,5
S029,SKU0368,51,28,144,2
S029,SKU0369,125,91,121,1
S029,SKU0370,213,193,142,6
S029,SKU0371,246,219,59,3
S029,SKU0372,213,195,141,2
S029,SKU0373,128,100,37,7
S029,SKU0374,134,119,88,2
S029,SKU0375,120,82,45,1
S029,SKU0376,122,83,114,1
S029,SKU0377,98,73,128,4
S029,SKU0378,271,244,128,3
S029,SKU0379,92,65,60,1
S029,SKU0380,234,202,21,2
S029,SKU0381,216,204,88,4
S029,SKU0382,78,41,47,4
S029,SKU0383,228,214,29,7
S029,SKU0384,140,130,71,2
S029,SKU0385,296,260,42,5
S029,SKU0386,97,58,145,5
S029,SKU0387,102,89,110,5
S029,SKU0388,297,279,24,2
S029,SKU0389,291,280,106,3
S029,SKU0390,178,165,66,4
S029,SKU0391,92,54,133,3
S029,SKU0392,127,107,138,7
S029,SKU0393,292,276,100,3
S029,SKU0394,89,65,149,4
S029,SKU0395,70,48,87,3
S029,SKU0396,288,250,42,4
S029,SKU0397,143,121,141,2
S029,SKU0398,145,116,53,2
S029,SKU0399,155,138,128,2
S029,SKU0400,164,149,138,6
S029,SKU0401,61,42,70,2
S029,SKU0402,218,203,148,2
S029,SKU0403,162,129,63,6
S029,SKU0404,54,43,86,1
S029,SKU0405,290,264,108,1
S029,SKU0406,192,160,44,4
S029,SKU0407,285,260,100,7
S029,SKU0408,201,187,108,1
S029,SKU0409,90,65,50,2
S029,SKU0410,270,235,143,2
S029,SKU0411,262,231,61,5
S029,SKU0412,57,40,88,1
S029,SKU0413,143,121,95,3
S029,SKU0414,256,245,144,1
S029,SKU0415,225,190,78,3
S029,SKU0416,77,40,121,2
S029,SKU0417,151,135,25,1
S029,SKU0418,165,139,44,6
S029,SKU0419,183,160,148,1
S029,SKU0420,115,98,71,4
S029,SKU0421,260,246,87,1
S029,SKU0422,139,129,48,4
S029,SKU0423,147,123,101,7
S029,SKU0424,208,198,75,5
S029,SKU0425,170,142,78,5
S029,SKU0426,183,169,38,7
S029,SKU0427,217,185,119,3
S029,SKU0428,284,254,125,3
S029,SKU0429,262,224,38,5
S029,SKU0430,82,43,80,3
S029,SKU0431,91,73,37,6
S029,SKU0432,174,142,145,2
S029,SKU0433,294,280,97,1
S029,SKU0434,59,31,84,5
S029,SKU0435,287,268,115,6
S029,SKU0436,254,215,49,6
S029,SKU0437,193,179,93,3
S029,SKU0438,78,44,55,6
S029,SKU0439,230,201,69,4
S029,SKU0440,56,20,111,7
S029,SKU0441,205,166,63,2
S029,SKU0442,64,43,59,7
S029,SKU0443,181,148,72,1
S029,SKU0444,63,38,23,2
S029,SKU0445,193,163,116,3
S029,SKU0446,201,167,71,6
S029,SKU0447,184,155,142,2
S029,SKU0448,101,77,54,5
S029,SKU0449,158,136,100,2
S029,SKU0450,299,268,20,1
S029,SKU0451,212,197,140,4
S029,SKU0452,120,107,46,4
S029,SKU0453,167,151,66,2
S029,SKU0454,284,256,128,4
S029,SKU0455,118,97,47,2
S029,SKU0456,134,106,20,1
S029,SKU0457,196,160,113,2
S029,SKU0458,185,174,130,4
S029,SKU0459,195,161,20,5
S029,SKU0460,150,111,53,6
S029,SKU0461,54,30,120,1
S029,SKU0462,256,229,21,6
S029,SKU0463,167,146,41,7
S029,SKU0464,229,215,88,2
S029,SKU0465,118,108,25,1
S029,SKU0466,268,256,147,5
S029,SKU0467,214,180,116,5
S029,SKU0468,272,255,84,5
S029,SKU0469,98,73,98,6
S029,SKU0470,161,123,62,6
S029,SKU0471,282,249,144,4
S029,SKU0472,214,182,23,7
S029,SKU0473,65,48,143,3
S029,SKU0474,169,152,38,4
S029,SKU0475,184,145,121,5
S029,SKU0476,244,226,112,5
S029,SKU0477,132,116,76,4
S029,SKU0478,100,80,52,2
S029,SKU0479,63,43,135,5
S029,SKU0480,178,166,131,4
S029,SKU0481,81,66,54,1
S029,SKU0482,147,112,34,5
S029,SKU0483,107,90,125,4
S029,SKU0484,214,195,97,1
S029,SKU0485,118,107,28,4
S029,SKU0486,110,81,96,6
S029,SKU0487,201,188,105,2
S029,SKU0488,256,239,107,4
S029,SKU0489,68,37,91,3
S029,SKU0490,77,39,41,2
S029,SKU0491,90,69,62,5
S029,SKU0492,270,258,29,1
S029,SKU0493,252,241,96,6
S029,SKU0494,158,122,119,5
S029,SKU0495,237,223,137,2
S029,SKU0496,179,163,145,2
S029,SKU0497,166,145,100,4
S029,SKU0498,151,123,29,6
S029,SKU0499,236,202,138,5
S029,SKU0500,51,24,73,3
S030,SKU0001,67,43,140,6
S030,SKU0002,103,86,53,2
S030,SKU0003,89,57,87,6
S030,SKU0004,159,133,95,5
S030,SKU0005,251,222,21,2
S030,SKU0006,240,204,80,6
S030,SKU0007,144,111,88,3
S030,SKU0008,259,239,95,6
S030,SKU0009,89,54,132,6
S030,SKU0010,79,59,46,2
S030,SKU0011,144,131,134,1
S030,SKU0012,279,260,95,6
S030,SKU0013,289,251,68,5
S030,SKU0014,185,166,34,3
S030,SKU0015,176,148,136,2
S030,SKU0016,85,55,86,4
S030,SKU0017,50,16,27,6
S030,SKU0018,61,36,89,4
S030,SKU0019,271,251,88,5
S030,SKU0020,167,152,149,4
S030,SKU0021,290,257,111,2
S030,SKU0022,161,139,129,7
S030,SKU0023,277,258,148,5
S030,SKU0024,129,96,45,5
S030,SKU0025,115,91,50,3
S030,SKU0026,196,158,100,4
S030,SKU0027,219,181,102,4
S030,SKU0028,189,174,55,7
S030,SKU0029,188,177,144,7
S030,SKU0030,247,214,146,7
S030,SKU0031,273,257,78,5
S030,SKU0032,177,163,104,7
S030,SKU0033,171,158,134,2
S030,SKU0034,270,254,38,6
S030,SKU0035,262,246,76,3
S030,SKU0036,268,231,56,2
S030,SKU0037,262,228,39,4
S030,SKU0038,147,112,97,1
S030,SKU0039,132,111,82,6
S030,SKU0040,262,231,87,5
S030,SKU0041,127,101,123,3
S030,SKU0042,241,207,49,5
S030,SKU0043,292,280,114,7
S030,SKU0044,284,246,93,2
S030,SKU0045,179,140,67,5
S030,SKU0046,294,276,20,1
S030,SKU0047,151,137,31,7
S030,SKU0048,119,100,113,6
S030,SKU0049,120,87,58,7
S030,SKU0050,117,94,121,5
S030,SKU0051,270,258,31,2
S030,SKU0052,217,191,147,2
S030,SKU0053,276,242,103,1
S030,SKU0054,259,240,91,1
S030,SKU0055,143,126,29,4
S030,SKU0056,196,178,29,5
S030,SKU0057,125,104,40,3
S030,SKU0058,134,117,101,1
S030,SKU0059,103,72,112,2
S030,SKU0060,277,251,108,3
S030,SKU0061,210,178,66,5
S030,SKU0062,244,233,59,2
S030,SKU0063,241,213,143,5
S030,SKU0064,155,137,80,7
S030,SKU0065,83,68,66,3
S030,SKU0066,80,63,65,1
S030,SKU0067,56,21,91,1
S030,SKU0068,87,72,85,4
S030,SKU0069,293,265,60,6
S030,SKU0070,157,130,45,1
S030,SKU0071,116,79,122,3
S030,SKU0072,117,81,26,6
S030,SKU0073,196,182,91,2
S030,SKU0074,139,103,136,1
S030,SKU0075,222,195,63,6
S030,SKU0076,271,260,72,3
S030,SKU0077,133,116,34,1
S030,SKU0078,188,158,147,6
S030,SKU0079,213,176,97,6
S030,SKU0080,117,82,39,4
S030,SKU0081,253,217,136,1
S030,SKU0082,227,216,51,5
S030,SKU0083,63,25,149,5
S030,SKU0084,176,144,51,7
S030,SKU0085,218,194,78,3
S030,SKU0086,140,124,112,6
S030,SKU0087,184,161,24,6
S030,SKU0088,68,41,90,6
S030,SKU0089,229,209,142,3
S030,SKU0090,196,169,123,7
S030,SKU0091,50,23,72,4
S030,SKU0092,261,246,34,3
S030,SKU0093,277,241,23,7
S030,SKU0094,65,48,29,7
S030,SKU0095,56,38,116,3
S030,SKU0096,169,149,87,3
S030,SKU0097,186,162,82,1
S030,SKU0098,254,237,69,4
S030,SKU0099,263,247,114,2
S030,SKU0100,155,132,128,7
S030,SKU0101,91,58,84,1
S030,SKU0102,207,183,40,3
S030,SKU0103,83,63,74,7
S030,SKU0104,65,44,111,6
S030,SKU0105,180,165,80,5
S030,SKU0106,288,256,91,3
S030,SKU0107,284,260,133,6
S030,SKU0108,191,172,79,2
S030,SKU0109,60,49,106,2
S030,SKU0110,200,178,59,6
S030,SKU0111,294,283,142,2
S030,SKU0112,154,134,70,6
S030,SKU0113,161,133,136,7
S030,SKU0114,273,263,50,3
S030,SKU0115,76,49,125,6
S030,SKU0116,216,181,127,7
S030,SKU0117,256,245,86,6
S030,SKU0118,90,80,85,5
S030,SKU0119,272,250,146,3
S030,SKU0120,60,29,34,6
S030,SKU0121,85,66,89,2
S030,SKU0122,141,106,127,2
S030,SKU0123,241,228,128,7
S030,SKU0124,204,166,46,4
S030,SKU0125,216,186,124,6
S030,SKU0126,289,273,56,1
S030,SKU0127,263,231,69,6
S030,SKU0128,211,182,146,7
S030,SKU0129,184,147,106,2
S030,SKU0130,202,189,25,6
S030,SKU0131,226,214,130,6
S030,SKU0132,147,116,88,7
S030,SKU0133,260,234,60,3
S030,SKU0134,230,216,149,1
S030,SKU0135,146,132,121,1
S030,SKU0136,285,252,88,7
S030,SKU0137,88,73,77,7
S030,SKU0138,252,227,52,2
S030,SKU0139,223,204,30,7
S030,SKU0140,205,189,36,1
S030,SKU0141,137,106,60,5
S030,SKU0142,284,269,39,1
S030,SKU0143,67,30,82,3
S030,SKU0144,137,103,106,3
S030,SKU0145,208,182,98,2
S030,SKU0146,270,255,140,5
S030,SKU0147,230,219,106,2
S030,SKU0148,218,186,25,6
S030,SKU0149,138,114,133,5
S030,SKU0150,192,153,24,5
S030,SKU0151,69,58,122,4
S030,SKU0152,159,124,80,5
S030,SKU0153,158,144,140,6
S030,SKU0154,254,237,111,6
S030,SKU0155,169,146,65,2
S030,SKU0156,241,208,47,6
S030,SKU0157,269,248,137,1
S030,SKU0158,179,150,51,3
S030,SKU0159,97,75,112,4
S030,SKU0160,132,104,141,6
S030,SKU0161,186,154,52,7
S030,SKU0162,225,210,146,1
S030,SKU0163,277,266,26,5
S030,SKU0164,181,151,98,6
S030,SKU0165,93,65,45,3
S030,SKU0166,253,228,133,4
S030,SKU0167,58,48,108,7
S030,SKU0168,270,248,133,2
S030,SKU0169,90,55,118,1
S030,SKU0170,74,49,51,5
S030,SKU0171,126,93,57,3
S030,SKU0172,251,231,33,4
S030,SKU0173,90,72,106,4
S030,SKU0174,219,196,132,3
S030,SKU0175,291,258,33,2
S030,SKU0176,298,288,79,4
S030,SKU0177,294,258,69,6
S030,SKU0178,131,111,78,2
S030,SKU0179,52,33,55,6
S030,SKU0180,143,122,90,6
S030,SKU0181,71,37,36,2
S030,SKU0182,210,180,45,6
S030,SKU0183,127,89,54,7
S030,SKU0184,112,78,49,6
S030,SKU0185,282,265,64,7
S030,SKU0186,148,131,25,1
S030,SKU0187,205,178,146,1
S030,SKU0188,292,260,49,5
S030,SKU0189,116,92,73,1
S030,SKU0190,126,110,131,7
S030,SKU0191,265,232,62,7
S030,SKU0192,54,33,91,4
S030,SKU0193,226,206,28,7
S030,SKU0194,75,65,25,2
S030,SKU0195,169,155,39,6
S030,SKU0196,163,140,146,6
S030,SKU0197,258,245,77,7
S030,SKU0198,140,119,94,6
S030,SKU0199,239,202,107,6
S030,SKU0200,207,182,116,5
S030,SKU0201,75,65,36,4
S030,SKU0202,299,287,115,7
S030,SKU0203,56,19,31,2
S030,SKU0204,270,257,131,1
S030,SKU0205,133,119,100,1
S030,SKU0206,166,133,37,2
S030,SKU0207,189,152,91,2
S030,SKU0208,230,197,146,2
S030,SKU0209,170,156,40,5
S030,SKU0210,272,245,100,2
S030,SKU0211,273,260,133,4
S030,SKU0212,128,115,98,3
S030,SKU0213,170,155,40,3
S030,SKU0214,214,198,89,2
S030,SKU0215,77,51,128,5
S030,SKU0216,84,56,71,2
S030,SKU0217,106,80,143,5
S030,SKU0218,262,235,65,7
S030,SKU0219,169,158,47,4
S030,SKU0220,64,34,138,2
S030,SKU0221,98,86,107,5
S030,SKU0222,100,88,146,2
S030,SKU0223,167,157,145,4
S030,SKU0224,206,167,98,7
S030,SKU0225,121,101,148,7
S030,SKU0226,297,266,146,6
S030,SKU0227,214,195,109,5
S030,SKU0228,150,138,40,7
S030,SKU0229,157,124,135,6
S030,SKU0230,293,257,65,1
S030,SKU0231,224,197,109,4
S030,SKU0232,250,216,58,5
S030,SKU0233,87,50,122,5
S030,SKU0234,268,249,105,2
S030,SKU0235,177,164,48,1
S030,SKU0236,197,158,45,5
S030,SKU0237,180,145,32,7
S030,SKU0238,116,78,57,6
S030,SKU0239,193,154,83,3
S030,SKU0240,223,189,143,2
S030,SKU0241,234,204,132,3
S030,SKU0242,191,158,66,4
S030,SKU0243,214,181,103,1
S030,SKU0244,183,155,129,4
S030,SKU0245,69,37,42,1
S030,SKU0246,82,70,122,4
S030,SKU0247,158,134,48,5
S030,SKU0248,100,79,70,4
S030,SKU0249,239,201,34,3
S030,SKU0250,298,263,81,5
S030,SKU0251,187,154,85,3
S030,SKU0252,249,210,52,5
S030,SKU0253,252,240,135,7
S030,SKU0254,202,176,24,5
S030,SKU0255,201,165,30,3
S030,SKU0256,124,85,90,4
S030,SKU0257,207,194,131,4
S030,SKU0258,116,82,91,4
S030,SKU0259,134,121,68,3
S030,SKU0260,199,178,111,3
S030,SKU0261,189,159,34,3
S030,SKU0262,218,207,112,6
S030,SKU0263,235,205,128,3
S030,SKU0264,144,134,50,1
S030,SKU0265,226,190,87,5
S030,SKU0266,92,61,138,2
S030,SKU0267,190,175,137,6
S030,SKU0268,54,32,93,7
S030,SKU0269,87,54,119,4
S030,SKU0270,147,120,32,2
S030,SKU0271,226,206,132,1
S030,SKU0272,281,253,104,7
S030,SKU0273,158,138,115,7
S030,SKU0274,239,218,117,1
S030,SKU0275,201,179,70,6
S030,SKU0276,235,212,48,3
S030,SKU0277,184,148,41,3
S030,SKU0278,115,102,46,2
S030,SKU0279,263,233,74,7
S030,SKU0280,225,214,94,3
S030,SKU0281,240,217,23,4
S030,SKU0282,268,236,53,5
S030,SKU0283,69,56,125,4
S030,SKU0284,212,183,71,3
S030,SKU0285,127,91,83,2
S030,SKU0286,270,250,20,3
S030,SKU0287,86,73,62,5
S030,SKU0288,178,151,34,7
S030,SKU0289,70,34,26,1
S030,SKU0290,84,54,69,7
S030,SKU0291,211,172,35,1
S030,SKU0292,271,241,70,6
S030,SKU0293,97,69,103,7
S030,SKU0294,112,80,69,2
S030,SKU0295,162,125,77,1
S030,SKU0296,122,110,104,3
S030,SKU0297,81,51,24,6
S030,SKU0298,158,126,78,3
S030,SKU0299,212,173,126,4
S030,SKU0300,262,225,72,1
S030,SKU0301,140,117,147,7
S030,SKU0302,145,128,147,6
S030,SKU0303,65,48,33,5
S030,SKU0304,299,285,142,6
S030,SKU0305,240,201,109,6
S030,SKU0306,51,40,114,3
S030,SKU0307,54,37,69,2
S030,SKU0308,205,167,73,3
S030,SKU0309,246,208,113,2
S030,SKU0310,232,221,77,5
S030,SKU0311,139,119,142,5
S030,SKU0312,121,93,108,2
S030,SKU0313,127,102,84,7
S030,SKU0314,163,130,74,5
S030,SKU0315,228,215,49,4
S030,SKU0316,110,80,56,5
S030,SKU0317,124,107,133,7
S030,SKU0318,161,136,148,3
S030,SKU0319,262,235,102,5
S030,SKU0320,51,34,137,5
S030,SKU0321,155,129,30,2
S030,SKU0322,132,94,136,5
S030,SKU0323,172,141,87,7
S030,SKU0324,90,52,103,1
S030,SKU0325,290,260,63,3
S030,SKU0326,118,80,90,6
S030,SKU0327,220,183,58,6
S030,SKU0328,204,184,148,5
S030,SKU0329,149,111,90,4
S030,SKU0330,67,56,133,2
S030,SKU0331,188,153,137,4
S030,SKU0332,261,234,84,6
S030,SKU0333,225,202,43,5
S030,SKU0334,95,82,73,1
S030,SKU0335,288,266,112,5
S030,SKU0336,156,141,116,1
S030,SKU0337,137,118,52,7
S030,SKU0338,107,91,97,6
S030,SKU0339,97,68,99,3
S030,SKU0340,112,87,109,4
S030,SKU0341,208,178,149,3
S030,SKU0342,218,188,61,4
S030,SKU0343,54,25,113,2
S030,SKU0344,213,189,84,6
S030,SKU0345,85,67,115,1
S030,SKU0346,251,228,86,2
S030,SKU0347,235,202,90,1
S030,SKU0348,229,196,25,1
S030,SKU0349,184,146,106,7
S030,SKU0350,57,38,137,1
S030,SKU0351,216,193,145,5
S030,SKU0352,73,57,80,2
S030,SKU0353,142,126,43,2
S030,SKU0354,118,93,21,6
S030,SKU0355,133,120,94,5
S030,SKU0356,188,173,75,5
S030,SKU0357,112,83,124,2
S030,SKU0358,172,153,82,7
S030,SKU0359,281,248,73,5
S030,SKU0360,50,35,115,5
S030,SKU0361,224,208,128,1
S030,SKU0362,75,60,136,3
S030,SKU0363,119,80,38,4
S030,SKU0364,259,243,38,4
S030,SKU0365,72,61,123,2
S030,SKU0366,97,59,55,5
S030,SKU0367,244,227,144,6
S030,SKU0368,104,68,111,7
S030,SKU0369,110,93,125,6
S030,SKU0370,185,148,105,2
S030,SKU0371,146,114,122,5
S030,SKU0372,140,130,50,6
S030,SKU0373,62,28,142,4
S030,SKU0374,253,226,142,4
S030,SKU0375,150,111,47,2
S030,SKU0376,280,263,141,4
S030,SKU0377,156,118,32,1
S030,SKU0378,100,85,32,1
S030,SKU0379,236,201,138,5
S030,SKU0380,87,54,28,2
S030,SKU0381,256,246,132,5
S030,SKU0382,58,43,61,1
S030,SKU0383,286,253,87,2
S030,SKU0384,155,120,28,7
S030,SKU0385,112,86,91,4
S030,SKU0386,266,241,71,7
S030,SKU0387,95,76,82,7
S030,SKU0388,267,251,21,2
S030,SKU0389,252,213,85,2
S030,SKU0390,231,193,124,7
S030,SKU0391,163,128,107,5
S030,SKU0392,187,158,118,5
S030,SKU0393,189,174,128,2
S030,SKU0394,83,44,76,3
S030,SKU0395,88,63,90,1
S030,SKU0396,274,239,63,4
S030,SKU0397,236,201,127,4
S030,SKU0398,63,50,142,4
S030,SKU0399,124,92,118,2
S030,SKU0400,148,128,119,4
S030,SKU0401,69,46,20,2
S030,SKU0402,233,222,37,4
S030,SKU0403,125,105,95,2
S030,SKU0404,120,96,106,7
S030,SKU0405,292,267,134,5
S030,SKU0406,117,104,149,7
S030,SKU0407,287,277,109,3
S030,SKU0408,144,116,93,4
S030,SKU0409,93,67,122,4
S030,SKU0410,295,271,38,2
S030,SKU0411,70,50,114,2
S030,SKU0412,258,235,37,5
S030,SKU0413,197,171,133,6
S030,SKU0414,83,69,131,7
S030,SKU0415,170,139,104,2
S030,SKU0416,81,42,106,2
S030,SKU0417,220,206,78,7
S030,SKU0418,89,59,60,5
S030,SKU0419,50,21,67,6
S030,SKU0420,213,194,141,5
S030,SKU0421,248,210,73,7
S030,SKU0422,114,90,64,2
S030,SKU0423,284,262,127,1
S030,SKU0424,95,85,104,6
S030,SKU0425,228,211,111,2
S030,SKU0426,84,62,84,4
S030,SKU0427,219,184,96,5
S030,SKU0428,235,213,147,2
S030,SKU0429,224,202,41,3
S030,SKU0430,212,187,149,1
S030,SKU0431,154,143,47,2
S030,SKU0432,177,149,149,7
S030,SKU0433,121,90,25,4
S030,SKU0434,155,120,90,1
S030,SKU0435,126,97,34,3
S030,SKU0436,246,211,46,7
S030,SKU0437,114,84,77,1
S030,SKU0438,189,176,30,6
S030,SKU0439,173,148,96,7
S030,SKU0440,292,261,128,4
S030,SKU0441,187,168,101,1
S030,SKU0442,256,236,97,3
S030,SKU0443,184,153,98,6
S030,SKU0444,275,242,78,7
S030,SKU0445,133,118,117,2
S030,SKU0446,287,253,70,5
S030,SKU0447,258,238,103,7
S030,SKU0448,97,64,23,4
S030,SKU0449,282,272,87,1
S030,SKU0450,247,237,93,3
S030,SKU0451,243,219,116,5
S030,SKU0452,50,18,22,1
S030,SKU0453,167,130,131,6
S030,SKU0454,214,196,28,6
S030,SKU0455,119,81,80,1
S030,SKU0456,151,114,110,2
S030,SKU0457,277,259,120,4
S030,SKU0458,71,57,37,3
S030,SKU0459,90,78,138,1
S030,SKU0460,275,237,66,2
S030,SKU0461,111,97,107,6
S030,SKU0462,249,228,148,1
S030,SKU0463,51,35,37,1
S030,SKU0464,231,209,135,1
S030,SKU0465,111,77,124,4
S030,SKU0466,203,182,139,5
S030,SKU0467,243,217,146,3
S030,SKU0468,202,181,112,5
S030,SKU0469,297,262,62,3
S030,SKU0470,87,74,80,5
S030,SKU0471,250,213,77,2
S030,SKU0472,157,129,47,3
S030,SKU0473,165,129,30,7
S030,SKU0474,260,229,57,1
S030,SKU0475,93,72,47,4
S030,SKU0476,58,33,36,1
S030,SKU0477,215,191,46,3
S030,SKU0478,84,47,24,2
S030,SKU0479,87,57,144,2
S030,SKU0480,182,162,127,5
S030,SKU0481,164,127,26,1
S030,SKU0482,169,146,95,3
S030,SKU0483,249,224,116,1
S030,SKU0484,182,153,101,3
S030,SKU0485,152,141,53,7
S030,SKU0486,200,171,112,1
S030,SKU0487,284,259,130,7
S030,SKU0488,276,263,41,1
S030,SKU0489,69,41,134,5
S030,SKU0490,78,67,41,1
S030,SKU0491,174,143,147,5
S030,SKU0492,207,183,52,7
S030,SKU0493,202,190,72,1
S030,SKU0494,236,200,134,7
S030,SKU0495,295,283,107,1
S030,SKU0496,293,271,22,3
S030,SKU0497,261,237,52,7
S030,SKU0498,163,142,136,2
S030,SKU0499,103,67,27,1
S030,SKU0500,189,173,126,2
S031,SKU0001,199,169,77,6
S031,SKU0002,119,103,68,4
S031,SKU0003,112,81,136,1
S031,SKU0004,89,71,98,6
S031,SKU0005,271,241,83,4
S031,SKU0006,113,80,93,5
S031,SKU0007,61,49,44,3
S031,SKU0008,257,242,40,6
S031,SKU0009,67,39,62,3
S031,SKU0010,109,95,40,4
S031,SKU0011,255,232,100,5
S031,SKU0012,120,97,136,4
S031,SKU0013,192,165,40,6
S031,SKU0014,267,252,22,3
S031,SKU0015,82,46,90,7
S031,SKU0016,197,158,93,3
S031,SKU0017,297,273,64,5
S031,SKU0018,230,211,92,5
S031,SKU0019,161,144,119,1
S031,SKU0020,291,256,68,3
S031,SKU0021,187,177,90,7
S031,SKU0022,293,272,94,5
S031,SKU0023,289,251,63,6
S031,SKU0024,59,47,126,6
S031,SKU0025,133,104,134,5
S031,SKU0026,147,126,130,1
S031,SKU0027,225,190,55,2
S031,SKU0028,96,81,107,6
S031,SKU0029,180,170,58,5
S031,SKU0030,173,154,122,7
S031,SKU0031,62,47,30,3
S031,SKU0032,294,284,54,5
S031,SKU0033,217,205,104,6
S031,SKU0034,138,128,31,3
S031,SKU0035,200,173,47,4
S031,SKU0036,70,31,95,6
S031,SKU0037,160,139,28,5
S031,SKU0038,87,69,83,1
S031,SKU0039,266,227,83,1
S031,SKU0040,284,264,91,5
S031,SKU0041,109,89,22,5
S031,SKU0042,214,202,132,7
S031,SKU0043,273,259,62,2
S031,SKU0044,249,232,119,3
S031,SKU0045,104,69,31,6
S031,SKU0046,159,139,79,5
S031,SKU0047,71,45,110,4
S031,SKU0048,219,184,98,1
S031,SKU0049,263,242,115,1
S031,SKU0050,70,56,22,2
S031,SKU0051,96,63,131,2
S031,SKU0052,166,153,41,5
S031,SKU0053,143,109,51,4
S031,SKU0054,220,202,98,6
S031,SKU0055,72,61,67,2
S031,SKU0056,183,164,48,1
S031,SKU0057,291,270,57,4
S031,SKU0058,55,30,109,6
S031,SKU0059,138,110,70,3
S031,SKU0060,173,152,31,1
S031,SKU0061,211,200,106,1
S031,SKU0062,228,208,111,2
S031,SKU0063,67,33,125,1
S031,SKU0064,207,170,74,3
S031,SKU0065,103,93,146,5
S031,SKU0066,69,44,58,7
S031,SKU0067,191,160,111,7
S031,SKU0068,167,140,98,3
S031,SKU0069,221,184,111,6
S031,SKU0070,90,67,149,2
S031,SKU0071,259,223,116,2
S031,SKU0072,264,253,43,5
S031,SKU0073,77,64,139,5
S031,SKU0074,284,252,132,7
S031,SKU0075,247,231,112,2
S031,SKU0076,280,259,130,4
S031,SKU0077,141,128,24,3
S031,SKU0078,57,27,148,2
S031,SKU0079,175,147,123,4
S031,SKU0080,210,194,22,2
S031,SKU0081,159,128,110,2
S031,SKU0082,89,68,136,2
S031,SKU0083,126,112,90,4
S031,SKU0084,70,59,109,4
S031,SKU0085,89,57,84,2
S031,SKU0086,197,173,21,6
S031,SKU0087,213,196,43,4
S031,SKU0088,92,57,77,3
S031,SKU0089,287,261,125,5
S031,SKU0090,185,156,83,1
S031,SKU0091,262,231,86,1
S031,SKU0092,87,55,109,5
S031,SKU0093,278,245,72,5
S031,SKU0094,54,29,103,6
S031,SKU0095,233,207,117,2
S031,SKU0096,289,269,102,5
S031,SKU0097,113,91,83,3
S031,SKU0098,170,159,88,7
S031,SKU0099,209,170,34,6
S031,SKU0100,284,274,141,5
S031,SKU0101,126,103,109,4
S031,SKU0102,162,150,44,7
S031,SKU0103,241,210,69,7
S031,SKU0104,136,117,52,7
S031,SKU0105,59,41,102,7
S031,SKU0106,143,125,118,1
S031,SKU0107,209,197,51,7
S031,SKU0108,126,101,130,6
S031,SKU0109,282,245,137,3
S031,SKU0110,295,265,35,1
S031,SKU0111,255,239,120,2
S031,SKU0112,244,226,51,4
S031,SKU0113,190,175,131,2
S031,SKU0114,135,110,149,1
S031,SKU0115,64,52,28,4
S031,SKU0116,149,123,85,4
S031,SKU0117,236,223,147,1
S031,SKU0118,98,78,62,3
S031,SKU0119,163,143,109,1
S031,SKU0120,227,215,145,1
S031,SKU0121,298,284,56,2
S031,SKU0122,258,227,88,3
S031,SKU0123,247,210,129,4
S031,SKU0124,117,99,92,7
S031,SKU0125,177,156,47,2
S031,SKU0126,269,242,56,3
S031,SKU0127,291,273,112,1
S031,SKU0128,143,128,93,7
S031,SKU0129,117,106,23,2
S031,SKU0130,227,203,86,2
S031,SKU0131,186,148,132,3
S031,SKU0132,102,75,130,6
S031,SKU0133,112,86,118,7
S031,SKU0134,293,281,73,1
S031,SKU0135,94,62,48,7
S031,SKU0136,132,95,61,5
S031,SKU0137,166,139,83,1
S031,SKU0138,201,170,23,6
S031,SKU0139,216,187,26,3
S031,SKU0140,121,93,104,2
S031,SKU0141,142,117,104,1
S031,SKU0142,288,261,135,7
S031,SKU0143,112,74,125,5
S031,SKU0144,197,169,81,7
S031,SKU0145,147,135,56,6
S031,SKU0146,114,90,77,7
S031,SKU0147,171,161,86,5
S031,SKU0148,273,262,147,4
S031,SKU0149,237,213,123,6
S031,SKU0150,108,72,52,6
S031,SKU0151,156,141,67,6
S031,SKU0152,210,190,125,5
S031,SKU0153,109,77,117,7
S031,SKU0154,282,270,121,4
S031,SKU0155,51,20,148,3
S031,SKU0156,111,89,20,1
S031,SKU0157,50,13,114,7
S031,SKU0158,191,166,143,5
S031,SKU0159,106,93,53,1
S031,SKU0160,255,238,94,5
S031,SKU0161,262,240,102,7
S031,SKU0162,93,62,72,4
S031,SKU0163,185,148,84,6
S031,SKU0164,73,46,51,7
S031,SKU0165,71,36,137,2
S031,SKU0166,265,226,39,5
S031,SKU0167,153,136,59,4
S031,SKU0168,270,246,133,2
S031,SKU0169,274,255,68,6
S031,SKU0170,155,118,105,6
S031,SKU0171,172,149,54,5
S031,SKU0172,193,167,23,3
S031,SKU0173,214,183,67,2
S031,SKU0174,55,39,128,3
S031,SKU0175,134,100,134,1
S031,SKU0176,234,198,89,6
S031,SKU0177,199,163,91,6
S031,SKU0178,298,264,73,4
S031,SKU0179,158,141,35,1
S031,SKU0180,186,176,60,4
S031,SKU0181,153,142,91,2
S031,SKU0182,254,240,94,4
S031,SKU0183,57,29,71,3
S031,SKU0184,51,13,49,2
S031,SKU0185,289,273,118,5
S031,SKU0186,106,87,83,3
S031,SKU0187,206,184,52,7
S031,SKU0188,204,172,103,6
S031,SKU0189,140,130,42,3
S031,SKU0190,283,250,109,5
S031,SKU0191,105,77,80,4
S031,SKU0192,208,198,124,5
S031,SKU0193,103,70,37,4
S031,SKU0194,259,227,110,7
S031,SKU0195,262,247,139,6
S031,SKU0196,206,168,52,3
S031,SKU0197,159,133,81,4
S031,SKU0198,230,209,45,7
S031,SKU0199,78,62,82,3
S031,SKU0200,283,267,38,3
S031,SKU0201,281,256,81,5
S031,SKU0202,219,185,58,5
S031,SKU0203,125,112,95,5
S031,SKU0204,88,61,148,6
S031,SKU0205,176,161,117,7
S031,SKU0206,270,257,43,4
S031,SKU0207,90,62,85,4
S031,SKU0208,164,132,39,7
S031,SKU0209,184,170,146,3
S031,SKU0210,134,101,23,7
S031,SKU0211,169,150,70,3
S031,SKU0212,189,154,45,2
S031,SKU0213,94,66,24,6
S031,SKU0214,261,231,44,6
S031,SKU0215,233,211,119,1
S031,SKU0216,204,181,62,3
S031,SKU0217,227,216,103,6
S031,SKU0218,76,45,53,3
S031,SKU0219,277,264,123,2
S031,SKU0220,240,218,105,4
S031,SKU0221,78,39,105,1
S031,SKU0222,182,168,53,4
S031,SKU0223,165,128,37,3
S031,SKU0224,142,105,84,4
S031,SKU0225,269,258,71,2
S031,SKU0226,187,150,149,2
S031,SKU0227,77,39,31,5
S031,SKU0228,248,234,82,6
S031,SKU0229,213,176,107,6
S031,SKU0230,116,88,90,2
S031,SKU0231,135,100,80,6
S031,SKU0232,135,97,107,4
S031,SKU0233,145,134,26,5
S031,SKU0234,163,146,44,7
S031,SKU0235,67,38,68,3
S031,SKU0236,148,129,140,6
S031,SKU0237,58,24,128,2
S031,SKU0238,196,169,40,5
S031,SKU0239,107,97,25,2
S031,SKU0240,285,260,43,1
S031,SKU0241,186,151,66,6
S031,SKU0242,60,29,56,4
S031,SKU0243,276,265,76,6
S031,SKU0244,62,50,130,4
S031,SKU0245,248,233,125,5
S031,SKU0246,94,79,86,1
S031,SKU0247,279,257,54,4
S031,SKU0248,161,149,146,6
S031,SKU0249,71,56,99,5
S031,SKU0250,201,184,73,3
S031,SKU0251,250,229,43,6
S031,SKU0252,114,83,101,7
S031,SKU0253,74,64,123,2
S031,SKU0254,201,188,112,1
S031,SKU0255,198,184,113,3
S031,SKU0256,145,114,62,5
S031,SKU0257,53,25,57,7
S031,SKU0258,150,127,50,4
S031,SKU0259,74,38,92,2
S031,SKU0260,241,224,89,6
S031,SKU0261,116,78,42,3
S031,SKU0262,110,74,145,6
S031,SKU0263,70,52,72,4
S031,SKU0264,286,265,48,2
S031,SKU0265,68,41,114,6
S031,SKU0266,132,106,137,3
S031,SKU0267,71,52,102,4
S031,SKU0268,95,84,147,2
S031,SKU0269,180,163,59,2
S031,SKU0270,253,239,55,3
S031,SKU0271,58,47,117,2
S031,SKU0272,258,228,149,2
S031,SKU0273,297,284,102,6
S031,SKU0274,60,42,67,1
S031,SKU0275,107,74,125,6
S031,SKU0276,117,90,102,2
S031,SKU0277,117,88,23,5
S031,SKU0278,194,158,28,4
S031,SKU0279,153,136,126,6
S031,SKU0280,268,232,96,6
S031,SKU0281,118,106,53,4
S031,SKU0282,177,154,37,6
S031,SKU0283,246,215,79,5
S031,SKU0284,59,49,69,7
S031,SKU0285,170,133,129,3
S031,SKU0286,123,94,108,6
S031,SKU0287,294,262,56,3
S031,SKU0288,188,151,115,1
S031,SKU0289,178,165,102,7
S031,SKU0290,260,225,95,3
S031,SKU0291,205,182,120,6
S031,SKU0292,90,78,22,4
S031,SKU0293,207,182,123,2
S031,SKU0294,60,27,101,1
S031,SKU0295,91,75,36,2
S031,SKU0296,263,251,73,1
S031,SKU0297,259,227,113,4
S031,SKU0298,89,50,139,7
S031,SKU0299,66,31,118,4
S031,SKU0300,111,99,35,4
S031,SKU0301,238,208,96,3
S031,SKU0302,284,247,127,4
S031,SKU0303,100,69,90,7
S031,SKU0304,280,246,129,7
S031,SKU0305,82,72,66,2
S031,SKU0306,276,237,118,4
S031,SKU0307,252,230,33,7
S031,SKU0308,133,112,84,5
S031,SKU0309,261,246,100,3
S031,SKU0310,199,181,53,4
S031,SKU0311,271,237,106,3
S031,SKU0312,51,35,78,6
S031,SKU0313,246,228,37,3
S031,SKU0314,236,206,77,3
S031,SKU0315,135,99,82,6
S031,SKU0316,104,79,76,4
S031,SKU0317,163,142,144,6
S031,SKU0318,178,150,105,5
S031,SKU0319,132,93,132,3
S031,SKU0320,191,176,21,7
S031,SKU0321,105,67,27,2
S031,SKU0322,219,181,146,2
S031,SKU0323,53,33,97,6
S031,SKU0324,247,221,67,6
S031,SKU0325,221,209,97,5
S031,SKU0326,235,214,124,5
S031,SKU0327,233,195,135,1
S031,SKU0328,215,180,115,5
S031,SKU0329,174,152,110,6
S031,SKU0330,87,68,129,4
S031,SKU0331,248,218,142,4
S031,SKU0332,105,84,80,6
S031,SKU0333,242,205,93,4
S031,SKU0334,69,46,96,5
S031,SKU0335,290,259,107,4
S031,SKU0336,73,57,134,3
S031,SKU0337,285,248,30,2
S031,SKU0338,132,101,105,1
S031,SKU0339,105,79,145,6
S031,SKU0340,208,190,20,6
S031,SKU0341,254,224,68,3
S031,SKU0342,216,183,30,7
S031,SKU0343,211,191,23,3
S031,SKU0344,165,154,131,1
S031,SKU0345,132,103,22,2
S031,SKU0346,176,145,99,5
S031,SKU0347,295,257,50,7
S031,SKU0348,55,30,66,6
S031,SKU0349,276,250,101,6
S031,SKU0350,167,154,115,1
S031,SKU0351,260,228,54,1
S031,SKU0352,146,131,83,6
S031,SKU0353,144,132,111,4
S031,SKU0354,183,168,28,2
S031,SKU0355,136,119,66,6
S031,SKU0356,68,30,133,7
S031,SKU0357,155,139,128,6
S031,SKU0358,61,45,86,6
S031,SKU0359,251,215,111,6
S031,SKU0360,191,172,132,4
S031,SKU0361,259,231,36,2
S031,SKU0362,93,59,128,4
S031,SKU0363,237,205,73,6
S031,SKU0364,107,91,45,1
S031,SKU0365,96,84,80,4
S031,SKU0366,55,18,117,1
S031,SKU0367,97,62,73,7
S031,SKU0368,140,123,149,6
S031,SKU0369,112,77,44,6
S031,SKU0370,236,208,91,2
S031,SKU0371,157,129,144,2
S031,SKU0372,173,142,54,4
S031,SKU0373,118,83,44,5
S031,SKU0374,279,249,142,2
S031,SKU0375,75,54,103,4
S031,SKU0376,262,240,36,1
S031,SKU0377,267,245,29,3
S031,SKU0378,258,239,104,2
S031,SKU0379,103,78,114,1
S031,SKU0380,238,205,95,6
S031,SKU0381,196,178,99,7
S031,SKU0382,146,119,42,2
S031,SKU0383,265,238,52,3
S031,SKU0384,58,45,56,5
S031,SKU0385,247,213,93,2
S031,SKU0386,249,237,35,2
S031,SKU0387,86,60,83,1
S031,SKU0388,142,109,70,3
S031,SKU0389,230,191,32,6
S031,SKU0390,200,172,120,3
S031,SKU0391,218,198,56,2
S031,SKU0392,241,222,85,2
S031,SKU0393,237,204,55,3
S031,SKU0394,287,277,77,4
S031,SKU0395,92,54,112,5
S031,SKU0396,297,267,130,6
S031,SKU0397,103,89,43,6
S031,SKU0398,227,212,137,2
S031,SKU0399,225,194,98,6
S031,SKU0400,227,206,133,1
S031,SKU0401,153,139,62,1
S031,SKU0402,251,215,127,7
S031,SKU0403,272,245,49,1
S031,SKU0404,62,32,41,1
S031,SKU0405,76,54,104,4
S031,SKU0406,173,149,61,3
S031,SKU0407,109,75,58,2
S031,SKU0408,173,152,138,7
S031,SKU0409,52,19,111,6
S031,SKU0410,105,89,36,2
S031,SKU0411,249,225,66,6
S031,SKU0412,182,161,70,5
S031,SKU0413,209,196,98,3
S031,SKU0414,151,119,117,3
S031,SKU0415,241,220,81,7
S031,SKU0416,208,197,67,1
S031,SKU0417,179,158,130,4
S031,SKU0418,293,268,32,6
S031,SKU0419,219,206,133,5
S031,SKU0420,118,100,58,5
S031,SKU0421,73,50,123,3
S031,SKU0422,290,275,30,2
S031,SKU0423,114,76,55,4
S031,SKU0424,73,43,137,2
S031,SKU0425,227,213,49,1
S031,SKU0426,64,41,85,1
S031,SKU0427,127,115,47,7
S031,SKU0428,102,85,85,6
S031,SKU0429,53,22,124,6
S031,SKU0430,149,138,147,4
S031,SKU0431,104,72,120,6
S031,SKU0432,59,21,66,6
S031,SKU0433,93,78,76,5
S031,SKU0434,197,181,123,3
S031,SKU0435,257,243,122,6
S031,SKU0436,56,30,92,5
S031,SKU0437,261,246,98,6
S031,SKU0438,241,204,115,2
S031,SKU0439,239,216,53,4
S031,SKU0440,187,161,127,4
S031,SKU0441,265,231,50,6
S031,SKU0442,293,268,32,1
S031,SKU0443,71,44,81,3
S031,SKU0444,259,220,22,5
S031,SKU0445,199,174,141,3
S031,SKU0446,57,26,57,4
S031,SKU0447,112,88,77,4
S031,SKU0448,275,253,63,4
S031,SKU0449,68,39,107,7
S031,SKU0450,89,73,107,5
S031,SKU0451,172,156,57,6
S031,SKU0452,289,269,34,1
S031,SKU0453,251,217,52,7
S031,SKU0454,154,139,20,5
S031,SKU0455,93,80,133,5
S031,SKU0456,229,219,28,3
S031,SKU0457,133,120,43,4
S031,SKU0458,73,62,130,6
S031,SKU0459,235,223,85,6
S031,SKU0460,222,198,85,6
S031,SKU0461,107,76,98,6
S031,SKU0462,207,176,48,6
S031,SKU0463,213,193,72,7
S031,SKU0464,122,100,92,2
S031,SKU0465,190,168,137,6
S031,SKU0466,151,113,28,1
S031,SKU0467,226,212,126,7
S031,SKU0468,229,219,125,5
S031,SKU0469,213,197,53,3
S031,SKU0470,59,23,35,7
S031,SKU0471,137,123,21,5
S031,SKU0472,219,188,36,7
S031,SKU0473,198,172,148,5
S031,SKU0474,253,237,43,7
S031,SKU0475,267,243,127,3
S031,SKU0476,108,70,84,6
S031,SKU0477,204,178,132,6
S031,SKU0478,297,275,78,7
S031,SKU0479,174,164,26,2
S031,SKU0480,113,77,43,3
S031,SKU0481,250,229,146,7
S031,SKU0482,203,188,39,5
S031,SKU0483,287,253,70,2
S031,SKU0484,209,179,52,4
S031,SKU0485,101,80,121,4
S031,SKU0486,112,84,143,7
S031,SKU0487,179,165,144,1
S031,SKU0488,277,244,139,7
S031,SKU0489,262,223,51,6
S031,SKU0490,244,210,48,6
S031,SKU0491,268,256,115,7
S031,SKU0492,78,41,143,7
S031,SKU0493,237,204,34,4
S031,SKU0494,217,178,95,6
S031,SKU0495,212,202,120,6
S031,SKU0496,288,266,23,7
S031,SKU0497,90,70,106,6
S031,SKU0498,115,94,75,5
S031,SKU0499,159,147,60,2
S031,SKU0500,242,212,23,3
S032,SKU0001,80,63,116,6
S032,SKU0002,229,214,130,3
S032,SKU0003,262,248,72,3
S032,SKU0004,108,88,28,4
S032,SKU0005,116,82,82,5
S032,SKU0006,191,160,38,7
S032,SKU0007,73,42,72,2
S032,SKU0008,140,102,104,1
S032,SKU0009,223,206,110,6
S032,SKU0010,288,262,43,4
S032,SKU0011,137,101,104,3
S032,SKU0012,130,95,30,1
S032,SKU0013,232,197,142,5
S032,SKU0014,275,247,97,3
S032,SKU0015,255,217,79,5
S032,SKU0016,185,150,24,1
S032,SKU0017,277,260,20,5
S032,SKU0018,222,207,60,3
S032,SKU0019,92,54,133,2
S032,SKU0020,289,272,136,3
S032,SKU0021,70,49,75,2
S032,SKU0022,93,58,142,1
S032,SKU0023,184,151,26,7
S032,SKU0024,56,21,62,6
S032,SKU0025,175,144,115,4
S032,SKU0026,198,178,147,1
S032,SKU0027,163,139,101,5
S032,SKU0028,287,265,70,5
S032,SKU0029,117,91,129,1
S032,SKU0030,140,112,149,5
S032,SKU0031,210,181,87,4
S032,SKU0032,169,132,101,7
S032,SKU0033,167,153,79,7
S032,SKU0034,220,201,25,2
S032,SKU0035,103,77,115,3
S032,SKU0036,153,132,63,7
S032,SKU0037,95,67,129,4
S032,SKU0038,180,161,93,6
S032,SKU0039,298,270,33,4
S032,SKU0040,164,141,75,2
S032,SKU0041,190,169,90,4
S032,SKU0042,294,280,132,3
S032,SKU0043,287,258,147,2
S032,SKU0044,278,255,71,5
S032,SKU0045,164,128,134,6
S032,SKU0046,78,57,112,3
S032,SKU0047,94,61,26,3
S032,SKU0048,269,243,72,2
S032,SKU0049,214,192,103,5
S032,SKU0050,268,255,119,6
S032,SKU0051,85,65,89,6
S032,SKU0052,118,86,137,1
S032,SKU0053,107,91,101,4
S032,SKU0054,196,158,44,1
S032,SKU0055,206,190,117,2
S032,SKU0056,214,183,126,5
S032,SKU0057,167,135,126,3
S032,SKU0058,214,181,103,4
S032,SKU0059,252,227,92,4
S032,SKU0060,296,265,31,3
S032,SKU0061,233,198,20,6
S032,SKU0062,246,214,62,3
S032,SKU0063,224,191,21,7
S032,SKU0064,58,37,120,3
S032,SKU0065,243,210,27,6
S032,SKU0066,128,104,92,7
S032,SKU0067,102,80,114,7
S032,SKU0068,144,107,89,7
S032,SKU0069,292,282,120,4
S032,SKU0070,206,169,98,3
S032,SKU0071,257,219,58,4
S032,SKU0072,220,200,139,5
S032,SKU0073,210,177,80,5
S032,SKU0074,164,150,83,5
S032,SKU0075,195,160,27,4
S032,SKU0076,73,61,70,2
S032,SKU0077,59,40,50,3
S032,SKU0078,139,100,80,5
S032,SKU0079,80,57,97,6
S032,SKU0080,253,222,63,3
S032,SKU0081,191,159,90,7
S032,SKU0082,127,91,46,5
S032,SKU0083,192,159,61,4
S032,SKU0084,124,109,134,3
S032,SKU0085,53,35,113,5
S032,SKU0086,246,235,77,4
S032,SKU0087,102,70,128,4
S032,SKU0088,69,46,87,1
S032,SKU0089,134,99,104,6
S032,SKU0090,153,133,141,4
S032,SKU0091,201,167,89,1
S032,SKU0092,260,227,147,1
S032,SKU0093,153,140,22,7
S032,SKU0094,165,138,22,7
S032,SKU0095,54,26,88,5
S032,SKU0096,219,184,70,1
S032,SKU0097,129,105,148,3
S032,SKU0098,130,91,72,7
S032,SKU0099,137,106,121,3
S032,SKU0100,60,49,83,6
S032,SKU0101,112,80,109,3
S032,SKU0102,264,243,126,1
S032,SKU0103,122,85,62,3
S032,SKU0104,161,132,60,5
S032,SKU0105,74,45,135,1
S032,SKU0106,256,232,58,7
S032,SKU0107,192,158,110,2
S032,SKU0108,133,123,72,3
S032,SKU0109,178,143,59,1
S032,SKU0110,85,53,21,4
S032,SKU0111,183,144,78,7
S032,SKU0112,115,90,128,4
S032,SKU0113,227,192,91,4
S032,SKU0114,253,234,139,1
S032,SKU0115,93,63,55,4
S032,SKU0116,56,43,98,4
S032,SKU0117,213,179,28,2
S032,SKU0118,119,101,138,1
S032,SKU0119,114,95,60,4
S032,SKU0120,122,95,146,2
S032,SKU0121,114,91,80,3
S032,SKU0122,236,220,31,1
S032,SKU0123,246,233,123,4
S032,SKU0124,187,162,138,5
S032,SKU0125,233,197,42,4
S032,SKU0126,161,145,120,2
S032,SKU0127,289,270,28,6
S032,SKU0128,245,235,111,3
S032,SKU0129,59,30,68,2
S032,SKU0130,239,215,37,5
S032,SKU0131,103,79,41,5
S032,SKU0132,258,228,113,5
S032,SKU0133,159,127,84,3
S032,SKU0134,260,246,65,4
S032,SKU0135,199,183,59,7
S032,SKU0136,250,227,96,5
S032,SKU0137,172,138,110,7
S032,SKU0138,192,168,93,6
S032,SKU0139,65,26,46,7
S032,SKU0140,75,41,98,7
S032,SKU0141,105,77,135,2
S032,SKU0142,222,194,24,1
S032,SKU0143,199,182,24,5
S032,SKU0144,242,230,34,2
S032,SKU0145,88,59,20,1
S032,SKU0146,143,122,135,2
S032,SKU0147,289,265,108,2
S032,SKU0148,267,234,78,1
S032,SKU0149,173,163,118,6
S032,SKU0150,150,117,39,5
S032,SKU0151,156,127,120,4
S032,SKU0152,299,260,109,3
S032,SKU0153,246,217,103,3
S032,SKU0154,112,88,119,1
S032,SKU0155,131,121,109,5
S032,SKU0156,244,207,102,1
S032,SKU0157,118,80,73,5
S032,SKU0158,227,211,69,3
S032,SKU0159,296,280,124,1
S032,SKU0160,109,86,31,1
S032,SKU0161,186,159,63,4
S032,SKU0162,139,110,109,4
S032,SKU0163,114,86,105,2
S032,SKU0164,135,125,83,3
S032,SKU0165,128,106,137,2
S032,SKU0166,76,42,50,6
S032,SKU0167,99,62,54,2
S032,SKU0168,268,231,53,1
S032,SKU0169,166,135,23,6
S032,SKU0170,142,114,129,3
S032,SKU0171,77,39,81,3
S032,SKU0172,103,72,149,4
S032,SKU0173,181,169,105,6
S032,SKU0174,174,135,81,3
S032,SKU0175,90,63,29,2
S032,SKU0176,125,101,33,2
S032,SKU0177,70,58,42,2
S032,SKU0178,225,193,74,6
S032,SKU0179,276,245,24,6
S032,SKU0180,233,209,40,7
S032,SKU0181,228,216,68,5
S032,SKU0182,58,35,37,7
S032,SKU0183,277,241,92,3
S032,SKU0184,74,38,127,7
S032,SKU0185,125,111,22,6
S032,SKU0186,230,217,141,3
S032,SKU0187,181,170,78,2
S032,SKU0188,86,58,107,1
S032,SKU0189,113,85,70,3
S032,SKU0190,272,260,110,6
S032,SKU0191,219,184,144,7
S032,SKU0192,160,143,129,1
S032,SKU0193,245,228,76,7
S032,SKU0194,228,205,79,3
S032,SKU0195,239,210,43,4
S032,SKU0196,217,191,117,5
S032,SKU0197,153,139,76,4
S032,SKU0198,125,105,72,2
S032,SKU0199,273,237,110,4
S032,SKU0200,244,216,146,5
S032,SKU0201,51,37,111,5
S032,SKU0202,148,137,140,2
S032,SKU0203,55,32,113,5
S032,SKU0204,180,160,139,5
S032,SKU0205,137,114,147,7
S032,SKU0206,75,45,67,4
S032,SKU0207,208,187,118,3
S032,SKU0208,57,32,104,6
S032,SKU0209,227,202,102,4
S032,SKU0210,222,194,118,1
S032,SKU0211,236,207,64,5
S032,SKU0212,199,188,65,4
S032,SKU0213,81,57,79,3
S032,SKU0214,276,251,59,3
S032,SKU0215,227,210,149,7
S032,SKU0216,240,212,133,2
S032,SKU0217,291,280,47,6
S032,SKU0218,285,253,53,6
S032,SKU0219,278,251,55,3
S032,SKU0220,72,58,107,6
S032,SKU0221,97,77,49,4
S032,SKU0222,141,125,120,1
S032,SKU0223,99,79,23,1
S032,SKU0224,185,148,81,5
S032,SKU0225,85,61,140,3
S032,SKU0226,90,76,84,6
S032,SKU0227,297,267,90,5
S032,SKU0228,268,236,21,4
S032,SKU0229,274,251,51,5
S032,SKU0230,251,223,115,4
S032,SKU0231,134,124,56,5
S032,SKU0232,154,126,111,7
S032,SKU0233,235,210,114,3
S032,SKU0234,242,204,148,2
S032,SKU0235,139,103,83,2
S032,SKU0236,66,43,40,6
S032,SKU0237,71,61,65,1
S032,SKU0238,285,255,77,2
S032,SKU0239,64,32,93,2
S032,SKU0240,200,167,111,2
S032,SKU0241,208,178,51,5
S032,SKU0242,118,95,28,1
S032,SKU0243,153,134,107,4
S032,SKU0244,102,81,105,5
S032,SKU0245,235,216,32,1
S032,SKU0246,129,93,79,3
S032,SKU0247,98,86,64,3
S032,SKU0248,135,125,60,7
S032,SKU0249,52,41,49,6
S032,SKU0250,76,58,115,6
S032,SKU0251,146,136,24,1
S032,SKU0252,68,32,90,4
S032,SKU0253,279,269,41,3
S032,SKU0254,132,122,139,2
S032,SKU0255,199,162,114,6
S032,SKU0256,66,38,143,5
S032,SKU0257,235,223,79,2
S032,SKU0258,149,119,132,3
S032,SKU0259,92,58,132,3
S032,SKU0260,261,229,138,4
S032,SKU0261,229,219,91,6
S032,SKU0262,218,182,149,6
S032,SKU0263,185,169,58,2
S032,SKU0264,204,180,45,5
S032,SKU0265,143,106,117,1
S032,SKU0266,135,112,109,2
S032,SKU0267,103,84,96,6
S032,SKU0268,212,181,22,2
S032,SKU0269,227,203,118,1
S032,SKU0270,271,241,62,7
S032,SKU0271,107,71,142,1
S032,SKU0272,248,235,58,2
S032,SKU0273,129,98,140,4
S032,SKU0274,119,83,123,2
S032,SKU0275,91,69,52,7
S032,SKU0276,104,76,128,3
S032,SKU0277,117,80,60,6
S032,SKU0278,189,157,112,7
S032,SKU0279,193,156,123,1
S032,SKU0280,162,132,28,5
S032,SKU0281,72,43,86,7
S032,SKU0282,179,143,125,4
S032,SKU0283,123,84,108,1
S032,SKU0284,263,246,110,7
S032,SKU0285,250,219,146,1
S032,SKU0286,295,271,64,5
S032,SKU0287,144,108,91,1
S032,SKU0288,132,93,98,2
S032,SKU0289,214,176,46,4
S032,SKU0290,222,211,23,5
S032,SKU0291,58,42,89,4
S032,SKU0292,103,90,128,1
S032,SKU0293,62,23,73,7
S032,SKU0294,85,71,136,2
S032,SKU0295,254,241,126,6
S032,SKU0296,95,60,72,2
S032,SKU0297,184,165,65,3
S032,SKU0298,228,213,120,7
S032,SKU0299,239,214,100,3
S032,SKU0300,119,102,22,2
S032,SKU0301,167,149,20,7
S032,SKU0302,139,126,44,5
S032,SKU0303,220,186,33,7
S032,SKU0304,82,50,57,6
S032,SKU0305,249,210,100,5
S032,SKU0306,183,163,99,2
S032,SKU0307,237,209,49,4
S032,SKU0308,240,222,57,1
S032,SKU0309,143,125,144,2
S032,SKU0310,128,99,76,4
S032,SKU0311,135,101,43,4
S032,SKU0312,137,121,99,2
S032,SKU0313,94,83,124,2
S032,SKU0314,55,22,38,2
S032,SKU0315,144,119,36,1
S032,SKU0316,277,246,147,1
S032,SKU0317,129,115,30,5
S032,SKU0318,219,181,134,5
S032,SKU0319,202,189,95,7
S032,SKU0320,222,201,127,2
S032,SKU0321,233,209,91,4
S032,SKU0322,249,227,131,1
S032,SKU0323,120,99,110,6
S032,SKU0324,193,179,26,1
S032,SKU0325,151,131,101,4
S032,SKU0326,198,172,48,3
S032,SKU0327,165,146,105,4
S032,SKU0328,198,177,144,7
S032,SKU0329,233,206,44,6
S032,SKU0330,202,179,92,5
S032,SKU0331,131,116,73,3
S032,SKU0332,286,258,61,3
S032,SKU0333,165,144,85,3
S032,SKU0334,130,113,90,5
S032,SKU0335,102,77,51,2
S032,SKU0336,115,81,51,1
S032,SKU0337,135,97,72,7
S032,SKU0338,278,255,57,2
S032,SKU0339,183,169,81,4
S032,SKU0340,110,79,85,7
S032,SKU0341,127,114,24,3
S032,SKU0342,204,185,87,1
S032,SKU0343,184,163,59,2
S032,SKU0344,85,65,59,3
S032,SKU0345,233,221,148,7
S032,SKU0346,71,48,87,3
S032,SKU0347,250,240,118,7
S032,SKU0348,222,212,62,3
S032,SKU0349,123,99,54,7
S032,SKU0350,138,123,101,7
S032,SKU0351,76,38,147,6
S032,SKU0352,217,180,142,6
S032,SKU0353,249,227,124,6
S032,SKU0354,159,140,64,1
S032,SKU0355,261,224,35,7
S032,SKU0356,196,158,52,5
S032,SKU0357,165,142,30,2
S032,SKU0358,255,227,86,3
S032,SKU0359,57,31,64,3
S032,SKU0360,262,226,20,6
S032,SKU0361,228,208,91,5
S032,SKU0362,197,186,131,5
S032,SKU0363,63,52,90,6
S032,SKU0364,125,91,96,6
S032,SKU0365,99,62,115,7
S032,SKU0366,277,255,59,4
S032,SKU0367,117,90,81,7
S032,SKU0368,74,55,31,7
S032,SKU0369,60,37,98,4
S032,SKU0370,190,163,97,7
S032,SKU0371,248,234,124,5
S032,SKU0372,138,102,126,5
S032,SKU0373,211,198,100,7
S032,SKU0374,187,170,45,5
S032,SKU0375,61,23,93,6
S032,SKU0376,133,107,64,1
S032,SKU0377,128,95,85,2
S032,SKU0378,225,215,147,5
S032,SKU0379,89,75,135,5
S032,SKU0380,103,80,123,4
S032,SKU0381,270,244,116,1
S032,SKU0382,86,50,48,4
S032,SKU0383,228,207,50,4
S032,SKU0384,169,151,145,7
S032,SKU0385,149,134,49,3
S032,SKU0386,98,68,78,7
S032,SKU0387,184,164,42,2
S032,SKU0388,187,151,77,3
S032,SKU0389,271,254,51,7
S032,SKU0390,271,258,71,1
S032,SKU0391,275,253,86,1
S032,SKU0392,85,62,42,4
S032,SKU0393,72,58,51,5
S032,SKU0394,202,181,26,3
S032,SKU0395,262,247,137,2
S032,SKU0396,196,177,42,7
S032,SKU0397,229,212,110,3
S032,SKU0398,283,271,122,7
S032,SKU0399,58,41,120,7
S032,SKU0400,169,134,126,4
S032,SKU0401,125,87,140,3
S032,SKU0402,255,220,132,1
S032,SKU0403,102,64,118,4
S032,SKU0404,155,141,74,4
S032,SKU0405,177,166,135,4
S032,SKU0406,130,96,50,7
S032,SKU0407,67,53,144,4
S032,SKU0408,59,29,72,2
S032,SKU0409,186,159,102,6
S032,SKU0410,149,118,109,3
S032,SKU0411,261,247,147,5
S032,SKU0412,288,254,127,1
S032,SKU0413,292,262,101,2
S032,SKU0414,131,102,126,2
S032,SKU0415,91,80,56,3
S032,SKU0416,82,43,126,4
S032,SKU0417,239,223,37,3
S032,SKU0418,159,123,60,3
S032,SKU0419,225,186,136,7
S032,SKU0420,88,64,126,4
S032,SKU0421,284,253,36,6
S032,SKU0422,263,252,105,3
S032,SKU0423,232,203,49,4
S032,SKU0424,125,100,127,7
S032,SKU0425,294,277,62,4
S032,SKU0426,167,142,43,3
S032,SKU0427,53,18,104,5
S032,SKU0428,286,265,53,1
S032,SKU0429,195,178,41,3
S032,SKU0430,72,43,73,5
S032,SKU0431,238,221,89,7
S032,SKU0432,202,166,121,3
S032,SKU0433,245,209,21,6
S032,SKU0434,224,209,66,4
S032,SKU0435,226,209,72,6
S032,SKU0436,241,216,62,4
S032,SKU0437,241,228,63,6
S032,SKU0438,105,88,64,7
S032,SKU0439,259,237,99,3
S032,SKU0440,62,32,133,2
S032,SKU0441,143,119,110,6
S032,SKU0442,299,288,77,5
S032,SKU0443,60,39,80,4
S032,SKU0444,248,215,145,5
S032,SKU0445,213,175,128,5
S032,SKU0446,224,193,121,5
S032,SKU0447,59,39,89,3
S032,SKU0448,252,238,67,4
S032,SKU0449,125,112,107,2
S032,SKU0450,259,244,89,2
S032,SKU0451,141,125,104,4
S032,SKU0452,238,226,122,1
S032,SKU0453,256,243,120,1
S032,SKU0454,263,231,42,2
S032,SKU0455,70,57,94,1
S032,SKU0456,163,136,71,5
S032,SKU0457,199,175,22,2
S032,SKU0458,202,186,122,6
S032,SKU0459,242,203,30,7
S032,SKU0460,143,121,147,3
S032,SKU0461,202,192,116,2
S032,SKU0462,108,70,135,1
S032,SKU0463,109,87,116,5
S032,SKU0464,109,80,24,3
S032,SKU0465,282,243,46,1
S032,SKU0466,210,183,148,2
S032,SKU0467,214,187,102,7
S032,SKU0468,229,196,62,4
S032,SKU0469,174,140,117,1
S032,SKU0470,222,195,144,7
S032,SKU0471,70,36,128,5
S032,SKU0472,274,252,26,1
S032,SKU0473,131,112,22,4
S032,SKU0474,272,234,46,3
S032,SKU0475,80,43,59,2
S032,SKU0476,198,168,58,2
S032,SKU0477,178,158,137,3
S032,SKU0478,220,190,25,4
S032,SKU0479,60,32,116,6
S032,SKU0480,73,45,89,7
S032,SKU0481,171,146,60,6
S032,SKU0482,206,178,149,1
S032,SKU0483,287,271,28,4
S032,SKU0484,276,259,137,5
S032,SKU0485,175,148,118,1
S032,SKU0486,240,207,49,7
S032,SKU0487,125,107,129,1
S032,SKU0488,96,64,132,5
S032,SKU0489,280,253,76,2
S032,SKU0490,230,198,89,7
S032,SKU0491,82,59,99,6
S032,SKU0492,211,176,54,5
S032,SKU0493,122,105,22,3
S032,SKU0494,272,252,101,2
S032,SKU0495,213,202,136,6
S032,SKU0496,278,242,26,5
S032,SKU0497,254,221,77,7
S032,SKU0498,181,146,42,5
S032,SKU0499,90,54,119,4
S032,SKU0500,52,14,74,6
S033,SKU0001,92,63,114,1
S033,SKU0002,102,89,137,3
S033,SKU0003,52,31,42,1
S033,SKU0004,231,218,62,3
S033,SKU0005,288,271,27,3
S033,SKU0006,76,60,144,3
S033,SKU0007,177,145,95,6
S033,SKU0008,112,87,44,3
S033,SKU0009,245,213,37,7
S033,SKU0010,253,221,139,2
S033,SKU0011,271,259,24,2
S033,SKU0012,188,158,36,4
S033,SKU0013,186,161,97,2
S033,SKU0014,94,56,142,3
S033,SKU0015,294,262,141,2
S033,SKU0016,139,100,146,3
S033,SKU0017,156,117,41,1
S033,SKU0018,267,244,122,6
S033,SKU0019,171,154,84,3
S033,SKU0020,141,118,27,4
S033,SKU0021,205,177,84,1
S033,SKU0022,291,271,64,5
S033,SKU0023,230,196,59,7
S033,SKU0024,276,256,131,1
S033,SKU0025,208,170,91,2
S033,SKU0026,101,88,124,2
S033,SKU0027,93,59,39,6
S033,SKU0028,66,53,67,6
S033,SKU0029,229,198,69,2
S033,SKU0030,255,241,29,5
S033,SKU0031,78,64,39,3
S033,SKU0032,292,255,66,3
S033,SKU0033,223,202,61,2
S033,SKU0034,199,181,50,2
S033,SKU0035,189,158,127,5
S033,SKU0036,221,209,31,7
S033,SKU0037,80,42,24,2
S033,SKU0038,68,51,56,3
S033,SKU0039,185,175,137,5
S033,SKU0040,115,77,40,5
S033,SKU0041,50,13,103,5
S033,SKU0042,283,260,35,2
S033,SKU0043,209,175,85,6
S033,SKU0044,265,255,78,2
S033,SKU0045,215,180,100,5
S033,SKU0046,93,60,136,5
S033,SKU0047,143,105,102,4
S033,SKU0048,297,259,81,6
S033,SKU0049,280,253,138,4
S033,SKU0050,273,246,34,7
S033,SKU0051,150,120,84,4
S033,SKU0052,198,181,25,3
S033,SKU0053,282,252,25,5
S033,SKU0054,288,267,82,4
S033,SKU0055,85,53,130,6
S033,SKU0056,248,214,146,5
S033,SKU0057,239,216,61,7
S033,SKU0058,59,28,102,3
S033,SKU0059,175,148,92,5
S033,SKU0060,163,139,47,1
S033,SKU0061,192,172,131,6
S033,SKU0062,239,210,139,7
S033,SKU0063,85,64,137,4
S033,SKU0064,100,63,33,4
S033,SKU0065,150,123,84,2
S033,SKU0066,189,175,141,3
S033,SKU0067,129,103,49,6
S033,SKU0068,291,261,100,1
S033,SKU0069,59,37,116,1
S033,SKU0070,279,254,130,4
S033,SKU0071,105,86,129,1
S033,SKU0072,62,45,36,7
S033,SKU0073,160,142,90,6
S033,SKU0074,181,160,100,2
S033,SKU0075,263,250,133,5
S033,SKU0076,134,101,36,1
S033,SKU0077,247,215,84,4
S033,SKU0078,171,137,22,7
S033,SKU0079,207,172,71,2
S033,SKU0080,119,95,93,7
S033,SKU0081,202,191,27,5
S033,SKU0082,59,40,72,1
S033,SKU0083,234,208,96,5
S033,SKU0084,283,256,108,5
S033,SKU0085,73,50,44,2
S033,SKU0086,153,115,68,1
S033,SKU0087,190,153,106,7
S033,SKU0088,105,76,100,5
S033,SKU0089,265,251,56,2
S033,SKU0090,127,97,21,1
S033,SKU0091,170,140,134,3
S033,SKU0092,243,223,123,1
S033,SKU0093,207,181,78,5
S033,SKU0094,143,120,53,6
S033,SKU0095,294,259,126,5
S033,SKU0096,175,156,135,4
S033,SKU0097,93,78,20,1
S033,SKU0098,51,23,55,3
S033,SKU0099,264,237,100,5
S033,SKU0100,165,152,85,5
S033,SKU0101,295,278,115,2
S033,SKU0102,288,272,47,3
S033,SKU0103,295,268,115,6
S033,SKU0104,114,77,126,4
S033,SKU0105,223,211,45,3
S033,SKU0106,229,196,110,6
S033,SKU0107,98,86,120,2
S033,SKU0108,283,248,27,6
S033,SKU0109,99,66,80,4
S033,SKU0110,234,203,79,3
S033,SKU0111,181,166,28,2
S033,SKU0112,270,248,132,2
S033,SKU0113,269,247,136,4
S033,SKU0114,92,74,58,1
S033,SKU0115,66,37,54,3
S033,SKU0116,131,121,140,2
S033,SKU0117,126,116,99,2
S033,SKU0118,271,246,31,7
S033,SKU0119,113,75,25,4
S033,SKU0120,228,192,81,3
S033,SKU0121,201,180,121,4
S033,SKU0122,184,146,104,7
S033,SKU0123,231,202,138,4
S033,SKU0124,208,194,62,6
S033,SKU0125,268,254,73,4
S033,SKU0126,228,202,145,1
S033,SKU0127,133,99,91,5
S033,SKU0128,126,103,126,1
S033,SKU0129,294,260,68,4
S033,SKU0130,188,151,99,4
S033,SKU0131,202,165,140,3
S033,SKU0132,81,58,45,4
S033,SKU0133,112,98,45,5
S033,SKU0134,120,84,94,5
S033,SKU0135,139,120,116,3
S033,SKU0136,242,226,23,2
S033,SKU0137,103,68,74,3
S033,SKU0138,293,278,57,5
S033,SKU0139,111,94,118,5
S033,SKU0140,289,265,58,1
S033,SKU0141,148,116,110,5
S033,SKU0142,244,227,23,1
S033,SKU0143,211,176,131,7
S033,SKU0144,197,181,91,6
S033,SKU0145,104,77,105,6
S033,SKU0146,72,48,145,2
S033,SKU0147,158,143,50,5
S033,SKU0148,112,74,44,7
S033,SKU0149,182,166,98,7
S033,SKU0150,181,159,119,2
S033,SKU0151,193,156,129,5
S033,SKU0152,56,44,47,1
S033,SKU0153,152,120,49,6
S033,SKU0154,98,61,149,1
S033,SKU0155,71,59,76,6
S033,SKU0156,266,229,128,7
S033,SKU0157,123,108,51,3
S033,SKU0158,177,164,60,3
S033,SKU0159,214,182,72,5
S033,SKU0160,130,116,100,1
S033,SKU0161,287,271,127,2
S033,SKU0162,115,88,109,6
S033,SKU0163,117,106,32,3
S033,SKU0164,150,120,103,7
S033,SKU0165,140,116,134,1
S033,SKU0166,293,277,140,6
S033,SKU0167,58,27,40,3
S033,SKU0168,294,256,40,1
S033,SKU0169,251,225,80,6
S033,SKU0170,262,226,130,4
S033,SKU0171,152,123,65,6
S033,SKU0172,91,60,26,1
S033,SKU0173,132,109,133,5
S033,SKU0174,186,151,86,2
S033,SKU0175,70,31,117,5
S033,SKU0176,261,241,105,4
S033,SKU0177,82,53,86,7
S033,SKU0178,186,158,120,1
S033,SKU0179,181,171,100,7
S033,SKU0180,121,83,93,3
S033,SKU0181,239,208,99,4
S033,SKU0182,274,252,127,3
S033,SKU0183,174,143,76,6
S033,SKU0184,180,163,107,6
S033,SKU0185,84,47,141,2
S033,SKU0186,89,69,99,4
S033,SKU0187,52,40,96,3
S033,SKU0188,226,209,98,3
S033,SKU0189,104,65,101,5
S033,SKU0190,245,213,129,6
S033,SKU0191,199,169,79,4
S033,SKU0192,192,154,118,7
S033,SKU0193,114,88,51,3
S033,SKU0194,93,63,105,2
S033,SKU0195,58,26,135,2
S033,SKU0196,224,211,149,5
S033,SKU0197,57,47,107,3
S033,SKU0198,212,199,113,6
S033,SKU0199,157,131,98,6
S033,SKU0200,186,161,65,3
S033,SKU0201,276,245,32,7
S033,SKU0202,270,247,28,7
S033,SKU0203,150,129,100,1
S033,SKU0204,245,208,114,1
S033,SKU0205,253,216,67,5
S033,SKU0206,83,53,77,6
S033,SKU0207,167,153,82,7
S033,SKU0208,79,66,130,6
S033,SKU0209,67,35,148,3
S033,SKU0210,99,70,103,1
S033,SKU0211,95,67,37,6
S033,SKU0212,84,55,94,7
S033,SKU0213,208,176,51,7
S033,SKU0214,233,204,31,1
S033,SKU0215,220,206,82,3
S033,SKU0216,62,24,123,2
S033,SKU0217,186,150,49,6
S033,SKU0218,50,37,32,3
S033,SKU0219,101,80,123,6
S033,SKU0220,267,229,124,2
S033,SKU0221,266,250,80,7
S033,SKU0222,152,122,78,7
S033,SKU0223,148,112,144,7
S033,SKU0224,123,106,101,6
S033,SKU0225,205,190,72,6
S033,SKU0226,282,252,68,7
S033,SKU0227,51,26,125,3
S033,SKU0228,67,44,60,4
S033,SKU0229,266,245,64,3
S033,SKU0230,85,53,77,5
S033,SKU0231,125,94,108,2
S033,SKU0232,127,115,54,2
S033,SKU0233,214,182,113,6
S033,SKU0234,208,183,42,6
S033,SKU0235,145,135,30,7
S033,SKU0236,178,140,143,6
S033,SKU0237,236,211,68,6
S033,SKU0238,177,147,146,3
S033,SKU0239,175,147,40,6
S033,SKU0240,287,263,54,1
S033,SKU0241,151,118,145,2
S033,SKU0242,92,77,24,6
S033,SKU0243,199,172,24,2
S033,SKU0244,271,235,109,6
S033,SKU0245,135,108,138,6
S033,SKU0246,205,192,144,1
S033,SKU0247,211,176,131,6
S033,SKU0248,271,236,101,2
S033,SKU0249,273,250,20,4
S033,SKU0250,123,102,105,7
S033,SKU0251,299,274,49,7
S033,SKU0252,287,264,101,3
S033,SKU0253,230,204,120,6
S033,SKU0254,156,131,136,3
S033,SKU0255,176,137,85,3
S033,SKU0256,173,140,118,2
S033,SKU0257,147,112,144,5
S033,SKU0258,208,177,120,5
S033,SKU0259,282,250,51,3
S033,SKU0260,288,249,80,2
S033,SKU0261,207,186,63,6
S033,SKU0262,68,54,111,4
S033,SKU0263,194,173,38,5
S033,SKU0264,81,44,149,3
S033,SKU0265,260,243,94,3
S033,SKU0266,122,111,37,6
S033,SKU0267,200,169,62,2
S033,SKU0268,255,236,94,3
S033,SKU0269,254,221,68,7
S033,SKU0270,282,255,57,5
S033,SKU0271,247,215,68,5
S033,SKU0272,88,56,45,7
S033,SKU0273,89,65,46,2
S033,SKU0274,52,33,40,3
S033,SKU0275,70,38,120,5
S033,SKU0276,67,40,48,5
S033,SKU0277,255,223,123,5
S033,SKU0278,217,194,82,7
S033,SKU0279,133,112,125,5
S033,SKU0280,272,248,26,2
S033,SKU0281,257,223,37,6
S033,SKU0282,287,267,137,7
S033,SKU0283,181,165,87,6
S033,SKU0284,141,105,145,5
S033,SKU0285,159,138,71,2
S033,SKU0286,244,215,62,3
S033,SKU0287,147,118,53,2
S033,SKU0288,122,98,64,6
S033,SKU0289,90,72,65,3
S033,SKU0290,56,33,66,1
S033,SKU0291,166,132,69,3
S033,SKU0292,212,185,66,2
S033,SKU0293,115,96,77,2
S033,SKU0294,233,205,25,5
S033,SKU0295,98,75,102,7
S033,SKU0296,193,167,88,5
S033,SKU0297,107,83,101,6
S033,SKU0298,157,145,126,4
S033,SKU0299,226,192,142,2
S033,SKU0300,238,203,125,6
S033,SKU0301,99,82,87,3
S033,SKU0302,77,39,77,2
S033,SKU0303,208,198,67,4
S033,SKU0304,183,155,127,7
S033,SKU0305,264,238,63,6
S033,SKU0306,121,88,41,6
S033,SKU0307,217,187,31,4
S033,SKU0308,280,260,104,3
S033,SKU0309,142,108,58,3
S033,SKU0310,290,255,46,3
S033,SKU0311,269,247,78,1
S033,SKU0312,283,271,108,2
S033,SKU0313,97,79,72,7
S033,SKU0314,299,278,92,4
S033,SKU0315,278,265,147,1
S033,SKU0316,251,216,46,5
S033,SKU0317,206,192,141,2
S033,SKU0318,120,97,139,5
S033,SKU0319,181,169,103,6
S033,SKU0320,118,82,22,3
S033,SKU0321,283,245,78,3
S033,SKU0322,165,134,108,5
S033,SKU0323,130,103,104,5
S033,SKU0324,286,250,77,4
S033,SKU0325,294,267,50,4
S033,SKU0326,126,95,21,6
S033,SKU0327,89,71,117,3
S033,SKU0328,171,143,43,4
S033,SKU0329,195,172,54,2
S033,SKU0330,293,280,95,5
S033,SKU0331,55,32,86,5
S033,SKU0332,210,180,144,2
S033,SKU0333,122,88,41,6
S033,SKU0334,96,57,47,3
S033,SKU0335,206,192,21,2
S033,SKU0336,113,78,106,7
S033,SKU0337,120,93,31,6
S033,SKU0338,110,80,73,3
S033,SKU0339,234,220,35,5
S033,SKU0340,265,246,142,4
S033,SKU0341,229,207,39,6
S033,SKU0342,132,94,31,7
S033,SKU0343,182,155,79,7
S033,SKU0344,262,227,54,3
S033,SKU0345,215,187,84,1
S033,SKU0346,75,43,88,3
S033,SKU0347,119,96,132,5
S033,SKU0348,163,128,97,6
S033,SKU0349,150,116,127,5
S033,SKU0350,126,99,27,5
S033,SKU0351,187,174,53,3
S033,SKU0352,70,51,135,4
S033,SKU0353,237,222,110,5
S033,SKU0354,96,73,118,5
S033,SKU0355,102,86,104,5
S033,SKU0356,194,160,144,2
S033,SKU0357,191,155,148,1
S033,SKU0358,128,105,91,5
S033,SKU0359,87,59,113,6
S033,SKU0360,198,178,132,4
S033,SKU0361,258,230,29,1
S033,SKU0362,182,146,129,1
S033,SKU0363,73,42,127,2
S033,SKU0364,62,48,48,1
S033,SKU0365,61,47,136,6
S033,SKU0366,92,70,21,7
S033,SKU0367,87,71,108,5
S033,SKU0368,263,244,141,7
S033,SKU0369,239,200,136,5
S033,SKU0370,192,161,119,3
S033,SKU0371,132,94,88,1
S033,SKU0372,219,188,86,5
S033,SKU0373,254,233,61,6
S033,SKU0374,175,157,128,5
S033,SKU0375,108,74,72,7
S033,SKU0376,261,228,94,7
S033,SKU0377,256,235,131,7
S033,SKU0378,200,170,113,3
S033,SKU0379,288,266,121,6
S033,SKU0380,126,109,133,6
S033,SKU0381,223,211,42,1
S033,SKU0382,109,89,62,6
S033,SKU0383,90,60,143,6
S033,SKU0384,53,41,53,1
S033,SKU0385,108,85,38,6
S033,SKU0386,252,218,45,1
S033,SKU0387,116,105,76,2
S033,SKU0388,160,141,103,4
S033,SKU0389,126,91,94,4
S033,SKU0390,270,252,34,2
S033,SKU0391,82,71,75,2
S033,SKU0392,218,200,85,5
S033,SKU0393,268,242,61,7
S033,SKU0394,131,97,130,7
S033,SKU0395,159,134,120,6
S033,SKU0396,203,170,57,3
S033,SKU0397,288,259,141,3
S033,SKU0398,218,195,61,3
S033,SKU0399,77,57,139,6
S033,SKU0400,293,277,22,7
S033,SKU0401,148,127,99,2
S033,SKU0402,79,59,84,6
S033,SKU0403,134,96,49,3
S033,SKU0404,200,169,39,2
S033,SKU0405,198,165,64,7
S033,SKU0406,220,200,86,2
S033,SKU0407,289,255,71,1
S033,SKU0408,211,178,120,2
S033,SKU0409,247,232,25,4
S033,SKU0410,217,185,114,1
S033,SKU0411,276,243,131,2
S033,SKU0412,74,39,79,2
S033,SKU0413,275,239,46,5
S033,SKU0414,265,239,88,7
S033,SKU0415,206,182,100,3
S033,SKU0416,78,48,148,5
S033,SKU0417,291,267,32,7
S033,SKU0418,213,190,98,2
S033,SKU0419,214,187,144,6
S033,SKU0420,58,22,64,3
S033,SKU0421,151,134,146,1
S033,SKU0422,201,162,118,2
S033,SKU0423,112,83,130,4
S033,SKU0424,139,110,97,1
S033,SKU0425,259,242,125,6
S033,SKU0426,285,247,37,6
S033,SKU0427,100,67,62,1
S033,SKU0428,52,35,102,3
S033,SKU0429,238,207,104,5
S033,SKU0430,239,214,130,7
S033,SKU0431,168,156,143,5
S033,SKU0432,270,238,89,7
S033,SKU0433,273,262,78,4
S033,SKU0434,250,223,138,3
S033,SKU0435,259,249,136,6
S033,SKU0436,194,158,81,7
S033,SKU0437,71,56,60,7
S033,SKU0438,271,254,135,1
S033,SKU0439,268,255,42,1
S033,SKU0440,197,181,47,7
S033,SKU0441,261,234,142,7
S033,SKU0442,103,64,85,7
S033,SKU0443,163,146,146,5
S033,SKU0444,216,187,129,1
S033,SKU0445,71,48,118,3
S033,SKU0446,238,200,41,6
S033,SKU0447,74,54,88,7
S033,SKU0448,242,227,93,6
S033,SKU0449,156,120,105,4
S033,SKU0450,91,65,95,2
S033,SKU0451,64,43,93,4
S033,SKU0452,284,264,42,1
S033,SKU0453,141,109,96,5
S033,SKU0454,261,237,96,7
S033,SKU0455,145,113,91,5
S033,SKU0456,99,64,109,7
S033,SKU0457,107,68,74,4
S033,SKU0458,155,135,138,1
S033,SKU0459,238,220,129,6
S033,SKU0460,164,145,141,4
S033,SKU0461,245,224,48,3
S033,SKU0462,292,274,116,2
S033,SKU0463,203,184,138,7
S033,SKU0464,140,117,148,1
S033,SKU0465,225,213,90,7
S033,SKU0466,257,246,33,5
S033,SKU0467,244,210,85,2
S033,SKU0468,57,29,115,5
S033,SKU0469,101,85,87,5
S033,SKU0470,142,131,89,6
S033,SKU0471,241,212,78,1
S033,SKU0472,179,166,27,5
S033,SKU0473,249,215,114,3
S033,SKU0474,258,222,33,5
S033,SKU0475,119,109,74,5
S033,SKU0476,180,147,99,2
S033,SKU0477,292,260,128,6
S033,SKU0478,168,139,44,4
S033,SKU0479,131,104,33,1
S033,SKU0480,60,50,148,7
S033,SKU0481,232,214,135,3
S033,SKU0482,104,69,136,3
S033,SKU0483,175,158,23,3
S033,SKU0484,271,253,92,1
S033,SKU0485,99,89,54,1
S033,SKU0486,124,85,22,6
S033,SKU0487,123,89,105,5
S033,SKU0488,197,162,119,7
S033,SKU0489,67,33,85,4
S033,SKU0490,258,221,54,7
S033,SKU0491,235,221,32,1
S033,SKU0492,275,243,138,1
S033,SKU0493,61,40,91,7
S033,SKU0494,293,262,142,4
S033,SKU0495,133,116,70,5
S033,SKU0496,197,168,36,4
S033,SKU0497,277,260,90,6
S033,SKU0498,217,190,32,2
S033,SKU0499,53,32,90,3
S033,SKU0500,201,177,31,7
S034,SKU0001,148,136,55,3
S034,SKU0002,277,265,51,7
S034,SKU0003,233,210,92,5
S034,SKU0004,153,117,23,1
S034,SKU0005,161,130,40,6
S034,SKU0006,295,277,141,7
S034,SKU0007,189,170,140,6
S034,SKU0008,123,99,88,7
S034,SKU0009,216,192,139,1
S034,SKU0010,117,104,104,6
S034,SKU0011,54,43,31,6
S034,SKU0012,228,217,107,5
S034,SKU0013,179,164,61,1
S034,SKU0014,198,173,106,4
S034,SKU0015,167,153,24,5
S034,SKU0016,248,209,80,2
S034,SKU0017,220,188,112,4
S034,SKU0018,61,39,107,4
S034,SKU0019,154,132,123,7
S034,SKU0020,220,204,43,5
S034,SKU0021,282,265,97,5
S034,SKU0022,112,90,47,1
S034,SKU0023,104,83,33,4
S034,SKU0024,61,28,35,6
S034,SKU0025,125,93,134,5
S034,SKU0026,126,115,33,4
S034,SKU0027,270,243,64,7
S034,SKU0028,65,47,37,3
S034,SKU0029,231,201,136,6
S034,SKU0030,77,48,95,1
S034,SKU0031,182,166,64,4
S034,SKU0032,101,88,31,1
S034,SKU0033,203,186,42,1
S034,SKU0034,81,46,87,2
S034,SKU0035,172,140,63,7
S034,SKU0036,54,32,35,5
S034,SKU0037,244,233,132,1
S034,SKU0038,110,86,139,3
S034,SKU0039,285,246,75,7
S034,SKU0040,284,247,100,4
S034,SKU0041,291,277,105,3
S034,SKU0042,222,186,34,5
S034,SKU0043,268,253,103,5
S034,SKU0044,153,128,95,6
S034,SKU0045,81,51,133,6
S034,SKU0046,105,74,83,6
S034,SKU0047,183,168,98,5
S034,SKU0048,128,91,122,1
S034,SKU0049,133,117,48,4
S034,SKU0050,193,154,25,6
S034,SKU0051,279,266,28,2
S034,SKU0052,200,181,148,5
S034,SKU0053,287,259,111,4
S034,SKU0054,65,28,139,1
S034,SKU0055,292,274,70,2
S034,SKU0056,132,96,27,5
S034,SKU0057,290,270,122,1
S034,SKU0058,215,200,132,6
S034,SKU0059,67,55,113,5
S034,SKU0060,267,230,102,4
S034,SKU0061,92,58,122,4
S034,SKU0062,75,55,134,4
S034,SKU0063,198,172,103,7
S034,SKU0064,176,139,72,2
S034,SKU0065,166,142,47,2
S034,SKU0066,219,185,134,1
S034,SKU0067,183,171,137,7
S034,SKU0068,129,111,128,7
S034,SKU0069,183,164,37,4
S034,SKU0070,149,115,29,7
S034,SKU0071,224,193,81,2
S034,SKU0072,238,227,128,2
S034,SKU0073,247,212,70,5
S034,SKU0074,166,153,78,6
S034,SKU0075,275,254,83,5
S034,SKU0076,284,258,37,2
S034,SKU0077,114,102,115,2
S034,SKU0078,82,72,110,2
S034,SKU0079,120,108,39,6
S034,SKU0080,135,116,90,6
S034,SKU0081,95,85,67,1
S034,SKU0082,244,207,72,7
S034,SKU0083,199,169,107,3
S034,SKU0084,203,186,131,3
S034,SKU0085,247,230,109,7
S034,SKU0086,101,79,37,7
S034,SKU0087,68,32,89,3
S034,SKU0088,212,196,36,4
S034,SKU0089,137,103,37,5
S034,SKU0090,98,76,118,2
S034,SKU0091,235,223,55,4
S034,SKU0092,157,125,39,5
S034,SKU0093,86,54,120,1
S034,SKU0094,81,50,99,5
S034,SKU0095,271,245,53,2
S034,SKU0096,112,91,50,6
S034,SKU0097,95,64,100,2
S034,SKU0098,221,207,100,1
S034,SKU0099,234,196,79,1
S034,SKU0100,83,62,25,2
S034,SKU0101,146,124,129,5
S034,SKU0102,288,255,66,7
S034,SKU0103,59,38,129,1
S034,SKU0104,106,71,143,6
S034,SKU0105,79,56,106,3
S034,SKU0106,185,150,124,2
S034,SKU0107,179,153,47,2
S034,SKU0108,67,46,99,2
S034,SKU0109,210,191,59,4
S034,SKU0110,198,188,69,7
S034,SKU0111,145,118,76,1
S034,SKU0112,228,205,44,7
S034,SKU0113,98,68,28,3
S034,SKU0114,247,232,97,3
S034,SKU0115,173,139,111,1
S034,SKU0116,218,184,101,3
S034,SKU0117,234,206,25,1
S034,SKU0118,110,90,48,5
S034,SKU0119,134,100,86,7
S034,SKU0120,182,155,123,1
S034,SKU0121,135,108,34,3
S034,SKU0122,117,107,127,5
S034,SKU0123,279,257,105,7
S034,SKU0124,171,157,50,6
S034,SKU0125,166,145,28,2
S034,SKU0126,67,35,72,5
S034,SKU0127,178,160,73,6
S034,SKU0128,154,122,103,4
S034,SKU0129,234,199,35,1
S034,SKU0130,210,178,71,1
S034,SKU0131,240,220,126,1
S034,SKU0132,223,198,31,3
S034,SKU0133,112,87,102,2
S034,SKU0134,260,230,92,3
S034,SKU0135,69,58,82,4
S034,SKU0136,182,171,50,3
S034,SKU0137,80,44,60,5
S034,SKU0138,179,149,32,3
S034,SKU0139,81,48,21,1
S034,SKU0140,177,166,36,5
S034,SKU0141,111,96,145,3
S034,SKU0142,59,20,22,4
S034,SKU0143,140,124,146,4
S034,SKU0144,241,230,82,1
S034,SKU0145,209,175,149,2
S034,SKU0146,118,82,46,1
S034,SKU0147,208,198,39,6
S034,SKU0148,149,125,82,4
S034,SKU0149,202,163,20,2
S034,SKU0150,89,68,148,4
S034,SKU0151,65,48,47,6
S034,SKU0152,131,101,115,2
S034,SKU0153,143,128,112,1
S034,SKU0154,86,76,122,6
S034,SKU0155,244,232,45,6
S034,SKU0156,168,142,133,4
S034,SKU0157,106,78,107,6
S034,SKU0158,59,37,33,1
S034,SKU0159,175,152,104,4
S034,SKU0160,70,37,84,7
S034,SKU0161,154,122,94,7
S034,SKU0162,76,39,38,6
S034,SKU0163,65,42,99,4
S034,SKU0164,83,58,104,7
S034,SKU0165,152,136,44,1
S034,SKU0166,208,173,43,4
S034,SKU0167,96,58,146,6
S034,SKU0168,294,269,47,7
S034,SKU0169,71,33,128,3
S034,SKU0170,161,149,41,6
S034,SKU0171,62,47,147,4
S034,SKU0172,105,95,141,1
S034,SKU0173,176,143,128,1
S034,SKU0174,167,133,28,7
S034,SKU0175,56,33,56,7
S034,SKU0176,249,235,88,7
S034,SKU0177,172,147,22,2
S034,SKU0178,52,24,72,7
S034,SKU0179,70,50,146,4
S034,SKU0180,290,257,104,3
S034,SKU0181,61,46,43,3
S034,SKU0182,275,260,111,4
S034,SKU0183,191,180,57,4
S034,SKU0184,271,243,64,1
S034,SKU0185,158,131,31,1
S034,SKU0186,66,32,124,2
S034,SKU0187,80,58,100,2
S034,SKU0188,161,147,67,2
S034,SKU0189,249,222,58,7
S034,SKU0190,208,192,103,5
S034,SKU0191,252,217,107,7
S034,SKU0192,88,53,133,2
S034,SKU0193,178,156,89,4
S034,SKU0194,190,164,57,1
S034,SKU0195,260,230,37,5
S034,SKU0196,117,92,123,3
S034,SKU0197,245,224,78,2
S034,SKU0198,155,128,120,5
S034,SKU0199,290,269,121,3
S034,SKU0200,132,117,83,6
S034,SKU0201,188,152,125,7
S034,SKU0202,165,128,126,3
S034,SKU0203,90,59,89,4
S034,SKU0204,139,107,119,3
S034,SKU0205,110,99,92,5
S034,SKU0206,223,193,71,7
S034,SKU0207,296,276,31,5
S034,SKU0208,121,104,35,5
S034,SKU0209,232,220,86,6
S034,SKU0210,234,197,146,1
S034,SKU0211,122,93,64,4
S034,SKU0212,230,211,107,4
S034,SKU0213,272,233,93,2
S034,SKU0214,171,141,47,3
S034,SKU0215,249,222,144,6
S034,SKU0216,99,70,110,5
S034,SKU0217,288,258,89,5
S034,SKU0218,119,82,94,5
S034,SKU0219,130,93,109,5
S034,SKU0220,170,151,84,6
S034,SKU0221,136,111,136,7
S034,SKU0222,180,160,44,4
S034,SKU0223,296,276,97,5
S034,SKU0224,138,118,132,4
S034,SKU0225,62,27,31,1
S034,SKU0226,285,267,85,3
S034,SKU0227,143,130,146,7
S034,SKU0228,125,96,45,5
S034,SKU0229,199,180,77,7
S034,SKU0230,92,68,108,5
S034,SKU0231,95,81,121,5
S034,SKU0232,199,171,114,1
S034,SKU0233,216,200,101,7
S034,SKU0234,282,249,131,3
S034,SKU0235,82,66,135,3
S034,SKU0236,97,78,23,1
S034,SKU0237,234,201,31,6
S034,SKU0238,58,19,106,3
S034,SKU0239,127,100,118,7
S034,SKU0240,276,252,21,5
S034,SKU0241,219,201,95,3
S034,SKU0242,110,86,134,4
S034,SKU0243,158,126,38,3
S034,SKU0244,191,173,41,3
S034,SKU0245,226,191,143,7
S034,SKU0246,136,112,72,1
S034,SKU0247,141,114,66,3
S034,SKU0248,136,118,26,7
S034,SKU0249,67,36,45,2
S034,SKU0250,75,42,106,2
S034,SKU0251,172,148,112,4
S034,SKU0252,74,36,131,4
S034,SKU0253,100,72,70,3
S034,SKU0254,109,97,77,4
S034,SKU0255,250,219,108,6
S034,SKU0256,90,67,76,5
S034,SKU0257,201,182,125,6
S034,SKU0258,97,67,40,2
S034,SKU0259,98,64,62,4
S034,SKU0260,257,227,50,4
S034,SKU0261,198,159,103,2
S034,SKU0262,75,45,84,3
S034,SKU0263,126,112,139,5
S034,SKU0264,127,111,99,6
S034,SKU0265,227,209,69,3
S034,SKU0266,258,226,76,7
S034,SKU0267,69,52,53,5
S034,SKU0268,131,116,140,7
S034,SKU0269,278,251,102,7
S034,SKU0270,203,177,69,4
S034,SKU0271,81,51,85,2
S034,SKU0272,225,192,82,5
S034,SKU0273,144,124,62,2
S034,SKU0274,169,134,43,3
S034,SKU0275,81,52,143,4
S034,SKU0276,214,178,52,1
S034,SKU0277,217,186,116,6
S034,SKU0278,142,105,33,6
S034,SKU0279,112,89,79,1
S034,SKU0280,220,205,80,1
S034,SKU0281,190,173,20,1
S034,SKU0282,232,202,135,5
S034,SKU0283,229,219,127,4
S034,SKU0284,169,144,138,5
S034,SKU0285,113,80,25,6
S034,SKU0286,68,45,30,7
S034,SKU0287,202,174,67,5
S034,SKU0288,178,139,91,3
S034,SKU0289,253,240,33,1
S034,SKU0290,230,204,90,4
S034,SKU0291,132,107,137,1
S034,SKU0292,212,192,96,5
S034,SKU0293,162,126,130,2
S034,SKU0294,185,173,99,6
S034,SKU0295,153,130,126,1
S034,SKU0296,140,124,143,6
S034,SKU0297,136,121,64,2
S034,SKU0298,139,116,61,2
S034,SKU0299,242,231,130,6
S034,SKU0300,51,20,81,6
S034,SKU0301,146,123,107,5
S034,SKU0302,234,205,35,7
S034,SKU0303,163,142,143,3
S034,SKU0304,213,174,49,4
S034,SKU0305,136,119,118,2
S034,SKU0306,207,185,53,5
S034,SKU0307,277,246,116,7
S034,SKU0308,167,145,142,5
S034,SKU0309,149,120,117,7
S034,SKU0310,248,229,74,7
S034,SKU0311,153,116,49,6
S034,SKU0312,88,60,89,7
S034,SKU0313,240,217,33,5
S034,SKU0314,214,182,146,3
S034,SKU0315,65,31,75,2
S034,SKU0316,254,241,58,7
S034,SKU0317,210,180,125,4
S034,SKU0318,158,141,91,2
S034,SKU0319,100,61,61,3
S034,SKU0320,147,130,61,7
S034,SKU0321,286,255,108,1
S034,SKU0322,279,261,76,6
S034,SKU0323,145,110,124,3
S034,SKU0324,195,156,121,6
S034,SKU0325,168,135,114,4
S034,SKU0326,128,100,72,4
S034,SKU0327,213,189,132,6
S034,SKU0328,290,262,101,1
S034,SKU0329,145,113,42,5
S034,SKU0330,209,179,20,7
S034,SKU0331,278,248,131,3
S034,SKU0332,118,84,25,7
S034,SKU0333,223,212,107,4
S034,SKU0334,220,206,52,7
S034,SKU0335,138,104,116,4
S034,SKU0336,163,144,29,1
S034,SKU0337,246,228,58,7
S034,SKU0338,230,210,118,6
S034,SKU0339,243,209,32,1
S034,SKU0340,240,204,54,6
S034,SKU0341,106,95,20,1
S034,SKU0342,271,254,94,7
S034,SKU0343,239,208,138,5
S034,SKU0344,269,244,136,4
S034,SKU0345,66,48,61,7
S034,SKU0346,202,179,148,1
S034,SKU0347,260,224,104,7
S034,SKU0348,196,179,47,2
S034,SKU0349,58,42,133,3
S034,SKU0350,132,99,49,6
S034,SKU0351,92,56,130,2
S034,SKU0352,113,94,69,3
S034,SKU0353,211,195,111,3
S034,SKU0354,272,249,31,5
S034,SKU0355,237,198,38,3
S034,SKU0356,150,128,145,6
S034,SKU0357,234,195,146,4
S034,SKU0358,134,98,96,7
S034,SKU0359,272,246,90,4
S034,SKU0360,66,53,97,3
S034,SKU0361,82,48,44,4
S034,SKU0362,250,216,129,3
S034,SKU0363,233,209,32,6
S034,SKU0364,183,172,112,7
S034,SKU0365,256,241,74,2
S034,SKU0366,170,146,91,3
S034,SKU0367,95,82,50,1
S034,SKU0368,210,196,97,2
S034,SKU0369,76,41,37,3
S034,SKU0370,91,66,132,2
S034,SKU0371,157,139,60,4
S034,SKU0372,87,72,118,3
S034,SKU0373,90,70,39,4
S034,SKU0374,235,200,101,7
S034,SKU0375,238,223,36,7
S034,SKU0376,123,93,96,3
S034,SKU0377,241,222,141,4
S034,SKU0378,89,75,122,2
S034,SKU0379,230,213,144,7
S034,SKU0380,289,273,59,2
S034,SKU0381,257,228,60,6
S034,SKU0382,86,47,61,2
S034,SKU0383,119,92,89,6
S034,SKU0384,156,118,83,3
S034,SKU0385,197,181,87,6
S034,SKU0386,275,244,68,1
S034,SKU0387,97,69,124,2
S034,SKU0388,211,184,129,1
S034,SKU0389,295,268,46,3
S034,SKU0390,204,170,28,6
S034,SKU0391,203,165,84,6
S034,SKU0392,150,131,85,3
S034,SKU0393,274,259,137,4
S034,SKU0394,164,148,65,3
S034,SKU0395,124,114,30,6
S034,SKU0396,73,61,70,1
S034,SKU0397,171,137,76,3
S034,SKU0398,250,225,102,2
S034,SKU0399,55,30,133,6
S034,SKU0400,128,111,90,1
S034,SKU0401,74,41,106,7
S034,SKU0402,211,200,64,1
S034,SKU0403,172,162,137,3
S034,SKU0404,277,260,95,1
S034,SKU0405,176,165,65,6
S034,SKU0406,162,140,141,2
S034,SKU0407,277,243,104,2
S034,SKU0408,197,160,70,5
S034,SKU0409,186,170,111,4
S034,SKU0410,89,60,120,2
S034,SKU0411,175,146,125,1
S034,SKU0412,139,108,70,6
S034,SKU0413,92,78,87,3
S034,SKU0414,67,50,43,4
S034,SKU0415,297,266,95,5
S034,SKU0416,218,186,66,7
S034,SKU0417,199,167,76,4
S034,SKU0418,61,28,107,2
S034,SKU0419,90,74,148,2
S034,SKU0420,218,203,87,1
S034,SKU0421,73,60,80,2
S034,SKU0422,215,191,85,4
S034,SKU0423,259,241,140,4
S034,SKU0424,122,103,109,2
S034,SKU0425,105,90,106,4
S034,SKU0426,247,208,120,5
S034,SKU0427,221,190,58,1
S034,SKU0428,74,45,132,3
S034,SKU0429,50,30,43,4
S034,SKU0430,176,157,116,2
S034,SKU0431,190,171,76,2
S034,SKU0432,269,259,31,6
S034,SKU0433,151,125,112,1
S034,SKU0434,187,158,103,5
S034,SKU0435,284,253,78,4
S034,SKU0436,92,57,70,7
S034,SKU0437,291,266,79,4
S034,SKU0438,150,130,29,7
S034,SKU0439,166,127,51,6
S034,SKU0440,72,48,120,7
S034,SKU0441,218,180,131,4
S034,SKU0442,137,101,43,6
S034,SKU0443,299,280,24,5
S034,SKU0444,88,51,142,6
S034,SKU0445,126,87,104,6
S034,SKU0446,264,227,30,4
S034,SKU0447,297,268,140,7
S034,SKU0448,156,126,143,7
S034,SKU0449,215,196,79,2
S034,SKU0450,266,234,123,2
S034,SKU0451,102,73,38,5
S034,SKU0452,204,182,95,6
S034,SKU0453,268,238,136,4
S034,SKU0454,269,236,51,3
S034,SKU0455,123,99,81,6
S034,SKU0456,156,127,25,2
S034,SKU0457,262,230,21,7
S034,SKU0458,132,108,142,6
S034,SKU0459,131,113,97,6
S034,SKU0460,223,204,39,1
S034,SKU0461,94,74,120,1
S034,SKU0462,195,161,132,1
S034,SKU0463,211,193,83,1
S034,SKU0464,219,206,31,3
S034,SKU0465,251,215,51,7
S034,SKU0466,265,238,108,6
S034,SKU0467,284,251,86,2
S034,SKU0468,183,152,56,1
S034,SKU0469,146,116,104,2
S034,SKU0470,285,249,98,7
S034,SKU0471,89,67,96,3
S034,SKU0472,298,284,133,6
S034,SKU0473,157,138,98,2
S034,SKU0474,244,233,96,7
S034,SKU0475,188,154,95,6
S034,SKU0476,71,56,122,1
S034,SKU0477,256,245,49,5
S034,SKU0478,239,223,59,7
S034,SKU0479,132,101,83,3
S034,SKU0480,129,92,119,5
S034,SKU0481,253,232,50,5
S034,SKU0482,178,152,34,7
S034,SKU0483,59,46,123,2
S034,SKU0484,234,223,51,4
S034,SKU0485,235,219,76,4
S034,SKU0486,105,77,128,3
S034,SKU0487,247,235,131,2
S034,SKU0488,157,127,123,4
S034,SKU0489,297,274,67,4
S034,SKU0490,61,47,33,5
S034,SKU0491,121,95,101,2
S034,SKU0492,251,236,99,3
S034,SKU0493,208,190,67,5
S034,SKU0494,100,63,96,5
S034,SKU0495,256,240,40,6
S034,SKU0496,102,64,125,3
S034,SKU0497,68,44,79,1
S034,SKU0498,189,171,86,6
S034,SKU0499,218,189,32,2
S034,SKU0500,200,185,135,3
S035,SKU0001,251,231,108,3
S035,SKU0002,84,58,145,2
S035,SKU0003,224,193,147,3
S035,SKU0004,241,222,92,6
S035,SKU0005,264,232,96,3
S035,SKU0006,293,280,69,6
S035,SKU0007,128,114,38,7
S035,SKU0008,248,234,133,3
S035,SKU0009,230,194,105,4
S035,SKU0010,253,225,128,3
S035,SKU0011,56,27,30,7
S035,SKU0012,207,190,45,5
S035,SKU0013,152,123,99,1
S035,SKU0014,79,66,48,6
S035,SKU0015,150,115,43,1
S035,SKU0016,142,123,59,5
S035,SKU0017,222,186,127,3
S035,SKU0018,69,56,76,3
S035,SKU0019,242,223,92,6
S035,SKU0020,210,191,134,4
S035,SKU0021,299,281,63,6
S035,SKU0022,204,189,128,3
S035,SKU0023,157,132,111,3
S035,SKU0024,259,221,89,5
S035,SKU0025,100,66,23,2
S035,SKU0026,189,151,147,1
S035,SKU0027,118,93,98,1
S035,SKU0028,82,51,94,3
S035,SKU0029,100,69,36,1
S035,SKU0030,238,210,66,3
S035,SKU0031,281,248,88,4
S035,SKU0032,161,123,88,3
S035,SKU0033,293,274,76,6
S035,SKU0034,166,144,87,5
S035,SKU0035,282,249,84,5
S035,SKU0036,111,93,58,4
S035,SKU0037,208,181,51,7
S035,SKU0038,57,31,123,2
S035,SKU0039,247,210,105,2
S035,SKU0040,62,40,99,3
S035,SKU0041,136,103,107,5
S035,SKU0042,127,117,137,7
S035,SKU0043,127,117,51,2
S035,SKU0044,243,207,62,6
S035,SKU0045,72,40,56,4
S035,SKU0046,100,67,61,7
S035,SKU0047,129,93,29,7
S035,SKU0048,86,74,76,3
S035,SKU0049,219,186,46,3
S035,SKU0050,177,154,136,6
S035,SKU0051,123,109,64,1
S035,SKU0052,265,229,83,3
S035,SKU0053,87,77,43,3
S035,SKU0054,101,68,31,5
S035,SKU0055,184,165,90,4
S035,SKU0056,256,242,140,2
S035,SKU0057,239,206,113,4
S035,SKU0058,176,146,106,5
S035,SKU0059,224,211,23,3
S035,SKU0060,58,23,121,5
S035,SKU0061,215,180,99,4
S035,SKU0062,287,276,31,4
S035,SKU0063,137,109,147,1
S035,SKU0064,103,91,65,3
S035,SKU0065,271,256,64,6
S035,SKU0066,173,134,31,4
S035,SKU0067,210,179,126,3
S035,SKU0068,286,266,50,3
S035,SKU0069,118,90,62,6
S035,SKU0070,75,59,49,6
S035,SKU0071,55,29,40,6
S035,SKU0072,222,193,56,1
S035,SKU0073,95,65,134,4
S035,SKU0074,50,39,130,7
S035,SKU0075,73,55,23,1
S035,SKU0076,264,225,147,4
S035,SKU0077,88,70,107,3
S035,SKU0078,102,84,59,1
S035,SKU0079,226,189,92,1
S035,SKU0080,128,116,95,4
S035,SKU0081,204,183,50,7
S035,SKU0082,136,105,101,6
S035,SKU0083,152,113,50,5
S035,SKU0084,209,179,101,2
S035,SKU0085,171,146,82,6
S035,SKU0086,72,61,125,2
S035,SKU0087,166,155,87,7
S035,SKU0088,205,170,71,6
S035,SKU0089,289,258,145,1
S035,SKU0090,252,238,108,5
S035,SKU0091,210,185,122,3
S035,SKU0092,164,134,60,1
S035,SKU0093,159,124,45,3
S035,SKU0094,93,69,114,2
S035,SKU0095,154,135,20,5
S035,SKU0096,69,48,48,6
S035,SKU0097,299,262,125,6
S035,SKU0098,179,169,89,3
S035,SKU0099,146,126,67,2
S035,SKU0100,191,153,101,7
S035,SKU0101,229,196,102,3
S035,SKU0102,221,185,63,5
S035,SKU0103,74,44,36,7
S035,SKU0104,255,220,44,7
S035,SKU0105,147,127,58,6
S035,SKU0106,136,118,65,2
S035,SKU0107,164,132,100,7
S035,SKU0108,294,267,78,5
S035,SKU0109,102,89,40,7
S035,SKU0110,177,166,56,2
S035,SKU0111,292,261,105,1
S035,SKU0112,217,198,87,3
S035,SKU0113,192,170,100,5
S035,SKU0114,70,46,147,4
S035,SKU0115,138,110,56,5
S035,SKU0116,144,117,79,3
S035,SKU0117,275,246,85,6
S035,SKU0118,294,279,123,6
S035,SKU0119,136,118,94,7
S035,SKU0120,90,54,124,1
S035,SKU0121,214,198,28,1
S035,SKU0122,286,268,121,2
S035,SKU0123,264,236,71,6
S035,SKU0124,246,221,128,7
S035,SKU0125,133,121,128,6
S035,SKU0126,260,228,44,6
S035,SKU0127,209,185,92,5
S035,SKU0128,219,182,29,7
S035,SKU0129,166,135,142,6
S035,SKU0130,104,81,75,7
S035,SKU0131,52,37,21,2
S035,SKU0132,147,110,52,5
S035,SKU0133,298,266,132,3
S035,SKU0134,66,44,134,7
S035,SKU0135,186,153,33,7
S035,SKU0136,157,132,83,5
S035,SKU0137,92,76,136,7
S035,SKU0138,208,198,105,4
S035,SKU0139,107,78,55,5
S035,SKU0140,151,123,73,1
S035,SKU0141,161,145,36,1
S035,SKU0142,196,173,86,1
S035,SKU0143,223,192,130,5
S035,SKU0144,215,201,89,1
S035,SKU0145,177,165,87,3
S035,SKU0146,295,277,76,6
S035,SKU0147,54,20,138,3
S035,SKU0148,279,253,27,4
S035,SKU0149,140,122,133,7
S035,SKU0150,190,165,118,5
S035,SKU0151,135,113,46,4
S035,SKU0152,182,159,86,5
S035,SKU0153,168,146,117,5
S035,SKU0154,263,225,79,1
S035,SKU0155,239,210,68,7
S035,SKU0156,259,240,124,3
S035,SKU0157,64,37,147,7
S035,SKU0158,75,62,133,6
S035,SKU0159,235,206,74,6
S035,SKU0160,299,279,105,6
S035,SKU0161,196,176,116,2
S035,SKU0162,145,134,100,7
S035,SKU0163,274,253,91,2
S035,SKU0164,219,197,56,3
S035,SKU0165,231,205,73,1
S035,SKU0166,204,192,114,5
S035,SKU0167,116,80,114,4
S035,SKU0168,156,133,83,2
S035,SKU0169,138,99,132,6
S035,SKU0170,56,44,34,2
S035,SKU0171,233,206,51,4
S035,SKU0172,252,231,148,4
S035,SKU0173,257,218,53,6
S035,SKU0174,95,74,65,1
S035,SKU0175,86,47,63,5
S035,SKU0176,262,239,147,4
S035,SKU0177,150,126,44,3
S035,SKU0178,104,86,68,6
S035,SKU0179,242,224,129,4
S035,SKU0180,133,109,81,1
S035,SKU0181,173,157,22,6
S035,SKU0182,263,252,75,6
S035,SKU0183,211,178,74,6
S035,SKU0184,127,110,49,6
S035,SKU0185,144,128,144,4
S035,SKU0186,276,252,50,3
S035,SKU0187,243,225,70,2
S035,SKU0188,85,75,39,6
S035,SKU0189,56,27,21,3
S035,SKU0190,136,111,41,5
S035,SKU0191,126,89,144,4
S035,SKU0192,103,82,62,2
S035,SKU0193,100,82,41,3
S035,SKU0194,192,158,67,1
S035,SKU0195,157,139,141,1
S035,SKU0196,183,170,108,5
S035,SKU0197,140,116,58,1
S035,SKU0198,85,60,31,3
S035,SKU0199,169,140,51,4
S035,SKU0200,190,154,28,4
S035,SKU0201,242,221,47,2
S035,SKU0202,127,115,79,1
S035,SKU0203,161,140,140,6
S035,SKU0204,99,63,31,5
S035,SKU0205,270,248,125,1
S035,SKU0206,137,101,23,5
S035,SKU0207,95,77,109,2
S035,SKU0208,276,239,80,7
S035,SKU0209,183,146,112,7
S035,SKU0210,85,48,76,4
S035,SKU0211,233,203,95,2
S035,SKU0212,278,251,40,7
S035,SKU0213,164,136,32,2
S035,SKU0214,134,120,140,4
S035,SKU0215,100,87,121,2
S035,SKU0216,182,160,30,2
S035,SKU0217,177,145,58,1
S035,SKU0218,231,218,111,4
S035,SKU0219,153,114,25,5
S035,SKU0220,70,49,120,2
S035,SKU0221,161,146,50,4
S035,SKU0222,199,169,121,5
S035,SKU0223,290,279,112,7
S035,SKU0224,108,92,121,4
S035,SKU0225,258,229,101,3
S035,SKU0226,88,62,113,5
S035,SKU0227,195,166,141,2
S035,SKU0228,163,147,21,2
S035,SKU0229,169,146,132,5
S035,SKU0230,120,104,122,7
S035,SKU0231,226,195,62,5
S035,SKU0232,133,112,113,7
S035,SKU0233,58,42,51,7
S035,SKU0234,193,156,57,1
S035,SKU0235,273,246,66,5
S035,SKU0236,165,126,44,7
S035,SKU0237,255,231,56,5
S035,SKU0238,163,132,48,5
S035,SKU0239,269,258,148,6
S035,SKU0240,138,125,115,4
S035,SKU0241,160,147,24,4
S035,SKU0242,109,78,35,4
S035,SKU0243,236,219,66,4
S035,SKU0244,261,243,67,7
S035,SKU0245,279,261,97,5
S035,SKU0246,226,206,66,6
S035,SKU0247,117,84,139,2
S035,SKU0248,202,163,60,2
S035,SKU0249,271,255,144,3
S035,SKU0250,74,49,131,7
S035,SKU0251,169,135,106,7
S035,SKU0252,96,61,52,7
S035,SKU0253,266,250,106,7
S035,SKU0254,192,167,117,6
S035,SKU0255,150,120,128,2
S035,SKU0256,119,86,73,1
S035,SKU0257,65,38,115,2
S035,SKU0258,191,152,73,4
S035,SKU0259,80,45,31,2
S035,SKU0260,146,112,42,3
S035,SKU0261,236,207,55,1
S035,SKU0262,75,54,29,6
S035,SKU0263,82,72,81,7
S035,SKU0264,118,93,133,6
S035,SKU0265,171,161,22,5
S035,SKU0266,161,136,72,1
S035,SKU0267,68,58,146,4
S035,SKU0268,235,209,36,1
S035,SKU0269,202,176,118,4
S035,SKU0270,84,55,34,7
S035,SKU0271,82,69,68,5
S035,SKU0272,213,192,51,6
S035,SKU0273,175,140,102,5
S035,SKU0274,112,98,125,2
S035,SKU0275,165,147,35,7
S035,SKU0276,198,173,43,6
S035,SKU0277,290,277,72,7
S035,SKU0278,153,130,62,1
S035,SKU0279,253,238,112,1
S035,SKU0280,100,79,126,2
S035,SKU0281,283,256,113,3
S035,SKU0282,292,254,93,1
S035,SKU0283,212,199,83,5
S035,SKU0284,97,78,79,7
S035,SKU0285,177,142,145,6
S035,SKU0286,206,169,90,7
S035,SKU0287,154,118,103,7
S035,SKU0288,218,187,131,5
S035,SKU0289,202,171,140,2
S035,SKU0290,115,86,64,5
S035,SKU0291,279,267,56,3
S035,SKU0292,143,112,54,5
S035,SKU0293,217,178,93,6
S035,SKU0294,274,235,48,3
S035,SKU0295,131,114,62,2
S035,SKU0296,236,211,38,3
S035,SKU0297,239,228,148,3
S035,SKU0298,275,258,141,2
S035,SKU0299,211,198,141,6
S035,SKU0300,105,87,75,7
S035,SKU0301,138,122,22,1
S035,SKU0302,142,118,41,3
S035,SKU0303,104,82,114,7
S035,SKU0304,109,73,102,4
S035,SKU0305,283,255,33,3
S035,SKU0306,105,71,111,7
S035,SKU0307,98,61,137,3
S035,SKU0308,119,87,123,5
S035,SKU0309,50,11,69,1
S035,SKU0310,259,242,138,7
S035,SKU0311,247,218,107,6
S035,SKU0312,294,274,38,5
S035,SKU0313,228,190,76,2
S035,SKU0314,139,108,43,7
S035,SKU0315,266,241,75,2
S035,SKU0316,198,169,28,2
S035,SKU0317,112,82,82,3
S035,SKU0318,288,268,102,5
S035,SKU0319,264,227,64,6
S035,SKU0320,121,88,36,6
S035,SKU0321,120,89,79,3
S035,SKU0322,183,169,140,3
S035,SKU0323,106,86,27,4
S035,SKU0324,79,43,71,5
S035,SKU0325,51,24,77,3
S035,SKU0326,182,166,35,2
S035,SKU0327,252,216,23,1
S035,SKU0328,101,79,54,2
S035,SKU0329,114,99,114,1
S035,SKU0330,95,69,96,6
S035,SKU0331,169,158,107,6
S035,SKU0332,209,176,66,3
S035,SKU0333,187,149,86,2
S035,SKU0334,298,272,135,2
S035,SKU0335,156,146,57,7
S035,SKU0336,64,34,57,3
S035,SKU0337,132,97,20,7
S035,SKU0338,129,112,105,6
S035,SKU0339,155,143,95,1
S035,SKU0340,160,124,122,4
S035,SKU0341,88,64,75,2
S035,SKU0342,161,136,71,5
S035,SKU0343,270,236,85,4
S035,SKU0344,224,209,81,2
S035,SKU0345,150,136,62,5
S035,SKU0346,298,288,100,3
S035,SKU0347,239,223,69,3
S035,SKU0348,253,239,37,2
S035,SKU0349,268,257,84,3
S035,SKU0350,108,74,95,1
S035,SKU0351,242,210,40,2
S035,SKU0352,142,106,97,1
S035,SKU0353,62,30,149,3
S035,SKU0354,271,240,88,6
S035,SKU0355,279,254,149,2
S035,SKU0356,205,190,64,2
S035,SKU0357,81,57,39,6
S035,SKU0358,143,132,41,7
S035,SKU0359,132,104,47,1
S035,SKU0360,197,172,74,2
S035,SKU0361,61,32,25,3
S035,SKU0362,160,127,137,3
S035,SKU0363,220,201,48,4
S035,SKU0364,124,89,59,2
S035,SKU0365,156,129,82,5
S035,SKU0366,117,93,142,2
S035,SKU0367,282,253,21,6
S035,SKU0368,277,251,44,5
S035,SKU0369,204,168,142,3
S035,SKU0370,52,16,75,6
S035,SKU0371,113,84,38,7
S035,SKU0372,175,164,125,1
S035,SKU0373,137,112,145,4
S035,SKU0374,120,105,147,4
S035,SKU0375,261,231,120,1
S035,SKU0376,192,181,119,3
S035,SKU0377,54,31,65,5
S035,SKU0378,79,43,146,3
S035,SKU0379,245,225,49,3
S035,SKU0380,298,285,102,2
S035,SKU0381,87,49,26,4
S035,SKU0382,256,225,73,5
S035,SKU0383,257,238,145,3
S035,SKU0384,230,206,122,4
S035,SKU0385,162,142,138,6
S035,SKU0386,299,271,21,7
S035,SKU0387,181,150,23,5
S035,SKU0388,132,103,108,2
S035,SKU0389,71,55,27,2
S035,SKU0390,265,249,60,6
S035,SKU0391,180,163,94,2
S035,SKU0392,146,109,107,1
S035,SKU0393,103,72,60,7
S035,SKU0394,82,51,118,5
S035,SKU0395,215,205,61,6
S035,SKU0396,105,84,101,3
S035,SKU0397,279,263,81,2
S035,SKU0398,135,109,47,7
S035,SKU0399,173,158,117,3
S035,SKU0400,142,111,141,4
S035,SKU0401,229,198,69,3
S035,SKU0402,161,140,76,4
S035,SKU0403,224,195,52,1
S035,SKU0404,245,215,95,7
S035,SKU0405,57,21,25,6
S035,SKU0406,86,55,44,2
S035,SKU0407,255,225,148,6
S035,SKU0408,169,158,27,5
S035,SKU0409,80,67,145,5
S035,SKU0410,282,258,123,7
S035,SKU0411,171,134,106,4
S035,SKU0412,112,77,75,3
S035,SKU0413,143,121,71,2
S035,SKU0414,164,133,47,3
S035,SKU0415,68,34,149,5
S035,SKU0416,254,241,62,3
S035,SKU0417,174,142,130,6
S035,SKU0418,149,126,97,2
S035,SKU0419,280,250,117,5
S035,SKU0420,232,208,44,4
S035,SKU0421,117,104,86,7
S035,SKU0422,254,229,38,4
S035,SKU0423,171,153,88,5
S035,SKU0424,61,35,57,1
S035,SKU0425,242,220,90,5
S035,SKU0426,240,222,39,1
S035,SKU0427,215,194,57,6
S035,SKU0428,140,103,142,5
S035,SKU0429,134,96,66,2
S035,SKU0430,65,30,66,5
S035,SKU0431,210,192,147,1
S035,SKU0432,55,27,91,3
S035,SKU0433,150,114,99,4
S035,SKU0434,231,221,124,2
S035,SKU0435,257,236,75,2
S035,SKU0436,240,224,79,5
S035,SKU0437,93,73,29,5
S035,SKU0438,205,188,69,7
S035,SKU0439,194,170,20,6
S035,SKU0440,63,30,52,2
S035,SKU0441,174,160,32,7
S035,SKU0442,78,43,149,3
S035,SKU0443,96,74,142,3
S035,SKU0444,207,181,62,5
S035,SKU0445,299,264,141,2
S035,SKU0446,220,206,149,7
S035,SKU0447,103,79,24,1
S035,SKU0448,136,116,63,2
S035,SKU0449,267,233,71,1
S035,SKU0450,291,257,65,4
S035,SKU0451,248,226,83,2
S035,SKU0452,130,103,60,2
S035,SKU0453,220,209,96,1
S035,SKU0454,100,68,147,1
S035,SKU0455,279,242,115,1
S035,SKU0456,68,41,58,6
S035,SKU0457,272,254,139,6
S035,SKU0458,131,117,102,1
S035,SKU0459,52,17,46,7
S035,SKU0460,88,56,35,6
S035,SKU0461,81,51,31,2
S035,SKU0462,132,111,69,7
S035,SKU0463,280,269,24,4
S035,SKU0464,297,275,98,3
S035,SKU0465,223,192,77,4
S035,SKU0466,173,155,26,3
S035,SKU0467,277,263,79,1
S035,SKU0468,226,202,97,3
S035,SKU0469,87,61,64,1
S035,SKU0470,167,132,34,1
S035,SKU0471,198,172,68,7
S035,SKU0472,79,67,146,3
S035,SKU0473,239,200,140,6
S035,SKU0474,269,253,118,4
S035,SKU0475,232,213,98,6
S035,SKU0476,53,23,114,1
S035,SKU0477,220,204,119,7
S035,SKU0478,277,265,84,5
S035,SKU0479,136,125,141,4
S035,SKU0480,158,131,130,3
S035,SKU0481,133,121,102,6
S035,SKU0482,147,137,81,7
S035,SKU0483,226,196,36,2
S035,SKU0484,221,207,25,4
S035,SKU0485,175,154,109,3
S035,SKU0486,214,189,43,2
S035,SKU0487,240,204,121,3
S035,SKU0488,59,37,123,7
S035,SKU0489,274,264,54,2
S035,SKU0490,229,212,133,4
S035,SKU0491,121,109,98,6
S035,SKU0492,165,151,71,1
S035,SKU0493,140,102,63,1
S035,SKU0494,119,94,51,6
S035,SKU0495,179,162,65,3
S035,SKU0496,105,92,121,5
S035,SKU0497,82,46,87,6
S035,SKU0498,216,197,28,1
S035,SKU0499,204,183,109,3
S035,SKU0500,251,233,82,3
S036,SKU0001,247,233,69,7
S036,SKU0002,68,52,90,5
S036,SKU0003,155,137,51,4
S036,SKU0004,299,289,92,1
S036,SKU0005,137,105,76,4
S036,SKU0006,244,232,148,4
S036,SKU0007,145,108,127,6
S036,SKU0008,228,205,133,2
S036,SKU0009,240,205,98,6
S036,SKU0010,272,236,116,5
S036,SKU0011,275,240,73,3
S036,SKU0012,196,157,20,1
S036,SKU0013,205,166,131,6
S036,SKU0014,229,211,142,1
S036,SKU0015,55,29,124,3
S036,SKU0016,271,246,120,3
S036,SKU0017,248,228,93,7
S036,SKU0018,106,91,149,7
S036,SKU0019,57,19,120,6
S036,SKU0020,206,181,21,6
S036,SKU0021,221,186,144,6
S036,SKU0022,156,132,144,7
S036,SKU0023,174,159,22,3
S036,SKU0024,256,226,124,4
S036,SKU0025,60,26,63,3
S036,SKU0026,200,161,121,6
S036,SKU0027,264,229,112,7
S036,SKU0028,240,217,30,3
S036,SKU0029,294,284,31,2
S036,SKU0030,255,227,73,4
S036,SKU0031,273,240,100,2
S036,SKU0032,291,280,26,5
S036,SKU0033,249,229,131,6
S036,SKU0034,121,103,78,2
S036,SKU0035,129,115,125,4
S036,SKU0036,160,139,76,7
S036,SKU0037,217,184,20,4
S036,SKU0038,148,127,31,5
S036,SKU0039,76,49,101,7
S036,SKU0040,93,72,91,6
S036,SKU0041,261,239,119,7
S036,SKU0042,130,97,29,2
S036,SKU0043,79,58,57,2
S036,SKU0044,199,164,46,2
S036,SKU0045,180,154,74,1
S036,SKU0046,190,171,119,6
S036,SKU0047,143,120,112,4
S036,SKU0048,126,89,104,4
S036,SKU0049,173,146,86,2
S036,SKU0050,122,111,119,5
S036,SKU0051,182,158,108,5
S036,SKU0052,130,117,142,3
S036,SKU0053,101,86,99,2
S036,SKU0054,274,263,47,2
S036,SKU0055,116,106,137,2
S036,SKU0056,128,115,36,7
S036,SKU0057,223,198,41,1
S036,SKU0058,65,43,89,1
S036,SKU0059,76,66,61,4
S036,SKU0060,109,93,23,2
S036,SKU0061,242,211,137,5
S036,SKU0062,80,65,135,5
S036,SKU0063,142,104,142,3
S036,SKU0064,52,28,123,2
S036,SKU0065,299,281,59,7
S036,SKU0066,203,166,116,6
S036,SKU0067,146,129,102,5
S036,SKU0068,257,230,85,1
S036,SKU0069,60,32,34,1
S036,SKU0070,165,148,81,6
S036,SKU0071,174,151,74,5
S036,SKU0072,263,242,34,6
S036,SKU0073,239,224,66,1
S036,SKU0074,118,80,97,3
S036,SKU0075,203,175,63,3
S036,SKU0076,281,265,120,3
S036,SKU0077,115,89,59,1
S036,SKU0078,53,30,64,2
S036,SKU0079,255,227,49,7
S036,SKU0080,172,139,71,4
S036,SKU0081,106,69,111,5
S036,SKU0082,94,68,43,4
S036,SKU0083,198,168,129,5
S036,SKU0084,201,177,149,3
S036,SKU0085,225,204,33,1
S036,SKU0086,228,196,63,3
S036,SKU0087,85,69,37,3
S036,SKU0088,133,106,117,5
S036,SKU0089,54,31,43,6
S036,SKU0090,249,213,46,3
S036,SKU0091,86,49,62,7
S036,SKU0092,160,131,141,1
S036,SKU0093,148,126,93,5
S036,SKU0094,94,60,132,2
S036,SKU0095,82,46,93,1
S036,SKU0096,233,216,136,2
S036,SKU0097,298,274,74,6
S036,SKU0098,89,55,52,3
S036,SKU0099,215,197,104,3
S036,SKU0100,227,199,25,4
S036,SKU0101,181,156,79,7
S036,SKU0102,168,138,54,5
S036,SKU0103,196,172,92,5
S036,SKU0104,68,40,47,7
S036,SKU0105,190,177,144,4
S036,SKU0106,295,281,141,1
S036,SKU0107,91,76,135,2
S036,SKU0108,263,230,27,7
S036,SKU0109,182,166,22,5
S036,SKU0110,182,145,145,5
S036,SKU0111,250,222,132,2
S036,SKU0112,211,172,110,2
S036,SKU0113,119,91,85,5
S036,SKU0114,59,37,70,3
S036,SKU0115,253,243,61,3
S036,SKU0116,202,165,35,1
S036,SKU0117,246,217,98,7
S036,SKU0118,86,48,126,4
S036,SKU0119,218,191,38,4
S036,SKU0120,206,179,87,4
S036,SKU0121,94,84,64,1
S036,SKU0122,101,83,63,6
S036,SKU0123,139,111,31,7
S036,SKU0124,205,169,68,2
S036,SKU0125,183,147,53,5
S036,SKU0126,184,172,75,2
S036,SKU0127,162,126,101,5
S036,SKU0128,229,201,117,5
S036,SKU0129,184,145,60,3
S036,SKU0130,286,274,143,4
S036,SKU0131,104,85,69,7
S036,SKU0132,68,57,32,1
S036,SKU0133,63,32,84,2
S036,SKU0134,209,178,104,5
S036,SKU0135,122,108,50,1
S036,SKU0136,252,229,48,2
S036,SKU0137,202,181,99,2
S036,SKU0138,202,165,129,7
S036,SKU0139,172,143,29,5
S036,SKU0140,171,141,128,5
S036,SKU0141,114,100,98,2
S036,SKU0142,125,101,80,4
S036,SKU0143,181,149,143,4
S036,SKU0144,103,91,53,4
S036,SKU0145,124,93,136,5
S036,SKU0146,163,136,56,7
S036,SKU0147,297,266,70,5
S036,SKU0148,283,268,87,5
S036,SKU0149,239,203,73,5
S036,SKU0150,173,160,119,2
S036,SKU0151,193,173,96,7
S036,SKU0152,109,98,25,1
S036,SKU0153,201,180,139,4
S036,SKU0154,93,60,116,1
S036,SKU0155,227,188,44,2
S036,SKU0156,284,245,79,6
S036,SKU0157,124,101,33,7
S036,SKU0158,117,96,115,5
S036,SKU0159,162,142,50,5
S036,SKU0160,260,223,115,1
S036,SKU0161,268,237,136,3
S036,SKU0162,82,54,110,3
S036,SKU0163,70,38,37,4
S036,SKU0164,297,280,39,7
S036,SKU0165,178,166,139,7
S036,SKU0166,266,250,141,6
S036,SKU0167,255,239,69,4
S036,SKU0168,141,110,135,5
S036,SKU0169,80,61,113,1
S036,SKU0170,63,43,92,1
S036,SKU0171,217,188,32,3
S036,SKU0172,170,147,67,3
S036,SKU0173,236,211,92,7
S036,SKU0174,249,221,134,7
S036,SKU0175,288,263,37,6
S036,SKU0176,198,177,120,4
S036,SKU0177,59,28,119,6
S036,SKU0178,131,113,57,1
S036,SKU0179,254,225,102,2
S036,SKU0180,298,273,20,6
S036,SKU0181,139,126,26,4
S036,SKU0182,297,264,43,2
S036,SKU0183,72,38,65,2
S036,SKU0184,194,180,52,3
S036,SKU0185,192,154,36,2
S036,SKU0186,190,165,136,3
S036,SKU0187,50,12,24,7
S036,SKU0188,175,144,142,5
S036,SKU0189,297,271,64,7
S036,SKU0190,108,95,110,6
S036,SKU0191,281,243,115,2
S036,SKU0192,56,22,101,2
S036,SKU0193,70,59,133,2
S036,SKU0194,79,59,139,4
S036,SKU0195,296,258,134,1
S036,SKU0196,255,244,106,3
S036,SKU0197,259,246,108,1
S036,SKU0198,235,202,82,6
S036,SKU0199,76,58,47,5
S036,SKU0200,59,42,38,6
S036,SKU0201,152,116,85,6
S036,SKU0202,117,102,25,7
S036,SKU0203,203,183,91,7
S036,SKU0204,102,63,39,1
S036,SKU0205,163,138,40,6
S036,SKU0206,180,148,106,7
S036,SKU0207,62,40,146,1
S036,SKU0208,172,152,123,2
S036,SKU0209,79,69,20,6
S036,SKU0210,174,161,37,6
S036,SKU0211,139,124,82,3
S036,SKU0212,131,95,35,6
S036,SKU0213,51,14,72,1
S036,SKU0214,83,50,37,5
S036,SKU0215,184,145,98,1
S036,SKU0216,274,247,53,7
S036,SKU0217,142,114,25,1
S036,SKU0218,129,118,66,5
S036,SKU0219,99,76,145,3
S036,SKU0220,227,203,34,3
S036,SKU0221,125,88,99,2
S036,SKU0222,137,104,53,1
S036,SKU0223,190,155,39,2
S036,SKU0224,288,264,63,1
S036,SKU0225,50,16,33,2
S036,SKU0226,290,258,96,3
S036,SKU0227,297,281,36,7
S036,SKU0228,200,190,36,5
S036,SKU0229,297,264,92,3
S036,SKU0230,252,236,80,7
S036,SKU0231,174,158,98,2
S036,SKU0232,57,24,80,7
S036,SKU0233,290,274,121,5
S036,SKU0234,222,197,60,4
S036,SKU0235,244,233,136,2
S036,SKU0236,169,159,80,3
S036,SKU0237,127,105,75,6
S036,SKU0238,138,107,44,1
S036,SKU0239,144,120,78,7
S036,SKU0240,95,71,130,6
S036,SKU0241,60,34,68,6
S036,SKU0242,238,202,36,4
S036,SKU0243,226,212,122,5
S036,SKU0244,79,68,137,6
S036,SKU0245,243,209,76,3
S036,SKU0246,292,263,111,3
S036,SKU0247,162,139,121,6
S036,SKU0248,191,160,98,2
S036,SKU0249,148,136,21,2
S036,SKU0250,126,115,66,1
S036,SKU0251,277,246,91,5
S036,SKU0252,235,220,103,7
S036,SKU0253,156,141,122,7
S036,SKU0254,83,60,57,7
S036,SKU0255,154,127,141,4
S036,SKU0256,54,42,62,6
S036,SKU0257,176,150,123,6
S036,SKU0258,59,24,143,2
S036,SKU0259,202,163,148,7
S036,SKU0260,53,37,66,6
S036,SKU0261,192,177,49,4
S036,SKU0262,201,176,48,5
S036,SKU0263,264,227,38,1
S036,SKU0264,279,240,79,5
S036,SKU0265,242,232,105,2
S036,SKU0266,230,210,64,2
S036,SKU0267,93,77,121,3
S036,SKU0268,126,106,128,5
S036,SKU0269,76,59,138,1
S036,SKU0270,175,138,67,4
S036,SKU0271,225,211,113,3
S036,SKU0272,257,233,147,6
S036,SKU0273,75,53,108,1
S036,SKU0274,141,130,38,2
S036,SKU0275,83,65,141,1
S036,SKU0276,227,189,109,7
S036,SKU0277,197,165,21,3
S036,SKU0278,264,239,50,3
S036,SKU0279,132,116,63,2
S036,SKU0280,136,99,145,5
S036,SKU0281,87,58,77,2
S036,SKU0282,107,87,130,2
S036,SKU0283,221,184,93,1
S036,SKU0284,72,40,90,6
S036,SKU0285,295,268,64,6
S036,SKU0286,219,181,147,2
S036,SKU0287,221,190,33,5
S036,SKU0288,85,67,35,4
S036,SKU0289,186,155,131,6
S036,SKU0290,173,159,70,3
S036,SKU0291,262,242,36,2
S036,SKU0292,284,254,139,2
S036,SKU0293,258,219,29,4
S036,SKU0294,59,29,135,7
S036,SKU0295,249,237,32,3
S036,SKU0296,61,28,48,1
S036,SKU0297,297,271,61,5
S036,SKU0298,89,77,133,1
S036,SKU0299,146,117,80,1
S036,SKU0300,99,76,32,2
S036,SKU0301,287,277,117,3
S036,SKU0302,81,61,68,5
S036,SKU0303,292,270,43,1
S036,SKU0304,174,138,134,2
S036,SKU0305,214,178,81,6
S036,SKU0306,237,204,32,4
S036,SKU0307,294,281,121,3
S036,SKU0308,160,128,36,1
S036,SKU0309,260,232,124,2
S036,SKU0310,299,275,68,6
S036,SKU0311,252,226,96,2
S036,SKU0312,175,159,110,6
S036,SKU0313,228,215,40,2
S036,SKU0314,198,188,135,7
S036,SKU0315,171,153,64,7
S036,SKU0316,241,215,35,7
S036,SKU0317,62,51,102,6
S036,SKU0318,186,168,117,1
S036,SKU0319,192,162,144,3
S036,SKU0320,247,220,65,2
S036,SKU0321,83,53,93,6
S036,SKU0322,110,85,108,2
S036,SKU0323,246,213,59,5
S036,SKU0324,112,96,93,2
S036,SKU0325,291,272,29,2
S036,SKU0326,127,97,69,6
S036,SKU0327,153,139,69,4
S036,SKU0328,56,34,56,3
S036,SKU0329,179,148,51,6
S036,SKU0330,188,176,88,1
S036,SKU0331,223,190,106,4
S036,SKU0332,178,141,109,2
S036,SKU0333,296,263,44,2
S036,SKU0334,100,76,140,5
S036,SKU0335,204,192,128,5
S036,SKU0336,78,42,87,2
S036,SKU0337,163,150,91,5
S036,SKU0338,56,37,77,2
S036,SKU0339,140,128,89,1
S036,SKU0340,201,162,22,5
S036,SKU0341,59,25,110,5
S036,SKU0342,236,218,133,5
S036,SKU0343,137,115,69,5
S036,SKU0344,205,178,70,2
S036,SKU0345,52,41,54,1
S036,SKU0346,158,134,30,4
S036,SKU0347,248,213,139,1
S036,SKU0348,297,263,66,7
S036,SKU0349,167,142,24,1
S036,SKU0350,193,182,93,2
S036,SKU0351,270,232,22,3
S036,SKU0352,187,152,23,6
S036,SKU0353,241,212,25,5
S036,SKU0354,290,256,114,6
S036,SKU0355,63,41,112,3
S036,SKU0356,273,234,143,7
S036,SKU0357,244,227,27,4
S036,SKU0358,127,114,66,1
S036,SKU0359,290,276,50,7
S036,SKU0360,281,256,145,3
S036,SKU0361,297,280,44,4
S036,SKU0362,202,164,105,5
S036,SKU0363,234,217,110,2
S036,SKU0364,208,175,93,7
S036,SKU0365,54,26,75,2
S036,SKU0366,148,124,31,3
S036,SKU0367,273,239,121,3
S036,SKU0368,119,108,107,1
S036,SKU0369,205,192,42,7
S036,SKU0370,101,65,32,7
S036,SKU0371,53,41,111,3
S036,SKU0372,113,88,27,2
S036,SKU0373,236,200,43,3
S036,SKU0374,136,111,27,6
S036,SKU0375,96,76,70,5
S036,SKU0376,167,139,24,7
S036,SKU0377,249,210,126,7
S036,SKU0378,74,59,109,1
S036,SKU0379,107,95,22,7
S036,SKU0380,263,231,46,1
S036,SKU0381,263,234,137,2
S036,SKU0382,244,232,49,2
S036,SKU0383,63,28,29,5
S036,SKU0384,184,163,38,7
S036,SKU0385,122,90,89,5
S036,SKU0386,200,163,108,7
S036,SKU0387,148,128,149,6
S036,SKU0388,259,244,33,1
S036,SKU0389,150,118,86,3
S036,SKU0390,94,55,76,7
S036,SKU0391,225,200,100,1
S036,SKU0392,211,185,91,7
S036,SKU0393,207,176,87,7
S036,SKU0394,231,204,96,1
S036,SKU0395,127,103,23,4
S036,SKU0396,114,85,29,5
S036,SKU0397,86,74,120,1
S036,SKU0398,82,64,102,6
S036,SKU0399,238,208,114,6
S036,SKU0400,295,257,101,1
S036,SKU0401,76,44,47,1
S036,SKU0402,116,82,136,2
S036,SKU0403,223,206,88,7
S036,SKU0404,80,59,115,4
S036,SKU0405,266,235,41,1
S036,SKU0406,164,134,107,2
S036,SKU0407,144,132,84,5
S036,SKU0408,244,206,42,1
S036,SKU0409,272,249,64,3
S036,SKU0410,105,85,20,4
S036,SKU0411,234,207,148,3
S036,SKU0412,130,112,122,2
S036,SKU0413,235,215,104,1
S036,SKU0414,116,104,28,1
S036,SKU0415,52,15,60,1
S036,SKU0416,207,187,37,2
S036,SKU0417,206,168,29,4
S036,SKU0418,148,110,135,3
S036,SKU0419,295,271,104,7
S036,SKU0420,128,95,26,2
S036,SKU0421,230,199,59,5
S036,SKU0422,95,62,35,2
S036,SKU0423,186,164,111,6
S036,SKU0424,184,170,74,6
S036,SKU0425,194,179,138,1
S036,SKU0426,164,148,59,4
S036,SKU0427,128,107,63,7
S036,SKU0428,137,121,80,2
S036,SKU0429,250,221,134,6
S036,SKU0430,146,109,118,7
S036,SKU0431,277,254,105,7
S036,SKU0432,293,274,122,7
S036,SKU0433,121,110,113,4
S036,SKU0434,295,261,117,7
S036,SKU0435,251,215,117,4
S036,SKU0436,78,43,87,1
S036,SKU0437,85,48,70,5
S036,SKU0438,279,268,53,5
S036,SKU0439,278,251,25,1
S036,SKU0440,236,219,86,2
S036,SKU0441,287,262,67,1
S036,SKU0442,58,29,81,5
S036,SKU0443,161,146,144,6
S036,SKU0444,164,127,61,7
S036,SKU0445,260,238,29,5
S036,SKU0446,127,115,127,6
S036,SKU0447,233,203,96,4
S036,SKU0448,262,227,126,1
S036,SKU0449,236,224,66,5
S036,SKU0450,120,81,84,5
S036,SKU0451,117,99,145,1
S036,SKU0452,67,30,35,2
S036,SKU0453,114,91,52,7
S036,SKU0454,125,87,57,6
S036,SKU0455,67,38,41,7
S036,SKU0456,189,161,82,1
S036,SKU0457,297,273,63,7
S036,SKU0458,245,227,116,1
S036,SKU0459,74,45,147,5
S036,SKU0460,103,72,36,4
S036,SKU0461,124,89,95,3
S036,SKU0462,223,190,25,3
S036,SKU0463,278,256,87,5
S036,SKU0464,132,109,94,4
S036,SKU0465,139,129,127,6
S036,SKU0466,252,241,28,6
S036,SKU0467,285,268,53,1
S036,SKU0468,278,265,120,5
S036,SKU0469,150,121,59,1
S036,SKU0470,211,178,127,4
S036,SKU0471,161,148,97,7
S036,SKU0472,235,220,38,5
S036,SKU0473,114,78,137,3
S036,SKU0474,192,167,127,2
S036,SKU0475,109,82,130,5
S036,SKU0476,74,51,21,7
S036,SKU0477,245,222,53,2
S036,SKU0478,159,138,86,1
S036,SKU0479,185,169,45,6
S036,SKU0480,61,51,50,2
S036,SKU0481,152,121,78,7
S036,SKU0482,262,223,124,3
S036,SKU0483,50,38,112,2
S036,SKU0484,271,251,105,5
S036,SKU0485,240,209,98,7
S036,SKU0486,286,256,142,6
S036,SKU0487,222,211,27,3
S036,SKU0488,75,46,73,4
S036,SKU0489,80,47,20,5
S036,SKU0490,87,74,26,4
S036,SKU0491,73,48,133,1
S036,SKU0492,69,32,48,7
S036,SKU0493,142,124,21,7
S036,SKU0494,136,102,124,5
S036,SKU0495,193,179,95,2
S036,SKU0496,215,191,49,2
S036,SKU0497,114,80,121,6
S036,SKU0498,55,32,50,5
S036,SKU0499,106,67,119,4
S036,SKU0500,230,191,74,5
S037,SKU0001,295,280,21,7
S037,SKU0002,263,237,28,1
S037,SKU0003,162,152,102,5
S037,SKU0004,289,264,64,1
S037,SKU0005,73,62,90,1
S037,SKU0006,223,210,88,5
S037,SKU0007,125,96,35,4
S037,SKU0008,113,79,88,7
S037,SKU0009,151,128,117,1
S037,SKU0010,192,156,97,4
S037,SKU0011,296,280,58,4
S037,SKU0012,128,102,53,5
S037,SKU0013,206,169,100,7
S037,SKU0014,59,39,33,4
S037,SKU0015,109,88,67,1
S037,SKU0016,63,30,138,4
S037,SKU0017,218,202,32,7
S037,SKU0018,223,212,85,5
S037,SKU0019,211,188,28,3
S037,SKU0020,202,171,65,4
S037,SKU0021,267,231,67,2
S037,SKU0022,237,198,42,4
S037,SKU0023,75,52,119,7
S037,SKU0024,153,128,47,1
S037,SKU0025,188,151,47,7
S037,SKU0026,180,158,130,3
S037,SKU0027,195,181,108,7
S037,SKU0028,206,185,49,6
S037,SKU0029,180,156,58,5
S037,SKU0030,128,102,67,3
S037,SKU0031,182,170,116,5
S037,SKU0032,277,258,108,1
S037,SKU0033,257,243,143,1
S037,SKU0034,163,127,29,7
S037,SKU0035,90,80,31,5
S037,SKU0036,217,193,118,3
S037,SKU0037,133,121,115,5
S037,SKU0038,172,160,115,6
S037,SKU0039,275,263,105,2
S037,SKU0040,106,71,56,4
S037,SKU0041,248,221,49,3
S037,SKU0042,74,35,131,5
S037,SKU0043,213,187,42,2
S037,SKU0044,50,22,148,6
S037,SKU0045,246,230,90,7
S037,SKU0046,292,279,123,5
S037,SKU0047,258,226,61,5
S037,SKU0048,293,263,29,6
S037,SKU0049,223,205,83,6
S037,SKU0050,134,119,25,5
S037,SKU0051,121,106,147,2
S037,SKU0052,143,112,79,3
S037,SKU0053,107,71,73,5
S037,SKU0054,72,48,135,6
S037,SKU0055,201,187,102,3
S037,SKU0056,157,142,57,3
S037,SKU0057,62,52,30,4
S037,SKU0058,86,64,149,5
S037,SKU0059,193,156,81,3
S037,SKU0060,281,244,136,3
S037,SKU0061,191,163,148,4
S037,SKU0062,164,146,87,6
S037,SKU0063,247,226,81,5
S037,SKU0064,141,114,29,6
S037,SKU0065,143,107,73,2
S037,SKU0066,207,168,41,2
S037,SKU0067,240,207,38,6
S037,SKU0068,187,153,108,7
S037,SKU0069,278,265,132,5
S037,SKU0070,141,130,87,1
S037,SKU0071,258,246,130,4
S037,SKU0072,97,75,92,6
S037,SKU0073,209,178,97,7
S037,SKU0074,256,244,93,2
S037,SKU0075,166,134,43,2
S037,SKU0076,210,195,88,6
S037,SKU0077,101,87,61,6
S037,SKU0078,125,114,147,5
S037,SKU0079,102,77,117,1
S037,SKU0080,102,65,83,6
S037,SKU0081,66,56,149,5
S037,SKU0082,82,68,79,2
S037,SKU0083,88,78,123,4
S037,SKU0084,149,137,102,2
S037,SKU0085,66,31,65,6
S037,SKU0086,219,205,41,5
S037,SKU0087,60,30,127,3
S037,SKU0088,292,258,103,6
S037,SKU0089,97,65,35,6
S037,SKU0090,246,234,83,1
S037,SKU0091,153,130,86,5
S037,SKU0092,160,126,49,2
S037,SKU0093,141,117,132,5
S037,SKU0094,134,120,123,7
S037,SKU0095,275,248,97,3
S037,SKU0096,279,245,74,3
S037,SKU0097,52,24,22,2
S037,SKU0098,187,155,64,4
S037,SKU0099,112,77,143,3
S037,SKU0100,155,144,115,3
S037,SKU0101,143,119,115,3
S037,SKU0102,141,107,109,3
S037,SKU0103,174,161,50,3
S037,SKU0104,98,79,98,1
S037,SKU0105,193,163,26,2
S037,SKU0106,102,69,66,4
S037,SKU0107,222,205,113,6
S037,SKU0108,179,163,93,2
S037,SKU0109,286,249,49,7
S037,SKU0110,146,110,62,2
S037,SKU0111,179,161,117,7
S037,SKU0112,158,146,23,4
S037,SKU0113,234,215,100,3
S037,SKU0114,222,203,79,4
S037,SKU0115,74,61,92,4
S037,SKU0116,79,67,53,5
S037,SKU0117,172,155,113,6
S037,SKU0118,283,261,81,2
S037,SKU0119,127,104,116,3
S037,SKU0120,65,32,29,6
S037,SKU0121,164,144,144,4
S037,SKU0122,118,85,97,1
S037,SKU0123,100,86,40,2
S037,SKU0124,134,118,125,2
S037,SKU0125,67,55,72,2
S037,SKU0126,219,207,146,6
S037,SKU0127,172,159,135,3
S037,SKU0128,227,203,118,4
S037,SKU0129,226,196,79,6
S037,SKU0130,293,282,145,7
S037,SKU0131,123,107,31,7
S037,SKU0132,289,263,140,4
S037,SKU0133,210,174,29,6
S037,SKU0134,93,81,31,3
S037,SKU0135,226,212,42,3
S037,SKU0136,260,244,44,3
S037,SKU0137,209,189,107,7
S037,SKU0138,285,272,119,3
S037,SKU0139,141,108,84,2
S037,SKU0140,258,247,30,4
S037,SKU0141,166,134,130,1
S037,SKU0142,187,164,80,5
S037,SKU0143,266,233,144,5
S037,SKU0144,198,160,66,2
S037,SKU0145,163,124,46,2
S037,SKU0146,127,114,94,6
S037,SKU0147,184,170,28,1
S037,SKU0148,147,130,73,1
S037,SKU0149,52,18,113,5
S037,SKU0150,158,126,70,4
S037,SKU0151,99,67,95,1
S037,SKU0152,244,216,104,7
S037,SKU0153,234,219,71,6
S037,SKU0154,260,247,23,3
S037,SKU0155,53,34,143,5
S037,SKU0156,120,90,74,2
S037,SKU0157,240,219,121,1
S037,SKU0158,104,87,27,6
S037,SKU0159,196,177,128,5
S037,SKU0160,80,62,95,6
S037,SKU0161,219,204,21,5
S037,SKU0162,139,111,131,6
S037,SKU0163,169,159,78,7
S037,SKU0164,93,72,133,2
S037,SKU0165,281,246,68,2
S037,SKU0166,59,39,27,5
S037,SKU0167,149,114,104,4
S037,SKU0168,129,113,142,6
S037,SKU0169,264,238,148,1
S037,SKU0170,143,107,21,3
S037,SKU0171,160,150,43,1
S037,SKU0172,147,120,70,6
S037,SKU0173,131,98,111,2
S037,SKU0174,139,116,126,4
S037,SKU0175,52,36,27,1
S037,SKU0176,286,259,27,7
S037,SKU0177,101,73,64,6
S037,SKU0178,128,94,95,5
S037,SKU0179,63,41,45,7
S037,SKU0180,249,213,80,5
S037,SKU0181,127,101,107,6
S037,SKU0182,241,205,50,4
S037,SKU0183,162,128,22,5
S037,SKU0184,221,186,81,2
S037,SKU0185,155,138,132,2
S037,SKU0186,114,81,46,2
S037,SKU0187,283,247,78,6
S037,SKU0188,63,39,149,2
S037,SKU0189,116,102,128,6
S037,SKU0190,103,83,62,1
S037,SKU0191,251,221,106,4
S037,SKU0192,183,156,105,5
S037,SKU0193,257,219,96,3
S037,SKU0194,195,162,88,6
S037,SKU0195,55,41,124,3
S037,SKU0196,160,150,94,3
S037,SKU0197,242,225,37,3
S037,SKU0198,108,73,61,4
S037,SKU0199,65,32,92,7
S037,SKU0200,84,56,125,5
S037,SKU0201,253,236,67,5
S037,SKU0202,296,274,100,7
S037,SKU0203,194,161,98,2
S037,SKU0204,258,230,130,3
S037,SKU0205,148,112,74,6
S037,SKU0206,242,207,31,1
S037,SKU0207,103,93,81,6
S037,SKU0208,109,77,73,6
S037,SKU0209,252,228,26,3
S037,SKU0210,98,65,42,7
S037,SKU0211,204,184,139,6
S037,SKU0212,148,130,33,2
S037,SKU0213,96,78,20,7
S037,SKU0214,228,210,26,3
S037,SKU0215,262,226,121,2
S037,SKU0216,129,116,76,4
S037,SKU0217,242,205,117,6
S037,SKU0218,83,59,35,4
S037,SKU0219,154,116,109,4
S037,SKU0220,226,201,47,7
S037,SKU0221,147,113,126,4
S037,SKU0222,130,102,130,3
S037,SKU0223,53,42,100,6
S037,SKU0224,103,66,121,4
S037,SKU0225,219,190,82,2
S037,SKU0226,118,100,116,4
S037,SKU0227,147,117,145,3
S037,SKU0228,132,95,123,6
S037,SKU0229,83,57,131,7
S037,SKU0230,258,221,26,4
S037,SKU0231,67,31,24,4
S037,SKU0232,238,200,30,2
S037,SKU0233,203,178,114,4
S037,SKU0234,75,57,93,5
S037,SKU0235,287,269,71,1
S037,SKU0236,237,199,57,1
S037,SKU0237,179,147,75,5
S037,SKU0238,50,11,120,1
S037,SKU0239,180,161,36,4
S037,SKU0240,144,130,61,3
S037,SKU0241,238,226,90,7
S037,SKU0242,240,224,99,1
S037,SKU0243,199,186,118,5
S037,SKU0244,287,252,121,1
S037,SKU0245,290,265,48,4
S037,SKU0246,113,89,127,1
S037,SKU0247,284,272,112,1
S037,SKU0248,288,270,77,5
S037,SKU0249,264,236,43,7
S037,SKU0250,252,228,134,4
S037,SKU0251,163,143,143,3
S037,SKU0252,240,210,145,3
S037,SKU0253,185,170,69,4
S037,SKU0254,147,130,38,7
S037,SKU0255,62,26,85,2
S037,SKU0256,199,166,49,6
S037,SKU0257,289,276,68,2
S037,SKU0258,214,199,21,7
S037,SKU0259,242,224,149,3
S037,SKU0260,144,130,53,7
S037,SKU0261,133,120,85,2
S037,SKU0262,273,237,45,4
S037,SKU0263,71,45,21,6
S037,SKU0264,136,110,38,7
S037,SKU0265,107,73,115,2
S037,SKU0266,258,219,92,1
S037,SKU0267,131,108,86,4
S037,SKU0268,52,23,141,2
S037,SKU0269,200,162,64,2
S037,SKU0270,162,126,90,2
S037,SKU0271,272,257,120,4
S037,SKU0272,147,109,58,2
S037,SKU0273,128,103,64,2
S037,SKU0274,162,150,129,3
S037,SKU0275,265,241,133,6
S037,SKU0276,223,209,85,2
S037,SKU0277,141,127,41,2
S037,SKU0278,296,275,49,7
S037,SKU0279,107,90,112,3
S037,SKU0280,250,234,64,1
S037,SKU0281,217,187,106,5
S037,SKU0282,164,142,84,4
S037,SKU0283,143,116,40,7
S037,SKU0284,186,157,145,4
S037,SKU0285,179,155,42,7
S037,SKU0286,75,57,63,3
S037,SKU0287,169,146,92,3
S037,SKU0288,55,41,22,4
S037,SKU0289,57,20,87,3
S037,SKU0290,124,104,143,4
S037,SKU0291,123,102,128,3
S037,SKU0292,130,94,77,5
S037,SKU0293,282,267,139,7
S037,SKU0294,173,156,32,4
S037,SKU0295,149,119,99,3
S037,SKU0296,94,63,28,5
S037,SKU0297,72,41,80,7
S037,SKU0298,77,38,147,6
S037,SKU0299,124,97,21,1
S037,SKU0300,204,185,127,7
S037,SKU0301,166,156,98,4
S037,SKU0302,157,139,108,6
S037,SKU0303,267,255,34,6
S037,SKU0304,130,108,44,3
S037,SKU0305,288,261,140,3
S037,SKU0306,133,115,40,5
S037,SKU0307,194,164,126,3
S037,SKU0308,77,61,55,4
S037,SKU0309,178,158,54,6
S037,SKU0310,114,79,115,5
S037,SKU0311,254,238,88,6
S037,SKU0312,221,182,115,4
S037,SKU0313,187,177,26,4
S037,SKU0314,162,152,136,6
S037,SKU0315,115,88,88,6
S037,SKU0316,59,24,128,1
S037,SKU0317,247,228,42,1
S037,SKU0318,194,168,53,6
S037,SKU0319,232,222,109,5
S037,SKU0320,184,172,149,7
S037,SKU0321,232,211,116,6
S037,SKU0322,191,155,52,2
S037,SKU0323,135,105,89,1
S037,SKU0324,217,198,95,4
S037,SKU0325,77,47,44,7
S037,SKU0326,94,65,65,4
S037,SKU0327,198,174,101,7
S037,SKU0328,193,181,67,6
S037,SKU0329,146,121,34,7
S037,SKU0330,172,154,146,4
S037,SKU0331,294,277,23,5
S037,SKU0332,268,257,127,4
S037,SKU0333,189,163,79,4
S037,SKU0334,112,74,61,4
S037,SKU0335,127,112,138,3
S037,SKU0336,81,54,148,6
S037,SKU0337,240,229,112,5
S037,SKU0338,285,275,91,4
S037,SKU0339,79,41,135,7
S037,SKU0340,279,247,132,7
S037,SKU0341,296,262,43,3
S037,SKU0342,110,75,20,6
S037,SKU0343,235,213,63,1
S037,SKU0344,207,168,82,5
S037,SKU0345,155,140,94,3
S037,SKU0346,194,155,24,3
S037,SKU0347,171,143,66,6
S037,SKU0348,138,106,100,4
S037,SKU0349,197,171,57,4
S037,SKU0350,189,178,51,1
S037,SKU0351,247,211,103,6
S037,SKU0352,207,177,79,3
S037,SKU0353,164,126,37,1
S037,SKU0354,278,244,97,6
S037,SKU0355,69,43,71,4
S037,SKU0356,55,32,132,4
S037,SKU0357,122,83,93,6
S037,SKU0358,55,38,113,6
S037,SKU0359,199,171,119,5
S037,SKU0360,182,144,96,2
S037,SKU0361,89,54,65,5
S037,SKU0362,245,206,58,2
S037,SKU0363,122,95,127,1
S037,SKU0364,94,78,90,7
S037,SKU0365,222,204,145,6
S037,SKU0366,248,224,38,5
S037,SKU0367,217,188,115,3
S037,SKU0368,153,126,110,3
S037,SKU0369,197,175,26,2
S037,SKU0370,108,80,27,1
S037,SKU0371,86,69,92,7
S037,SKU0372,169,136,141,7
S037,SKU0373,60,27,82,3
S037,SKU0374,108,73,55,6
S037,SKU0375,214,196,139,2
S037,SKU0376,281,249,134,5
S037,SKU0377,173,150,62,7
S037,SKU0378,92,79,146,4
S037,SKU0379,62,45,135,5
S037,SKU0380,196,181,132,2
S037,SKU0381,101,72,110,2
S037,SKU0382,94,81,73,2
S037,SKU0383,197,167,42,6
S037,SKU0384,268,245,146,6
S037,SKU0385,142,119,141,5
S037,SKU0386,288,272,86,1
S037,SKU0387,250,224,71,3
S037,SKU0388,112,98,58,6
S037,SKU0389,64,54,123,2
S037,SKU0390,86,65,96,4
S037,SKU0391,146,128,50,2
S037,SKU0392,180,161,92,3
S037,SKU0393,255,233,143,4
S037,SKU0394,277,241,48,5
S037,SKU0395,223,188,47,1
S037,SKU0396,148,133,22,6
S037,SKU0397,265,238,131,4
S037,SKU0398,134,110,68,4
S037,SKU0399,255,245,140,5
S037,SKU0400,165,140,95,1
S037,SKU0401,234,199,70,2
S037,SKU0402,204,171,145,2
S037,SKU0403,158,130,136,3
S037,SKU0404,198,160,120,2
S037,SKU0405,96,65,53,2
S037,SKU0406,186,160,37,4
S037,SKU0407,94,55,74,2
S037,SKU0408,244,229,138,7
S037,SKU0409,281,254,20,5
S037,SKU0410,74,58,21,5
S037,SKU0411,162,137,53,1
S037,SKU0412,60,44,61,5
S037,SKU0413,125,104,123,6
S037,SKU0414,54,24,140,7
S037,SKU0415,167,146,106,2
S037,SKU0416,100,74,101,1
S037,SKU0417,121,103,117,2
S037,SKU0418,66,30,29,6
S037,SKU0419,256,246,147,7
S037,SKU0420,80,58,61,6
S037,SKU0421,137,124,118,6
S037,SKU0422,176,166,76,6
S037,SKU0423,229,212,28,3
S037,SKU0424,207,197,139,4
S037,SKU0425,114,87,76,2
S037,SKU0426,268,252,89,6
S037,SKU0427,177,162,111,4
S037,SKU0428,93,80,143,6
S037,SKU0429,223,202,102,1
S037,SKU0430,194,158,126,4
S037,SKU0431,256,231,53,1
S037,SKU0432,293,281,94,5
S037,SKU0433,115,97,146,4
S037,SKU0434,250,216,60,7
S037,SKU0435,173,154,90,3
S037,SKU0436,206,174,55,7
S037,SKU0437,226,213,118,4
S037,SKU0438,225,213,71,6
S037,SKU0439,51,38,109,4
S037,SKU0440,96,67,74,3
S037,SKU0441,188,174,103,6
S037,SKU0442,281,252,146,4
S037,SKU0443,235,214,147,4
S037,SKU0444,282,252,135,6
S037,SKU0445,202,170,131,3
S037,SKU0446,176,156,107,6
S037,SKU0447,188,176,107,3
S037,SKU0448,165,153,26,3
S037,SKU0449,181,151,37,6
S037,SKU0450,136,101,128,1
S037,SKU0451,247,214,78,2
S037,SKU0452,247,229,119,6
S037,SKU0453,196,180,105,4
S037,SKU0454,237,208,82,3
S037,SKU0455,253,229,20,4
S037,SKU0456,194,163,35,7
S037,SKU0457,80,62,118,1
S037,SKU0458,203,176,126,2
S037,SKU0459,269,238,38,1
S037,SKU0460,115,77,127,7
S037,SKU0461,140,130,78,5
S037,SKU0462,268,248,134,4
S037,SKU0463,243,220,110,3
S037,SKU0464,102,73,91,2
S037,SKU0465,208,173,94,4
S037,SKU0466,148,135,74,4
S037,SKU0467,256,232,143,5
S037,SKU0468,146,125,107,3
S037,SKU0469,242,222,87,3
S037,SKU0470,159,133,82,7
S037,SKU0471,175,159,86,6
S037,SKU0472,222,201,80,7
S037,SKU0473,52,40,95,1
S037,SKU0474,236,197,83,4
S037,SKU0475,68,35,90,5
S037,SKU0476,117,101,144,2
S037,SKU0477,113,82,122,5
S037,SKU0478,296,262,134,2
S037,SKU0479,231,218,46,1
S037,SKU0480,154,119,58,6
S037,SKU0481,266,234,94,3
S037,SKU0482,275,258,60,7
S037,SKU0483,220,209,121,4
S037,SKU0484,283,248,66,1
S037,SKU0485,164,137,88,5
S037,SKU0486,239,223,116,2
S037,SKU0487,182,160,32,3
S037,SKU0488,148,127,36,1
S037,SKU0489,138,122,112,2
S037,SKU0490,249,228,85,5
S037,SKU0491,142,128,84,6
S037,SKU0492,244,226,27,6
S037,SKU0493,227,197,101,3
S037,SKU0494,83,70,27,5
S037,SKU0495,111,91,117,7
S037,SKU0496,103,73,67,3
S037,SKU0497,93,80,120,2
S037,SKU0498,161,127,102,1
S037,SKU0499,83,53,143,6
S037,SKU0500,294,258,101,6
S038,SKU0001,233,220,133,7
S038,SKU0002,256,225,42,4
S038,SKU0003,252,234,35,1
S038,SKU0004,255,230,25,5
S038,SKU0005,216,186,30,3
S038,SKU0006,193,175,34,6
S038,SKU0007,273,255,47,3
S038,SKU0008,141,113,131,7
S038,SKU0009,65,38,55,3
S038,SKU0010,78,48,83,5
S038,SKU0011,219,184,49,4
S038,SKU0012,225,196,75,3
S038,SKU0013,276,256,121,3
S038,SKU0014,80,64,100,1
S038,SKU0015,109,76,39,5
S038,SKU0016,212,199,66,1
S038,SKU0017,70,58,47,4
S038,SKU0018,203,191,31,1
S038,SKU0019,274,235,69,2
S038,SKU0020,91,77,127,5
S038,SKU0021,261,247,37,3
S038,SKU0022,277,247,119,6
S038,SKU0023,137,116,34,6
S038,SKU0024,253,227,104,6
S038,SKU0025,204,188,74,5
S038,SKU0026,193,164,48,4
S038,SKU0027,292,264,144,7
S038,SKU0028,168,145,133,5
S038,SKU0029,219,208,146,1
S038,SKU0030,118,81,136,2
S038,SKU0031,283,269,50,5
S038,SKU0032,199,160,94,3
S038,SKU0033,159,149,85,7
S038,SKU0034,166,140,37,7
S038,SKU0035,282,268,20,7
S038,SKU0036,63,26,146,2
S038,SKU0037,175,138,96,7
S038,SKU0038,166,138,46,4
S038,SKU0039,66,41,97,6
S038,SKU0040,172,140,107,5
S038,SKU0041,155,118,21,6
S038,SKU0042,83,46,55,1
S038,SKU0043,241,206,66,2
S038,SKU0044,200,184,109,1
S038,SKU0045,285,261,33,2
S038,SKU0046,148,138,82,2
S038,SKU0047,58,23,136,4
S038,SKU0048,282,266,38,6
S038,SKU0049,142,123,26,7
S038,SKU0050,199,170,99,3
S038,SKU0051,237,206,104,5
S038,SKU0052,220,189,85,2
S038,SKU0053,107,91,130,3
S038,SKU0054,75,57,106,5
S038,SKU0055,130,114,136,3
S038,SKU0056,248,211,81,5
S038,SKU0057,204,194,143,4
S038,SKU0058,60,40,59,2
S038,SKU0059,211,195,149,5
S038,SKU0060,271,239,27,2
S038,SKU0061,275,244,45,4
S038,SKU0062,142,105,111,1
S038,SKU0063,127,104,125,4
S038,SKU0064,164,131,30,3
S038,SKU0065,189,169,28,6
S038,SKU0066,81,54,35,2
S038,SKU0067,73,36,24,2
S038,SKU0068,168,144,57,3
S038,SKU0069,214,179,143,5
S038,SKU0070,130,116,98,2
S038,SKU0071,141,126,112,6
S038,SKU0072,297,276,90,6
S038,SKU0073,243,214,139,6
S038,SKU0074,59,42,115,3
S038,SKU0075,113,103,99,7
S038,SKU0076,175,155,121,3
S038,SKU0077,180,169,80,2
S038,SKU0078,60,46,80,5
S038,SKU0079,192,164,137,4
S038,SKU0080,192,165,37,4
S038,SKU0081,124,103,34,2
S038,SKU0082,192,169,41,5
S038,SKU0083,100,65,118,6
S038,SKU0084,51,15,84,4
S038,SKU0085,159,122,125,6
S038,SKU0086,288,258,108,4
S038,SKU0087,139,118,149,7
S038,SKU0088,173,144,131,5
S038,SKU0089,282,263,102,7
S038,SKU0090,73,56,86,4
S038,SKU0091,157,132,51,5
S038,SKU0092,257,221,137,5
S038,SKU0093,254,238,50,5
S038,SKU0094,111,80,141,2
S038,SKU0095,111,76,57,6
S038,SKU0096,113,102,21,7
S038,SKU0097,168,151,102,7
S038,SKU0098,103,92,127,3
S038,SKU0099,53,31,108,5
S038,SKU0100,91,68,121,2
S038,SKU0101,119,96,146,6
S038,SKU0102,63,38,104,1
S038,SKU0103,113,83,54,6
S038,SKU0104,161,140,130,3
S038,SKU0105,75,53,149,2
S038,SKU0106,266,255,28,7
S038,SKU0107,134,109,67,7
S038,SKU0108,204,190,112,5
S038,SKU0109,229,202,39,6
S038,SKU0110,111,97,116,2
S038,SKU0111,261,237,68,7
S038,SKU0112,166,140,109,5
S038,SKU0113,64,33,90,4
S038,SKU0114,124,112,86,6
S038,SKU0115,296,269,117,2
S038,SKU0116,79,69,105,2
S038,SKU0117,279,255,41,3
S038,SKU0118,105,81,28,7
S038,SKU0119,210,191,131,3
S038,SKU0120,155,118,34,3
S038,SKU0121,242,222,22,5
S038,SKU0122,274,253,59,2
S038,SKU0123,114,75,127,7
S038,SKU0124,270,257,63,5
S038,SKU0125,103,79,105,7
S038,SKU0126,292,262,119,5
S038,SKU0127,295,262,91,5
S038,SKU0128,242,220,120,4
S038,SKU0129,229,211,78,2
S038,SKU0130,52,23,110,3
S038,SKU0131,155,138,100,4
S038,SKU0132,55,28,74,1
S038,SKU0133,257,244,24,4
S038,SKU0134,134,112,144,4
S038,SKU0135,127,113,54,6
S038,SKU0136,265,239,126,1
S038,SKU0137,53,43,146,6
S038,SKU0138,129,111,63,2
S038,SKU0139,214,181,97,1
S038,SKU0140,162,140,106,1
S038,SKU0141,66,51,79,7
S038,SKU0142,161,145,80,2
S038,SKU0143,230,219,97,7
S038,SKU0144,71,39,63,1
S038,SKU0145,172,151,140,3
S038,SKU0146,240,215,105,2
S038,SKU0147,172,149,143,4
S038,SKU0148,94,77,46,1
S038,SKU0149,82,68,113,4
S038,SKU0150,154,142,119,2
S038,SKU0151,145,114,105,4
S038,SKU0152,124,90,109,2
S038,SKU0153,222,197,138,3
S038,SKU0154,102,92,72,5
S038,SKU0155,274,245,68,1
S038,SKU0156,85,69,95,2
S038,SKU0157,104,89,104,5
S038,SKU0158,226,208,129,6
S038,SKU0159,200,184,128,1
S038,SKU0160,142,127,147,5
S038,SKU0161,268,244,110,6
S038,SKU0162,96,67,144,1
S038,SKU0163,51,32,77,3
S038,SKU0164,56,43,55,3
S038,SKU0165,188,172,42,7
S038,SKU0166,131,104,56,7
S038,SKU0167,128,113,124,7
S038,SKU0168,70,34,111,5
S038,SKU0169,273,243,50,4
S038,SKU0170,215,200,59,6
S038,SKU0171,190,164,149,2
S038,SKU0172,216,198,42,7
S038,SKU0173,149,118,103,2
S038,SKU0174,295,263,85,6
S038,SKU0175,236,211,149,6
S038,SKU0176,196,158,127,7
S038,SKU0177,192,173,123,3
S038,SKU0178,79,63,70,3
S038,SKU0179,124,91,88,7
S038,SKU0180,231,197,108,2
S038,SKU0181,109,77,120,7
S038,SKU0182,80,68,119,7
S038,SKU0183,136,121,22,5
S038,SKU0184,247,214,100,1
S038,SKU0185,231,219,77,2
S038,SKU0186,115,105,37,1
S038,SKU0187,50,24,89,6
S038,SKU0188,222,206,136,3
S038,SKU0189,277,263,30,7
S038,SKU0190,244,233,108,1
S038,SKU0191,203,183,76,6
S038,SKU0192,89,73,118,7
S038,SKU0193,183,167,47,2
S038,SKU0194,216,206,59,2
S038,SKU0195,119,86,141,3
S038,SKU0196,233,202,43,5
S038,SKU0197,293,270,117,3
S038,SKU0198,165,148,105,1
S038,SKU0199,236,202,40,2
S038,SKU0200,298,284,81,6
S038,SKU0201,149,123,74,3
S038,SKU0202,296,267,64,5
S038,SKU0203,157,123,137,7
S038,SKU0204,254,230,50,3
S038,SKU0205,264,252,106,5
S038,SKU0206,95,65,146,7
S038,SKU0207,104,83,123,1
S038,SKU0208,249,214,54,2
S038,SKU0209,69,43,68,2
S038,SKU0210,114,97,29,5
S038,SKU0211,153,142,74,6
S038,SKU0212,113,93,55,3
S038,SKU0213,175,138,138,3
S038,SKU0214,291,254,21,2
S038,SKU0215,261,248,134,6
S038,SKU0216,115,77,73,2
S038,SKU0217,109,83,31,5
S038,SKU0218,198,165,35,5
S038,SKU0219,167,128,106,4
S038,SKU0220,217,192,80,4
S038,SKU0221,256,246,106,1
S038,SKU0222,276,241,112,3
S038,SKU0223,268,240,23,6
S038,SKU0224,71,39,98,6
S038,SKU0225,138,109,135,2
S038,SKU0226,267,256,88,6
S038,SKU0227,114,91,85,7
S038,SKU0228,299,284,108,4
S038,SKU0229,58,28,120,2
S038,SKU0230,186,169,48,7
S038,SKU0231,141,112,124,2
S038,SKU0232,285,248,50,4
S038,SKU0233,232,193,91,4
S038,SKU0234,183,145,21,2
S038,SKU0235,149,111,64,5
S038,SKU0236,276,253,136,2
S038,SKU0237,178,158,41,7
S038,SKU0238,271,242,69,4
S038,SKU0239,193,156,136,1
S038,SKU0240,89,56,137,5
S038,SKU0241,287,252,52,7
S038,SKU0242,135,105,87,2
S038,SKU0243,296,273,57,5
S038,SKU0244,294,273,33,6
S038,SKU0245,96,85,24,6
S038,SKU0246,125,89,71,5
S038,SKU0247,245,217,82,6
S038,SKU0248,57,33,113,3
S038,SKU0249,230,218,82,5
S038,SKU0250,231,216,147,3
S038,SKU0251,77,52,113,5
S038,SKU0252,87,51,98,5
S038,SKU0253,246,218,109,6
S038,SKU0254,162,135,68,1
S038,SKU0255,194,179,86,6
S038,SKU0256,275,243,69,6
S038,SKU0257,56,41,20,1
S038,SKU0258,50,33,64,4
S038,SKU0259,87,50,25,1
S038,SKU0260,133,123,82,4
S038,SKU0261,91,53,120,4
S038,SKU0262,62,31,46,5
S038,SKU0263,206,179,49,1
S038,SKU0264,226,207,62,6
S038,SKU0265,100,68,145,6
S038,SKU0266,114,94,28,3
S038,SKU0267,260,247,44,1
S038,SKU0268,130,93,136,2
S038,SKU0269,139,125,127,7
S038,SKU0270,202,186,28,4
S038,SKU0271,133,113,117,7
S038,SKU0272,268,256,99,4
S038,SKU0273,159,144,96,6
S038,SKU0274,232,215,113,2
S038,SKU0275,136,124,134,5
S038,SKU0276,63,38,113,2
S038,SKU0277,216,180,20,2
S038,SKU0278,255,245,20,7
S038,SKU0279,190,162,137,7
S038,SKU0280,182,153,101,6
S038,SKU0281,52,16,103,6
S038,SKU0282,172,146,65,1
S038,SKU0283,64,32,96,4
S038,SKU0284,210,186,26,7
S038,SKU0285,275,256,132,4
S038,SKU0286,131,114,117,4
S038,SKU0287,129,94,135,4
S038,SKU0288,172,152,70,1
S038,SKU0289,117,98,106,7
S038,SKU0290,144,131,122,4
S038,SKU0291,96,71,103,6
S038,SKU0292,128,102,138,3
S038,SKU0293,123,105,130,1
S038,SKU0294,240,207,24,1
S038,SKU0295,132,108,23,5
S038,SKU0296,92,63,131,6
S038,SKU0297,70,34,113,3
S038,SKU0298,137,107,149,4
S038,SKU0299,215,177,51,6
S038,SKU0300,274,263,105,1
S038,SKU0301,194,169,74,6
S038,SKU0302,202,188,66,4
S038,SKU0303,109,73,117,7
S038,SKU0304,58,40,113,5
S038,SKU0305,295,281,67,6
S038,SKU0306,289,269,106,5
S038,SKU0307,240,222,147,2
S038,SKU0308,94,65,104,6
S038,SKU0309,143,128,114,2
S038,SKU0310,279,241,111,5
S038,SKU0311,279,253,83,6
S038,SKU0312,227,214,91,3
S038,SKU0313,246,222,145,2
S038,SKU0314,260,248,48,3
S038,SKU0315,92,54,79,7
S038,SKU0316,245,233,109,4
S038,SKU0317,138,121,124,4
S038,SKU0318,242,231,117,4
S038,SKU0319,57,32,80,4
S038,SKU0320,299,285,49,4
S038,SKU0321,225,200,146,2
S038,SKU0322,91,59,78,2
S038,SKU0323,133,114,111,3
S038,SKU0324,294,268,127,2
S038,SKU0325,154,115,95,2
S038,SKU0326,192,162,78,1
S038,SKU0327,57,25,47,2
S038,SKU0328,284,269,131,6
S038,SKU0329,210,190,68,1
S038,SKU0330,217,206,85,4
S038,SKU0331,165,135,23,7
S038,SKU0332,137,120,47,4
S038,SKU0333,222,194,79,4
S038,SKU0334,257,219,69,5
S038,SKU0335,129,93,77,3
S038,SKU0336,249,213,26,2
S038,SKU0337,65,37,89,1
S038,SKU0338,121,105,110,7
S038,SKU0339,97,75,142,7
S038,SKU0340,191,153,46,6
S038,SKU0341,297,273,43,7
S038,SKU0342,273,237,67,3
S038,SKU0343,96,81,106,2
S038,SKU0344,228,189,33,7
S038,SKU0345,211,192,128,6
S038,SKU0346,100,88,68,3
S038,SKU0347,183,173,87,5
S038,SKU0348,161,130,131,1
S038,SKU0349,79,61,92,2
S038,SKU0350,256,240,34,4
S038,SKU0351,274,263,60,5
S038,SKU0352,96,76,89,1
S038,SKU0353,219,188,121,1
S038,SKU0354,250,226,127,6
S038,SKU0355,77,64,80,5
S038,SKU0356,147,129,70,2
S038,SKU0357,218,201,56,7
S038,SKU0358,197,176,96,5
S038,SKU0359,213,178,121,6
S038,SKU0360,176,146,94,2
S038,SKU0361,122,85,53,6
S038,SKU0362,217,184,70,2
S038,SKU0363,290,257,61,3
S038,SKU0364,83,58,75,4
S038,SKU0365,86,55,141,6
S038,SKU0366,141,104,49,2
S038,SKU0367,228,195,120,6
S038,SKU0368,230,220,83,2
S038,SKU0369,78,42,144,3
S038,SKU0370,264,253,99,6
S038,SKU0371,238,206,80,2
S038,SKU0372,237,225,101,2
S038,SKU0373,251,213,141,6
S038,SKU0374,206,190,49,3
S038,SKU0375,249,224,148,7
S038,SKU0376,167,154,40,6
S038,SKU0377,94,76,94,5
S038,SKU0378,98,70,47,1
S038,SKU0379,261,243,88,4
S038,SKU0380,264,250,67,6
S038,SKU0381,144,117,105,7
S038,SKU0382,192,154,134,2
S038,SKU0383,240,217,146,1
S038,SKU0384,207,181,102,3
S038,SKU0385,227,210,78,5
S038,SKU0386,67,43,144,6
S038,SKU0387,246,209,50,3
S038,SKU0388,61,35,128,4
S038,SKU0389,270,241,83,5
S038,SKU0390,95,77,125,5
S038,SKU0391,63,48,62,7
S038,SKU0392,77,39,45,7
S038,SKU0393,258,244,81,4
S038,SKU0394,199,178,31,7
S038,SKU0395,247,215,70,6
S038,SKU0396,122,110,113,3
S038,SKU0397,139,120,53,4
S038,SKU0398,226,202,83,7
S038,SKU0399,110,79,95,7
S038,SKU0400,211,194,38,5
S038,SKU0401,152,120,64,2
S038,SKU0402,115,94,140,3
S038,SKU0403,278,248,35,4
S038,SKU0404,169,157,65,2
S038,SKU0405,66,43,135,7
S038,SKU0406,107,71,121,1
S038,SKU0407,193,163,95,5
S038,SKU0408,263,253,45,1
S038,SKU0409,177,152,40,2
S038,SKU0410,167,129,119,2
S038,SKU0411,225,201,87,3
S038,SKU0412,184,146,112,7
S038,SKU0413,269,257,83,4
S038,SKU0414,210,182,75,6
S038,SKU0415,240,205,106,1
S038,SKU0416,208,198,59,1
S038,SKU0417,219,202,92,4
S038,SKU0418,269,246,22,6
S038,SKU0419,117,99,64,3
S038,SKU0420,173,137,123,3
S038,SKU0421,161,134,123,3
S038,SKU0422,186,160,54,3
S038,SKU0423,111,80,100,7
S038,SKU0424,145,128,79,4
S038,SKU0425,74,59,121,7
S038,SKU0426,84,46,101,6
S038,SKU0427,122,94,47,2
S038,SKU0428,133,108,66,6
S038,SKU0429,150,118,83,5
S038,SKU0430,124,100,71,6
S038,SKU0431,294,276,107,2
S038,SKU0432,210,185,27,7
S038,SKU0433,83,54,73,5
S038,SKU0434,251,218,146,1
S038,SKU0435,232,211,64,7
S038,SKU0436,67,39,147,7
S038,SKU0437,200,177,128,4
S038,SKU0438,259,239,123,2
S038,SKU0439,239,212,142,3
S038,SKU0440,202,163,47,5
S038,SKU0441,225,213,112,5
S038,SKU0442,194,172,105,7
S038,SKU0443,100,61,117,1
S038,SKU0444,136,106,73,4
S038,SKU0445,173,156,56,1
S038,SKU0446,152,129,49,4
S038,SKU0447,219,194,30,1
S038,SKU0448,273,238,148,1
S038,SKU0449,63,43,28,3
S038,SKU0450,143,117,93,2
S038,SKU0451,270,245,52,3
S038,SKU0452,168,158,122,3
S038,SKU0453,247,237,122,4
S038,SKU0454,150,132,135,7
S038,SKU0455,95,66,102,1
S038,SKU0456,117,106,75,6
S038,SKU0457,117,99,120,7
S038,SKU0458,160,150,84,1
S038,SKU0459,254,223,88,7
S038,SKU0460,129,115,32,4
S038,SKU0461,104,72,21,1
S038,SKU0462,298,275,87,7
S038,SKU0463,189,171,79,2
S038,SKU0464,278,249,82,3
S038,SKU0465,111,93,82,3
S038,SKU0466,119,82,69,3
S038,SKU0467,197,177,21,5
S038,SKU0468,219,197,110,6
S038,SKU0469,232,205,58,7
S038,SKU0470,79,41,105,3
S038,SKU0471,265,236,52,1
S038,SKU0472,95,78,98,7
S038,SKU0473,296,261,126,6
S038,SKU0474,282,253,94,5
S038,SKU0475,86,69,130,6
S038,SKU0476,159,128,72,3
S038,SKU0477,194,156,89,6
S038,SKU0478,239,202,70,3
S038,SKU0479,113,82,133,4
S038,SKU0480,297,270,37,1
S038,SKU0481,236,220,74,2
S038,SKU0482,135,100,39,2
S038,SKU0483,161,123,106,5
S038,SKU0484,80,46,55,7
S038,SKU0485,52,28,73,1
S038,SKU0486,63,38,54,5
S038,SKU0487,61,25,89,2
S038,SKU0488,297,279,133,3
S038,SKU0489,136,125,45,7
S038,SKU0490,52,32,134,6
S038,SKU0491,175,152,140,3
S038,SKU0492,114,88,147,1
S038,SKU0493,258,244,143,4
S038,SKU0494,246,207,86,1
S038,SKU0495,128,111,141,4
S038,SKU0496,262,244,68,4
S038,SKU0497,284,257,99,5
S038,SKU0498,115,101,140,6
S038,SKU0499,255,232,37,4
S038,SKU0500,167,130,43,4
S039,SKU0001,144,116,88,7
S039,SKU0002,240,212,78,3
S039,SKU0003,297,278,43,6
S039,SKU0004,75,39,105,3
S039,SKU0005,292,275,70,6
S039,SKU0006,292,257,77,7
S039,SKU0007,242,217,117,3
S039,SKU0008,139,105,130,4
S039,SKU0009,111,74,28,5
S039,SKU0010,261,245,62,7
S039,SKU0011,152,135,39,5
S039,SKU0012,276,243,84,6
S039,SKU0013,141,130,102,6
S039,SKU0014,101,83,145,6
S039,SKU0015,149,122,98,5
S039,SKU0016,79,53,55,2
S039,SKU0017,123,101,46,6
S039,SKU0018,165,131,144,7
S039,SKU0019,198,175,68,3
S039,SKU0020,60,43,54,2
S039,SKU0021,266,248,25,3
S039,SKU0022,279,243,125,5
S039,SKU0023,180,165,134,5
S039,SKU0024,231,205,104,2
S039,SKU0025,246,217,42,1
S039,SKU0026,106,76,92,3
S039,SKU0027,142,119,105,4
S039,SKU0028,181,162,120,2
S039,SKU0029,150,118,89,5
S039,SKU0030,61,22,110,1
S039,SKU0031,237,211,117,6
S039,SKU0032,266,247,130,6
S039,SKU0033,262,248,44,1
S039,SKU0034,69,37,114,3
S039,SKU0035,161,143,109,3
S039,SKU0036,95,59,66,3
S039,SKU0037,69,56,131,5
S039,SKU0038,265,232,131,4
S039,SKU0039,99,78,132,4
S039,SKU0040,185,162,65,7
S039,SKU0041,265,236,69,1
S039,SKU0042,243,216,85,1
S039,SKU0043,78,39,133,5
S039,SKU0044,189,164,87,1
S039,SKU0045,274,251,139,2
S039,SKU0046,135,123,44,3
S039,SKU0047,123,103,133,7
S039,SKU0048,115,98,79,5
S039,SKU0049,63,45,65,7
S039,SKU0050,74,62,132,1
S039,SKU0051,160,143,140,1
S039,SKU0052,224,201,38,7
S039,SKU0053,242,219,120,5
S039,SKU0054,94,58,124,4
S039,SKU0055,275,252,119,1
S039,SKU0056,195,156,48,4
S039,SKU0057,264,236,125,2
S039,SKU0058,199,176,50,7
S039,SKU0059,280,258,142,1
S039,SKU0060,164,132,90,3
S039,SKU0061,196,169,117,5
S039,SKU0062,154,131,105,5
S039,SKU0063,266,237,145,2
S039,SKU0064,281,268,112,6
S039,SKU0065,214,188,93,4
S039,SKU0066,283,266,62,6
S039,SKU0067,230,197,81,4
S039,SKU0068,116,77,73,3
S039,SKU0069,159,137,46,2
S039,SKU0070,67,40,73,7
S039,SKU0071,215,177,109,6
S039,SKU0072,261,250,110,3
S039,SKU0073,102,74,71,3
S039,SKU0074,254,230,54,2
S039,SKU0075,106,73,56,7
S039,SKU0076,276,250,83,6
S039,SKU0077,81,43,54,7
S039,SKU0078,246,223,115,6
S039,SKU0079,86,73,68,1
S039,SKU0080,70,46,49,3
S039,SKU0081,168,138,133,4
S039,SKU0082,131,120,87,1
S039,SKU0083,191,166,136,2
S039,SKU0084,289,252,47,5
S039,SKU0085,121,85,142,6
S039,SKU0086,198,162,109,5
S039,SKU0087,216,191,111,4
S039,SKU0088,257,243,46,1
S039,SKU0089,102,90,90,4
S039,SKU0090,118,97,102,7
S039,SKU0091,77,51,69,6
S039,SKU0092,194,167,90,3
S039,SKU0093,155,134,24,4
S039,SKU0094,271,237,109,6
S039,SKU0095,88,65,123,2
S039,SKU0096,276,239,53,5
S039,SKU0097,60,40,135,1
S039,SKU0098,216,189,68,7
S039,SKU0099,257,239,30,3
S039,SKU0100,95,84,58,1
S039,SKU0101,161,127,73,2
S039,SKU0102,282,272,133,4
S039,SKU0103,165,152,29,6
S039,SKU0104,274,236,126,4
S039,SKU0105,148,114,137,6
S039,SKU0106,208,171,48,2
S039,SKU0107,275,250,82,3
S039,SKU0108,78,63,115,3
S039,SKU0109,67,34,46,2
S039,SKU0110,94,80,59,7
S039,SKU0111,145,116,127,1
S039,SKU0112,269,240,146,7
S039,SKU0113,281,261,146,5
S039,SKU0114,213,187,134,7
S039,SKU0115,179,156,46,1
S039,SKU0116,58,34,47,5
S039,SKU0117,110,94,82,5
S039,SKU0118,60,31,146,4
S039,SKU0119,247,214,135,1
S039,SKU0120,206,180,64,2
S039,SKU0121,153,137,101,3
S039,SKU0122,60,30,77,1
S039,SKU0123,190,177,101,1
S039,SKU0124,182,164,38,7
S039,SKU0125,127,98,146,7
S039,SKU0126,277,264,115,7
S039,SKU0127,109,94,41,6
S039,SKU0128,279,250,145,6
S039,SKU0129,184,169,64,2
S039,SKU0130,137,98,100,4
S039,SKU0131,224,193,147,6
S039,SKU0132,218,204,67,4
S039,SKU0133,284,270,99,5
S039,SKU0134,241,218,60,5
S039,SKU0135,142,128,115,2
S039,SKU0136,263,234,68,5
S039,SKU0137,223,192,50,7
S039,SKU0138,287,277,137,4
S039,SKU0139,206,180,74,3
S039,SKU0140,284,265,98,5
S039,SKU0141,177,159,99,6
S039,SKU0142,140,104,140,4
S039,SKU0143,292,282,118,1
S039,SKU0144,170,149,86,3
S039,SKU0145,88,51,107,5
S039,SKU0146,91,52,97,6
S039,SKU0147,161,145,94,6
S039,SKU0148,269,252,143,2
S039,SKU0149,237,224,107,1
S039,SKU0150,208,183,25,2
S039,SKU0151,68,49,138,4
S039,SKU0152,127,94,94,7
S039,SKU0153,184,149,27,3
S039,SKU0154,111,80,30,2
S039,SKU0155,190,171,145,7
S039,SKU0156,166,136,109,2
S039,SKU0157,261,235,109,4
S039,SKU0158,233,217,93,1
S039,SKU0159,124,107,27,3
S039,SKU0160,209,183,149,7
S039,SKU0161,104,84,61,2
S039,SKU0162,229,200,45,3
S039,SKU0163,166,129,55,5
S039,SKU0164,258,245,105,2
S039,SKU0165,163,137,140,7
S039,SKU0166,243,211,111,4
S039,SKU0167,249,227,73,6
S039,SKU0168,93,64,89,2
S039,SKU0169,237,224,132,7
S039,SKU0170,287,249,90,2
S039,SKU0171,196,172,37,7
S039,SKU0172,262,232,104,6
S039,SKU0173,104,87,135,7
S039,SKU0174,221,211,75,3
S039,SKU0175,59,27,127,5
S039,SKU0176,249,226,120,5
S039,SKU0177,284,269,23,4
S039,SKU0178,289,272,41,7
S039,SKU0179,226,190,81,3
S039,SKU0180,278,252,71,3
S039,SKU0181,240,211,126,1
S039,SKU0182,283,257,49,7
S039,SKU0183,290,275,83,5
S039,SKU0184,143,129,143,5
S039,SKU0185,76,48,53,5
S039,SKU0186,176,137,81,3
S039,SKU0187,286,249,130,1
S039,SKU0188,82,64,83,2
S039,SKU0189,274,263,82,2
S039,SKU0190,134,100,117,6
S039,SKU0191,281,251,98,3
S039,SKU0192,83,57,127,3
S039,SKU0193,225,197,139,1
S039,SKU0194,289,256,140,1
S039,SKU0195,190,180,57,4
S039,SKU0196,279,262,68,6
S039,SKU0197,143,128,63,3
S039,SKU0198,129,108,88,4
S039,SKU0199,259,244,121,6
S039,SKU0200,232,194,23,7
S039,SKU0201,263,224,63,7
S039,SKU0202,217,189,66,2
S039,SKU0203,89,61,117,6
S039,SKU0204,253,232,118,3
S039,SKU0205,94,72,147,2
S039,SKU0206,149,136,24,4
S039,SKU0207,168,141,77,5
S039,SKU0208,105,67,131,3
S039,SKU0209,76,55,97,1
S039,SKU0210,76,47,24,5
S039,SKU0211,273,249,142,1
S039,SKU0212,192,164,69,5
S039,SKU0213,195,173,147,7
S039,SKU0214,141,109,77,6
S039,SKU0215,268,238,58,2
S039,SKU0216,70,42,35,4
S039,SKU0217,72,50,62,1
S039,SKU0218,215,176,55,2
S039,SKU0219,236,219,41,4
S039,SKU0220,161,124,126,1
S039,SKU0221,255,233,133,1
S039,SKU0222,211,185,70,5
S039,SKU0223,261,231,126,7
S039,SKU0224,222,199,42,2
S039,SKU0225,274,238,60,6
S039,SKU0226,273,247,31,3
S039,SKU0227,265,229,121,5
S039,SKU0228,220,183,61,2
S039,SKU0229,172,160,123,5
S039,SKU0230,73,34,23,1
S039,SKU0231,64,51,91,5
S039,SKU0232,167,128,122,2
S039,SKU0233,159,122,85,2
S039,SKU0234,281,257,57,7
S039,SKU0235,107,94,95,1
S039,SKU0236,192,175,72,4
S039,SKU0237,219,204,127,1
S039,SKU0238,139,101,69,3
S039,SKU0239,176,143,90,6
S039,SKU0240,119,82,93,4
S039,SKU0241,134,117,79,1
S039,SKU0242,128,96,28,2
S039,SKU0243,230,205,131,1
S039,SKU0244,88,66,103,2
S039,SKU0245,126,93,141,3
S039,SKU0246,101,89,96,4
S039,SKU0247,289,264,142,1
S039,SKU0248,162,123,44,7
S039,SKU0249,296,284,75,5
S039,SKU0250,56,20,79,5
S039,SKU0251,113,102,147,3
S039,SKU0252,55,40,124,4
S039,SKU0253,62,38,126,3
S039,SKU0254,220,207,125,4
S039,SKU0255,62,40,41,5
S039,SKU0256,171,151,102,1
S039,SKU0257,225,205,40,3
S039,SKU0258,194,181,83,3
S039,SKU0259,86,62,57,5
S039,SKU0260,162,139,74,6
S039,SKU0261,75,37,139,2
S039,SKU0262,111,75,84,5
S039,SKU0263,100,70,71,5
S039,SKU0264,126,103,136,7
S039,SKU0265,281,248,45,5
S039,SKU0266,189,176,38,4
S039,SKU0267,115,88,118,5
S039,SKU0268,138,117,53,4
S039,SKU0269,172,139,73,3
S039,SKU0270,254,221,56,3
S039,SKU0271,251,223,134,6
S039,SKU0272,110,83,54,3
S039,SKU0273,211,181,52,2
S039,SKU0274,275,251,27,2
S039,SKU0275,65,38,146,3
S039,SKU0276,294,255,145,6
S039,SKU0277,278,262,95,1
S039,SKU0278,168,133,109,4
S039,SKU0279,182,160,139,2
S039,SKU0280,94,71,43,5
S039,SKU0281,114,92,89,7
S039,SKU0282,65,34,113,1
S039,SKU0283,98,82,59,6
S039,SKU0284,256,244,51,6
S039,SKU0285,212,189,85,5
S039,SKU0286,282,264,91,4
S039,SKU0287,259,222,45,7
S039,SKU0288,258,247,96,2
S039,SKU0289,272,261,42,2
S039,SKU0290,107,93,22,1
S039,SKU0291,136,106,50,6
S039,SKU0292,244,234,101,4
S039,SKU0293,153,136,136,7
S039,SKU0294,293,267,88,4
S039,SKU0295,209,191,73,3
S039,SKU0296,234,196,131,6
S039,SKU0297,280,250,94,6
S039,SKU0298,173,155,102,4
S039,SKU0299,272,234,102,5
S039,SKU0300,62,31,88,5
S039,SKU0301,106,86,61,2
S039,SKU0302,63,24,148,5
S039,SKU0303,78,61,88,2
S039,SKU0304,288,259,36,7
S039,SKU0305,298,284,52,4
S039,SKU0306,157,122,129,1
S039,SKU0307,75,52,71,7
S039,SKU0308,68,56,77,6
S039,SKU0309,107,78,28,4
S039,SKU0310,257,221,129,5
S039,SKU0311,76,50,90,2
S039,SKU0312,174,142,145,4
S039,SKU0313,112,90,128,2
S039,SKU0314,99,74,132,7
S039,SKU0315,276,263,109,2
S039,SKU0316,88,54,146,3
S039,SKU0317,105,72,123,3
S039,SKU0318,209,190,45,4
S039,SKU0319,292,264,23,5
S039,SKU0320,165,152,85,1
S039,SKU0321,240,209,119,7
S039,SKU0322,174,148,131,3
S039,SKU0323,122,104,132,5
S039,SKU0324,72,62,135,5
S039,SKU0325,137,119,148,7
S039,SKU0326,205,178,28,5
S039,SKU0327,268,232,84,3
S039,SKU0328,211,200,95,2
S039,SKU0329,237,214,24,6
S039,SKU0330,169,151,146,5
S039,SKU0331,203,183,81,1
S039,SKU0332,72,47,39,3
S039,SKU0333,115,93,44,1
S039,SKU0334,224,209,36,2
S039,SKU0335,268,239,24,1
S039,SKU0336,117,90,23,2
S039,SKU0337,266,239,45,2
S039,SKU0338,68,47,96,7
S039,SKU0339,232,222,117,3
S039,SKU0340,293,265,103,7
S039,SKU0341,165,139,83,1
S039,SKU0342,89,71,101,6
S039,SKU0343,224,204,56,1
S039,SKU0344,184,170,137,7
S039,SKU0345,279,248,54,5
S039,SKU0346,106,67,60,6
S039,SKU0347,165,140,100,1
S039,SKU0348,118,103,113,4
S039,SKU0349,146,121,119,3
S039,SKU0350,286,267,93,4
S039,SKU0351,50,37,128,6
S039,SKU0352,266,248,70,1
S039,SKU0353,282,246,135,1
S039,SKU0354,55,25,136,3
S039,SKU0355,209,179,23,2
S039,SKU0356,192,163,147,7
S039,SKU0357,293,256,86,5
S039,SKU0358,214,197,64,2
S039,SKU0359,246,227,57,3
S039,SKU0360,124,87,52,3
S039,SKU0361,117,103,110,7
S039,SKU0362,60,42,145,5
S039,SKU0363,260,230,93,1
S039,SKU0364,75,64,51,1
S039,SKU0365,191,179,77,4
S039,SKU0366,174,149,127,1
S039,SKU0367,166,145,148,7
S039,SKU0368,149,133,116,1
S039,SKU0369,221,204,26,5
S039,SKU0370,106,91,105,5
S039,SKU0371,240,230,69,2
S039,SKU0372,101,79,117,5
S039,SKU0373,253,236,49,6
S039,SKU0374,105,67,92,1
S039,SKU0375,270,243,143,3
S039,SKU0376,217,198,80,6
S039,SKU0377,220,205,130,5
S039,SKU0378,74,44,78,5
S039,SKU0379,91,68,127,1
S039,SKU0380,161,141,133,1
S039,SKU0381,274,256,31,2
S039,SKU0382,190,154,84,1
S039,SKU0383,68,44,102,7
S039,SKU0384,101,77,149,4
S039,SKU0385,186,154,54,3
S039,SKU0386,133,97,28,4
S039,SKU0387,271,238,86,5
S039,SKU0388,102,91,47,4
S039,SKU0389,294,280,139,2
S039,SKU0390,53,33,110,2
S039,SKU0391,187,172,126,2
S039,SKU0392,58,48,140,4
S039,SKU0393,193,171,54,4
S039,SKU0394,248,218,144,7
S039,SKU0395,83,65,108,6
S039,SKU0396,140,103,38,3
S039,SKU0397,169,153,133,5
S039,SKU0398,299,273,41,4
S039,SKU0399,221,207,77,3
S039,SKU0400,165,136,131,3
S039,SKU0401,117,81,26,1
S039,SKU0402,113,83,40,3
S039,SKU0403,197,163,52,6
S039,SKU0404,111,84,38,5
S039,SKU0405,76,46,72,6
S039,SKU0406,181,162,104,1
S039,SKU0407,227,203,44,3
S039,SKU0408,278,257,147,6
S039,SKU0409,113,75,78,7
S039,SKU0410,78,48,135,1
S039,SKU0411,232,207,138,2
S039,SKU0412,112,81,97,6
S039,SKU0413,141,128,116,6
S039,SKU0414,94,69,80,6
S039,SKU0415,142,112,62,1
S039,SKU0416,107,71,133,1
S039,SKU0417,121,101,144,2
S039,SKU0418,264,233,149,5
S039,SKU0419,162,134,137,2
S039,SKU0420,55,17,34,2
S039,SKU0421,172,155,94,4
S039,SKU0422,101,73,64,3
S039,SKU0423,185,151,92,7
S039,SKU0424,65,53,41,5
S039,SKU0425,233,216,81,2
S039,SKU0426,74,52,113,7
S039,SKU0427,219,180,41,4
S039,SKU0428,234,216,126,2
S039,SKU0429,248,226,134,1
S039,SKU0430,166,131,57,6
S039,SKU0431,239,218,148,3
S039,SKU0432,284,257,21,2
S039,SKU0433,81,52,73,2
S039,SKU0434,118,79,94,5
S039,SKU0435,63,38,54,1
S039,SKU0436,164,126,106,7
S039,SKU0437,83,61,128,4
S039,SKU0438,215,195,39,2
S039,SKU0439,260,229,55,6
S039,SKU0440,230,212,136,3
S039,SKU0441,272,262,136,5
S039,SKU0442,217,180,31,5
S039,SKU0443,191,178,147,2
S039,SKU0444,65,42,96,2
S039,SKU0445,228,209,99,5
S039,SKU0446,214,203,43,3
S039,SKU0447,64,49,37,4
S039,SKU0448,110,87,69,2
S039,SKU0449,252,236,39,5
S039,SKU0450,206,172,79,4
S039,SKU0451,213,198,105,4
S039,SKU0452,252,227,59,5
S039,SKU0453,212,190,20,6
S039,SKU0454,128,99,48,6
S039,SKU0455,293,276,119,3
S039,SKU0456,99,74,38,1
S039,SKU0457,121,86,78,2
S039,SKU0458,193,159,75,5
S039,SKU0459,80,47,58,7
S039,SKU0460,98,60,87,6
S039,SKU0461,219,199,88,5
S039,SKU0462,176,155,120,3
S039,SKU0463,233,199,82,3
S039,SKU0464,84,46,132,5
S039,SKU0465,226,188,134,1
S039,SKU0466,185,168,56,5
S039,SKU0467,126,111,63,2
S039,SKU0468,234,215,139,4
S039,SKU0469,122,86,113,4
S039,SKU0470,201,190,40,4
S039,SKU0471,132,114,104,1
S039,SKU0472,90,51,64,5
S039,SKU0473,274,235,57,4
S039,SKU0474,149,130,53,2
S039,SKU0475,289,275,113,2
S039,SKU0476,153,142,60,1
S039,SKU0477,162,123,123,2
S039,SKU0478,265,250,142,3
S039,SKU0479,202,187,37,4
S039,SKU0480,107,77,26,7
S039,SKU0481,55,34,40,7
S039,SKU0482,211,172,142,3
S039,SKU0483,252,220,22,1
S039,SKU0484,83,50,126,4
S039,SKU0485,105,74,78,3
S039,SKU0486,225,186,89,1
S039,SKU0487,166,155,77,4
S039,SKU0488,112,94,84,1
S039,SKU0489,280,265,82,5
S039,SKU0490,74,55,62,7
S039,SKU0491,103,77,129,7
S039,SKU0492,104,79,71,5
S039,SKU0493,197,185,90,5
S039,SKU0494,98,60,86,3
S039,SKU0495,171,146,125,5
S039,SKU0496,242,213,134,1
S039,SKU0497,145,134,36,7
S039,SKU0498,99,77,93,1
S039,SKU0499,294,255,58,4
S039,SKU0500,190,176,106,3
S040,SKU0001,145,117,134,3
S040,SKU0002,194,156,40,7
S040,SKU0003,256,235,66,4
S040,SKU0004,298,259,115,4
S040,SKU0005,228,204,109,4
S040,SKU0006,95,70,88,6
S040,SKU0007,66,43,95,4
S040,SKU0008,185,150,109,4
S040,SKU0009,65,42,149,4
S040,SKU0010,68,31,102,6
S040,SKU0011,195,157,143,4
S040,SKU0012,137,99,114,2
S040,SKU0013,196,180,78,7
S040,SKU0014,295,282,69,4
S040,SKU0015,55,17,70,1
S040,SKU0016,153,142,81,3
S040,SKU0017,179,160,141,6
S040,SKU0018,160,141,79,7
S040,SKU0019,256,229,125,7
S040,SKU0020,127,88,95,1
S040,SKU0021,148,113,35,4
S040,SKU0022,246,222,27,2
S040,SKU0023,215,188,52,5
S040,SKU0024,292,261,131,6
S040,SKU0025,107,72,82,2
S040,SKU0026,245,229,112,1
S040,SKU0027,133,119,61,4
S040,SKU0028,250,230,58,1
S040,SKU0029,83,52,23,7
S040,SKU0030,160,145,63,6
S040,SKU0031,120,97,126,4
S040,SKU0032,110,98,36,5
S040,SKU0033,123,104,58,7
S040,SKU0034,98,76,94,6
S040,SKU0035,102,63,116,3
S040,SKU0036,99,89,145,6
S040,SKU0037,117,104,29,4
S040,SKU0038,76,46,58,5
S040,SKU0039,260,224,73,2
S040,SKU0040,67,36,33,1
S040,SKU0041,68,43,70,4
S040,SKU0042,159,123,129,2
S040,SKU0043,213,197,75,4
S040,SKU0044,189,156,82,7
S040,SKU0045,101,82,75,7
S040,SKU0046,223,213,120,6
S040,SKU0047,79,51,26,7
S040,SKU0048,172,146,94,2
S040,SKU0049,136,103,99,4
S040,SKU0050,286,250,72,3
S040,SKU0051,225,190,33,6
S040,SKU0052,293,274,71,5
S040,SKU0053,253,228,90,5
S040,SKU0054,255,228,68,3
S040,SKU0055,181,147,29,6
S040,SKU0056,181,168,143,1
S040,SKU0057,147,119,48,2
S040,SKU0058,100,74,124,1
S040,SKU0059,119,99,37,5
S040,SKU0060,216,194,62,2
S040,SKU0061,138,100,97,4
S040,SKU0062,104,92,92,3
S040,SKU0063,268,247,41,2
S040,SKU0064,137,111,80,5
S040,SKU0065,295,279,51,4
S040,SKU0066,221,188,129,6
S040,SKU0067,275,254,97,3
S040,SKU0068,136,125,119,3
S040,SKU0069,217,179,142,7
S040,SKU0070,61,40,60,5
S040,SKU0071,152,135,149,5
S040,SKU0072,178,164,90,5
S040,SKU0073,190,172,48,1
S040,SKU0074,251,229,34,7
S040,SKU0075,182,166,52,6
S040,SKU0076,146,110,30,1
S040,SKU0077,155,142,74,6
S040,SKU0078,136,99,26,6
S040,SKU0079,213,188,31,1
S040,SKU0080,261,242,78,4
S040,SKU0081,260,223,87,5
S040,SKU0082,68,36,55,5
S040,SKU0083,96,79,91,1
S040,SKU0084,245,223,58,2
S040,SKU0085,70,60,128,7
S040,SKU0086,108,71,97,5
S040,SKU0087,168,134,82,1
S040,SKU0088,94,70,56,6
S040,SKU0089,141,115,54,7
S040,SKU0090,90,76,27,6
S040,SKU0091,214,181,122,4
S040,SKU0092,224,202,129,6
S040,SKU0093,154,120,89,2
S040,SKU0094,56,44,77,3
S040,SKU0095,115,82,132,3
S040,SKU0096,282,244,74,5
S040,SKU0097,133,109,41,1
S040,SKU0098,60,49,100,1
S040,SKU0099,211,186,111,6
S040,SKU0100,168,139,49,5
S040,SKU0101,219,201,74,3
S040,SKU0102,102,69,86,7
S040,SKU0103,96,58,146,6
S040,SKU0104,276,250,133,2
S040,SKU0105,218,195,147,2
S040,SKU0106,153,118,74,3
S040,SKU0107,272,257,128,5
S040,SKU0108,122,87,102,6
S040,SKU0109,104,86,79,6
S040,SKU0110,251,236,130,2
S040,SKU0111,222,187,109,5
S040,SKU0112,209,175,108,6
S040,SKU0113,99,82,113,1
S040,SKU0114,286,275,64,5
S040,SKU0115,121,94,113,3
S040,SKU0116,90,60,100,7
S040,SKU0117,201,163,93,7
S040,SKU0118,227,216,55,2
S040,SKU0119,267,237,48,6
S040,SKU0120,210,183,69,4
S040,SKU0121,121,87,51,3
S040,SKU0122,171,161,122,6
S040,SKU0123,152,133,33,1
S040,SKU0124,286,270,81,2
S040,SKU0125,217,203,63,4
S040,SKU0126,277,242,49,5
S040,SKU0127,185,156,34,1
S040,SKU0128,99,89,131,6
S040,SKU0129,108,82,121,7
S040,SKU0130,84,68,24,2
S040,SKU0131,56,36,96,2
S040,SKU0132,299,262,46,5
S040,SKU0133,109,93,84,3
S040,SKU0134,245,232,33,5
S040,SKU0135,175,160,42,4
S040,SKU0136,161,141,98,1
S040,SKU0137,211,197,149,5
S040,SKU0138,196,176,44,2
S040,SKU0139,111,95,137,5
S040,SKU0140,78,42,97,7
S040,SKU0141,290,267,148,6
S040,SKU0142,100,72,101,2
S040,SKU0143,236,211,69,2
S040,SKU0144,224,185,59,7
S040,SKU0145,213,174,28,4
S040,SKU0146,157,140,44,1
S040,SKU0147,197,173,98,6
S040,SKU0148,108,88,49,4
S040,SKU0149,72,59,137,5
S040,SKU0150,132,104,132,6
S040,SKU0151,219,198,63,4
S040,SKU0152,127,108,112,3
S040,SKU0153,131,93,85,6
S040,SKU0154,144,105,121,5
S040,SKU0155,64,35,54,2
S040,SKU0156,155,136,145,6
S040,SKU0157,103,65,97,5
S040,SKU0158,275,246,70,5
S040,SKU0159,183,155,119,2
S040,SKU0160,163,138,25,4
S040,SKU0161,217,206,31,6
S040,SKU0162,223,208,49,7
S040,SKU0163,71,44,51,5
S040,SKU0164,124,92,132,1
S040,SKU0165,168,133,128,3
S040,SKU0166,171,150,62,5
S040,SKU0167,257,247,92,7
S040,SKU0168,198,181,117,4
S040,SKU0169,148,112,61,6
S040,SKU0170,242,224,104,6
S040,SKU0171,179,161,89,3
S040,SKU0172,66,34,89,1
S040,SKU0173,202,190,117,1
S040,SKU0174,175,150,98,1
S040,SKU0175,149,132,89,5
S040,SKU0176,118,103,40,1
S040,SKU0177,136,115,146,7
S040,SKU0178,138,121,140,2
S040,SKU0179,189,162,36,5
S040,SKU0180,83,70,129,7
S040,SKU0181,129,91,36,7
S040,SKU0182,51,16,129,2
S040,SKU0183,55,37,42,3
S040,SKU0184,279,265,92,3
S040,SKU0185,89,65,136,6
S040,SKU0186,74,46,43,1
S040,SKU0187,279,250,123,2
S040,SKU0188,51,35,103,7
S040,SKU0189,242,205,121,1
S040,SKU0190,116,91,63,2
S040,SKU0191,232,196,68,2
S040,SKU0192,194,163,90,1
S040,SKU0193,182,159,126,3
S040,SKU0194,205,171,92,1
S040,SKU0195,158,145,85,2
S040,SKU0196,229,196,125,6
S040,SKU0197,288,249,43,6
S040,SKU0198,248,224,117,1
S040,SKU0199,138,115,132,2
S040,SKU0200,155,130,70,7
S040,SKU0201,138,113,129,4
S040,SKU0202,131,115,82,1
S040,SKU0203,296,286,67,6
S040,SKU0204,166,135,148,3
S040,SKU0205,207,187,124,7
S040,SKU0206,107,88,94,4
S040,SKU0207,147,128,60,6
S040,SKU0208,268,258,100,2
S040,SKU0209,257,223,112,4
S040,SKU0210,284,251,92,4
S040,SKU0211,195,163,128,3
S040,SKU0212,132,100,149,2
S040,SKU0213,115,90,99,5
S040,SKU0214,184,147,75,7
S040,SKU0215,106,84,137,6
S040,SKU0216,229,190,74,3
S040,SKU0217,115,90,136,3
S040,SKU0218,81,50,63,7
S040,SKU0219,166,127,149,5
S040,SKU0220,241,204,93,1
S040,SKU0221,52,36,78,2
S040,SKU0222,78,66,93,3
S040,SKU0223,236,224,94,5
S040,SKU0224,85,55,123,5
S040,SKU0225,50,23,111,6
S040,SKU0226,112,93,133,6
S040,SKU0227,105,80,72,2
S040,SKU0228,203,185,85,1
S040,SKU0229,264,249,31,6
S040,SKU0230,234,213,114,2
S040,SKU0231,261,232,71,6
S040,SKU0232,119,92,24,7
S040,SKU0233,193,158,127,1
S040,SKU0234,210,198,84,7
S040,SKU0235,172,158,47,1
S040,SKU0236,291,274,126,5
S040,SKU0237,81,62,67,1
S040,SKU0238,145,124,74,4
S040,SKU0239,148,133,23,2
S040,SKU0240,264,239,139,2
S040,SKU0241,100,75,28,5
S040,SKU0242,265,229,143,4
S040,SKU0243,254,225,24,3
S040,SKU0244,124,114,66,4
S040,SKU0245,98,82,65,3
S040,SKU0246,91,73,97,5
S040,SKU0247,117,93,31,3
S040,SKU0248,252,242,26,5
S040,SKU0249,102,82,137,4
S040,SKU0250,231,221,66,7
S040,SKU0251,254,225,64,7
S040,SKU0252,269,249,110,4
S040,SKU0253,165,133,100,5
S040,SKU0254,104,79,96,2
S040,SKU0255,257,226,56,1
S040,SKU0256,73,43,106,5
S040,SKU0257,93,71,37,5
S040,SKU0258,293,270,138,2
S040,SKU0259,70,43,26,7
S040,SKU0260,92,57,120,2
S040,SKU0261,260,224,146,6
S040,SKU0262,53,20,91,3
S040,SKU0263,108,91,43,4
S040,SKU0264,242,227,62,2
S040,SKU0265,175,146,119,7
S040,SKU0266,110,73,77,2
S040,SKU0267,254,237,73,7
S040,SKU0268,145,119,117,3
S040,SKU0269,198,177,39,6
S040,SKU0270,53,19,131,6
S040,SKU0271,200,176,103,3
S040,SKU0272,210,195,86,5
S040,SKU0273,226,197,133,4
S040,SKU0274,296,257,72,3
S040,SKU0275,129,92,75,6
S040,SKU0276,180,163,34,3
S040,SKU0277,82,52,53,6
S040,SKU0278,237,223,128,7
S040,SKU0279,137,98,70,6
S040,SKU0280,158,143,105,1
S040,SKU0281,159,131,95,1
S040,SKU0282,291,257,63,4
S040,SKU0283,147,112,49,2
S040,SKU0284,152,129,120,1
S040,SKU0285,85,47,146,3
S040,SKU0286,298,272,44,2
S040,SKU0287,166,149,119,4
S040,SKU0288,145,121,111,5
S040,SKU0289,167,153,137,6
S040,SKU0290,65,28,101,1
S040,SKU0291,62,38,124,3
S040,SKU0292,110,94,97,7
S040,SKU0293,63,47,59,5
S040,SKU0294,168,147,68,2
S040,SKU0295,55,35,46,1
S040,SKU0296,234,199,44,6
S040,SKU0297,147,127,113,5
S040,SKU0298,279,260,146,7
S040,SKU0299,166,147,80,5
S040,SKU0300,299,279,51,7
S040,SKU0301,151,116,117,4
S040,SKU0302,188,154,133,4
S040,SKU0303,149,118,127,5
S040,SKU0304,198,185,138,7
S040,SKU0305,161,139,43,1
S040,SKU0306,129,93,23,4
S040,SKU0307,167,141,148,2
S040,SKU0308,113,102,34,5
S040,SKU0309,215,186,139,4
S040,SKU0310,149,115,39,7
S040,SKU0311,112,98,81,1
S040,SKU0312,294,268,80,2
S040,SKU0313,57,47,83,1
S040,SKU0314,87,61,34,7
S040,SKU0315,151,127,32,5
S040,SKU0316,256,234,113,7
S040,SKU0317,298,272,98,6
S040,SKU0318,263,244,128,1
S040,SKU0319,220,187,75,6
S040,SKU0320,266,250,97,5
S040,SKU0321,51,16,48,4
S040,SKU0322,197,181,110,1
S040,SKU0323,62,23,77,4
S040,SKU0324,293,271,99,3
S040,SKU0325,209,195,134,1
S040,SKU0326,145,117,123,2
S040,SKU0327,276,265,58,5
S040,SKU0328,66,42,116,2
S040,SKU0329,179,148,31,6
S040,SKU0330,154,119,65,5
S040,SKU0331,239,204,135,6
S040,SKU0332,275,257,133,7
S040,SKU0333,236,215,46,4
S040,SKU0334,241,227,60,3
S040,SKU0335,238,217,85,3
S040,SKU0336,71,34,39,3
S040,SKU0337,296,284,147,2
S040,SKU0338,203,185,43,2
S040,SKU0339,186,148,110,6
S040,SKU0340,111,87,95,5
S040,SKU0341,236,203,131,7
S040,SKU0342,221,196,37,7
S040,SKU0343,118,92,126,2
S040,SKU0344,178,144,36,2
S040,SKU0345,178,150,112,5
S040,SKU0346,119,81,34,1
S040,SKU0347,261,247,52,3
S040,SKU0348,229,210,98,7
S040,SKU0349,170,142,113,5
S040,SKU0350,209,174,31,4
S040,SKU0351,172,135,92,6
S040,SKU0352,159,120,101,1
S040,SKU0353,184,148,78,7
S040,SKU0354,182,172,129,2
S040,SKU0355,99,82,137,6
S040,SKU0356,57,36,52,4
S040,SKU0357,297,276,123,3
S040,SKU0358,265,246,66,6
S040,SKU0359,246,224,106,3
S040,SKU0360,261,241,79,6
S040,SKU0361,88,67,139,4
S040,SKU0362,158,147,64,7
S040,SKU0363,231,206,91,7
S040,SKU0364,139,109,84,3
S040,SKU0365,136,120,24,3
S040,SKU0366,157,124,132,2
S040,SKU0367,200,173,38,4
S040,SKU0368,73,53,121,5
S040,SKU0369,66,30,118,3
S040,SKU0370,178,145,148,2
S040,SKU0371,116,88,122,4
S040,SKU0372,267,244,110,6
S040,SKU0373,178,164,66,1
S040,SKU0374,217,198,32,5
S040,SKU0375,196,177,48,2
S040,SKU0376,251,223,105,5
S040,SKU0377,90,79,118,7
S040,SKU0378,154,142,140,1
S040,SKU0379,223,203,130,5
S040,SKU0380,267,231,35,1
S040,SKU0381,150,140,36,4
S040,SKU0382,183,155,62,4
S040,SKU0383,201,187,148,1
S040,SKU0384,228,208,61,7
S040,SKU0385,97,87,123,1
S040,SKU0386,54,25,137,2
S040,SKU0387,224,190,68,1
S040,SKU0388,148,114,82,7
S040,SKU0389,81,50,119,6
S040,SKU0390,126,99,71,6
S040,SKU0391,262,246,51,6
S040,SKU0392,173,143,103,1
S040,SKU0393,119,93,97,6
S040,SKU0394,178,149,141,3
S040,SKU0395,115,79,116,4
S040,SKU0396,136,121,88,1
S040,SKU0397,161,131,115,7
S040,SKU0398,183,168,35,1
S040,SKU0399,172,151,35,7
S040,SKU0400,135,116,60,6
S040,SKU0401,74,48,102,5
S040,SKU0402,146,109,21,5
S040,SKU0403,279,249,137,4
S040,SKU0404,90,57,63,5
S040,SKU0405,113,95,63,7
S040,SKU0406,166,153,149,4
S040,SKU0407,130,97,128,2
S040,SKU0408,221,205,56,6
S040,SKU0409,187,158,127,4
S040,SKU0410,158,125,25,6
S040,SKU0411,60,39,21,4
S040,SKU0412,270,234,31,1
S040,SKU0413,54,23,66,5
S040,SKU0414,182,165,148,1
S040,SKU0415,153,129,36,6
S040,SKU0416,191,160,99,6
S040,SKU0417,145,110,93,5
S040,SKU0418,209,195,97,1
S040,SKU0419,209,182,118,1
S040,SKU0420,258,243,77,7
S040,SKU0421,87,63,65,4
S040,SKU0422,267,243,70,2
S040,SKU0423,244,227,78,1
S040,SKU0424,204,180,122,7
S040,SKU0425,106,91,68,3
S040,SKU0426,206,174,95,4
S040,SKU0427,86,64,22,6
S040,SKU0428,245,206,72,7
S040,SKU0429,259,222,97,3
S040,SKU0430,198,188,105,3
S040,SKU0431,148,113,108,4
S040,SKU0432,178,147,27,2
S040,SKU0433,59,35,107,3
S040,SKU0434,219,207,149,2
S040,SKU0435,247,210,67,4
S040,SKU0436,62,44,48,3
S040,SKU0437,239,214,137,7
S040,SKU0438,218,194,35,6
S040,SKU0439,260,242,120,5
S040,SKU0440,261,234,57,3
S040,SKU0441,212,174,43,6
S040,SKU0442,68,46,50,3
S040,SKU0443,292,264,102,4
S040,SKU0444,97,71,99,3
S040,SKU0445,263,233,123,6
S040,SKU0446,78,40,97,3
S040,SKU0447,219,193,42,6
S040,SKU0448,69,59,52,6
S040,SKU0449,136,102,135,6
S040,SKU0450,102,87,121,7
S040,SKU0451,117,92,63,1
S040,SKU0452,144,108,141,1
S040,SKU0453,90,72,83,6
S040,SKU0454,273,234,140,3
S040,SKU0455,183,154,48,2
S040,SKU0456,179,166,95,3
S040,SKU0457,199,170,39,6
S040,SKU0458,276,243,95,2
S040,SKU0459,74,39,108,5
S040,SKU0460,237,219,83,6
S040,SKU0461,97,65,52,1
S040,SKU0462,172,147,54,6
S040,SKU0463,189,150,137,5
S040,SKU0464,281,252,65,7
S040,SKU0465,168,150,149,6
S040,SKU0466,224,189,97,5
S040,SKU0467,261,229,37,7
S040,SKU0468,205,182,41,1
S040,SKU0469,180,147,100,4
S040,SKU0470,66,56,44,7
S040,SKU0471,284,259,146,7
S040,SKU0472,260,229,126,2
S040,SKU0473,286,274,145,3
S040,SKU0474,180,166,32,1
S040,SKU0475,85,72,115,1
S040,SKU0476,152,118,102,6
S040,SKU0477,215,205,58,2
S040,SKU0478,55,37,104,3
S040,SKU0479,274,259,140,5
S040,SKU0480,74,42,45,1
S040,SKU0481,83,68,126,5
S040,SKU0482,154,121,41,2
S040,SKU0483,74,58,138,6
S040,SKU0484,278,257,139,7
S040,SKU0485,98,74,43,4
S040,SKU0486,117,93,43,3
S040,SKU0487,180,165,132,4
S040,SKU0488,212,201,145,2
S040,SKU0489,275,242,139,4
S040,SKU0490,248,236,132,1
S040,SKU0491,135,115,109,6
S040,SKU0492,191,155,73,5
S040,SKU0493,144,122,53,6
S040,SKU0494,267,233,106,5
S040,SKU0495,225,206,111,6
S040,SKU0496,210,173,102,4
S040,SKU0497,246,216,54,3
S040,SKU0498,170,138,63,1
S040,SKU0499,252,239,105,1
S040,SKU0500,231,194,128,6
S041,SKU0001,185,146,101,6
S041,SKU0002,214,191,147,6
S041,SKU0003,272,255,28,7
S041,SKU0004,140,102,125,4
S041,SKU0005,146,116,128,1
S041,SKU0006,262,231,100,2
S041,SKU0007,63,46,91,1
S041,SKU0008,181,144,116,6
S041,SKU0009,135,104,32,4
S041,SKU0010,87,62,125,1
S041,SKU0011,265,247,34,3
S041,SKU0012,272,244,121,4
S041,SKU0013,149,114,123,1
S041,SKU0014,204,169,132,6
S041,SKU0015,299,263,40,3
S041,SKU0016,96,68,33,4
S041,SKU0017,186,169,136,3
S041,SKU0018,161,142,63,5
S041,SKU0019,109,81,85,7
S041,SKU0020,285,271,145,1
S041,SKU0021,249,222,40,5
S041,SKU0022,248,209,32,7
S041,SKU0023,233,222,119,6
S041,SKU0024,75,61,56,3
S041,SKU0025,54,24,84,6
S041,SKU0026,102,83,25,3
S041,SKU0027,114,83,54,5
S041,SKU0028,87,49,119,4
S041,SKU0029,188,172,86,6
S041,SKU0030,258,221,80,1
S041,SKU0031,277,245,89,6
S041,SKU0032,187,154,112,2
S041,SKU0033,269,244,74,7
S041,SKU0034,201,182,101,5
S041,SKU0035,147,126,28,6
S041,SKU0036,140,113,106,7
S041,SKU0037,178,144,89,3
S041,SKU0038,135,105,119,7
S041,SKU0039,214,201,107,5
S041,SKU0040,193,160,141,6
S041,SKU0041,236,198,142,4
S041,SKU0042,92,66,120,2
S041,SKU0043,171,148,47,6
S041,SKU0044,78,43,53,6
S041,SKU0045,93,78,61,2
S041,SKU0046,246,214,42,4
S041,SKU0047,250,232,129,1
S041,SKU0048,125,103,83,6
S041,SKU0049,210,196,98,1
S041,SKU0050,54,30,125,5
S041,SKU0051,265,227,23,1
S041,SKU0052,74,45,103,4
S041,SKU0053,166,139,35,2
S041,SKU0054,247,236,45,7
S041,SKU0055,77,67,132,4
S041,SKU0056,64,43,134,5
S041,SKU0057,207,190,26,6
S041,SKU0058,168,145,77,7
S041,SKU0059,153,126,137,5
S041,SKU0060,227,213,123,5
S041,SKU0061,166,135,73,5
S041,SKU0062,54,25,101,6
S041,SKU0063,81,71,114,2
S041,SKU0064,107,69,65,5
S041,SKU0065,70,45,87,2
S041,SKU0066,152,124,64,7
S041,SKU0067,96,67,131,1
S041,SKU0068,215,198,59,1
S041,SKU0069,122,84,69,5
S041,SKU0070,153,127,63,2
S041,SKU0071,164,141,122,7
S041,SKU0072,104,65,104,7
S041,SKU0073,271,257,110,2
S041,SKU0074,216,196,87,3
S041,SKU0075,139,122,37,4
S041,SKU0076,217,201,119,6
S041,SKU0077,194,165,102,7
S041,SKU0078,103,87,80,1
S041,SKU0079,269,253,36,5
S041,SKU0080,208,195,75,2
S041,SKU0081,103,66,141,2
S041,SKU0082,82,59,20,2
S041,SKU0083,268,253,70,3
S041,SKU0084,150,129,64,1
S041,SKU0085,223,205,131,5
S041,SKU0086,271,255,23,4
S041,SKU0087,111,75,32,2
S041,SKU0088,180,142,55,6
S041,SKU0089,75,50,97,7
S041,SKU0090,148,126,118,3
S041,SKU0091,76,37,46,2
S041,SKU0092,177,163,108,2
S041,SKU0093,264,254,27,2
S041,SKU0094,223,190,144,6
S041,SKU0095,242,209,96,6
S041,SKU0096,287,271,74,3
S041,SKU0097,126,115,87,2
S041,SKU0098,58,21,97,1
S041,SKU0099,161,127,34,2
S041,SKU0100,224,200,111,7
S041,SKU0101,74,49,80,4
S041,SKU0102,152,117,73,4
S041,SKU0103,234,208,77,7
S041,SKU0104,133,123,26,1
S041,SKU0105,162,140,128,5
S041,SKU0106,200,172,118,2
S041,SKU0107,265,243,53,2
S041,SKU0108,219,193,88,2
S041,SKU0109,178,153,70,7
S041,SKU0110,228,201,33,6
S041,SKU0111,87,49,45,4
S041,SKU0112,292,255,93,4
S041,SKU0113,137,110,50,4
S041,SKU0114,229,211,106,7
S041,SKU0115,137,112,53,4
S041,SKU0116,92,80,128,6
S041,SKU0117,218,200,21,7
S041,SKU0118,178,147,61,3
S041,SKU0119,200,161,42,5
S041,SKU0120,209,181,42,6
S041,SKU0121,278,256,123,3
S041,SKU0122,184,156,132,5
S041,SKU0123,65,55,58,5
S041,SKU0124,193,174,91,3
S041,SKU0125,84,64,70,2
S041,SKU0126,167,136,78,1
S041,SKU0127,113,78,53,6
S041,SKU0128,256,230,104,5
S041,SKU0129,229,212,76,5
S041,SKU0130,251,234,117,7
S041,SKU0131,76,44,110,2
S041,SKU0132,278,260,131,3
S041,SKU0133,231,203,64,1
S041,SKU0134,181,152,134,2
S041,SKU0135,181,171,85,4
S041,SKU0136,264,252,76,7
S041,SKU0137,205,174,40,3
S041,SKU0138,265,235,149,6
S041,SKU0139,193,162,68,3
S041,SKU0140,263,230,43,4
S041,SKU0141,182,147,38,1
S041,SKU0142,63,26,110,3
S041,SKU0143,267,251,88,3
S041,SKU0144,68,36,38,4
S041,SKU0145,79,50,143,3
S041,SKU0146,115,76,98,1
S041,SKU0147,230,206,74,2
S041,SKU0148,58,40,68,5
S041,SKU0149,59,29,127,3
S041,SKU0150,75,64,57,6
S041,SKU0151,122,108,128,3
S041,SKU0152,79,44,133,7
S041,SKU0153,217,206,62,5
S041,SKU0154,175,160,24,2
S041,SKU0155,125,114,55,6
S041,SKU0156,53,18,125,3
S041,SKU0157,285,253,104,5
S041,SKU0158,73,54,78,2
S041,SKU0159,185,167,88,1
S041,SKU0160,150,131,62,3
S041,SKU0161,96,65,48,1
S041,SKU0162,289,279,91,6
S041,SKU0163,188,170,51,5
S041,SKU0164,199,184,112,7
S041,SKU0165,160,149,123,3
S041,SKU0166,293,277,110,6
S041,SKU0167,208,196,147,7
S041,SKU0168,135,98,112,3
S041,SKU0169,205,190,130,5
S041,SKU0170,184,165,110,2
S041,SKU0171,180,169,23,7
S041,SKU0172,132,107,45,7
S041,SKU0173,219,203,136,2
S041,SKU0174,242,231,137,5
S041,SKU0175,162,143,78,3
S041,SKU0176,267,243,67,2
S041,SKU0177,84,47,124,2
S041,SKU0178,229,206,72,7
S041,SKU0179,60,26,41,7
S041,SKU0180,247,208,21,1
S041,SKU0181,199,165,43,3
S041,SKU0182,120,101,81,3
S041,SKU0183,127,111,29,4
S041,SKU0184,198,178,23,6
S041,SKU0185,275,252,84,1
S041,SKU0186,130,113,26,1
S041,SKU0187,191,167,91,2
S041,SKU0188,166,137,116,6
S041,SKU0189,142,124,44,4
S041,SKU0190,286,255,30,5
S041,SKU0191,193,160,37,2
S041,SKU0192,115,85,128,7
S041,SKU0193,297,268,24,3
S041,SKU0194,145,121,119,1
S041,SKU0195,117,102,118,1
S041,SKU0196,164,139,29,7
S041,SKU0197,111,93,77,5
S041,SKU0198,144,114,89,1
S041,SKU0199,276,254,148,5
S041,SKU0200,231,217,85,6
S041,SKU0201,176,146,68,3
S041,SKU0202,188,177,96,7
S041,SKU0203,174,150,74,7
S041,SKU0204,178,140,38,6
S041,SKU0205,115,102,47,4
S041,SKU0206,270,255,28,5
S041,SKU0207,176,157,25,5
S041,SKU0208,142,117,84,2
S041,SKU0209,242,228,52,6
S041,SKU0210,62,50,52,4
S041,SKU0211,162,124,102,2
S041,SKU0212,88,71,24,6
S041,SKU0213,233,201,47,6
S041,SKU0214,156,141,134,3
S041,SKU0215,291,269,20,4
S041,SKU0216,71,39,80,6
S041,SKU0217,194,176,54,2
S041,SKU0218,143,107,148,7
S041,SKU0219,134,111,34,1
S041,SKU0220,193,155,22,1
S041,SKU0221,98,78,68,6
S041,SKU0222,123,101,94,4
S041,SKU0223,121,99,94,2
S041,SKU0224,161,126,96,6
S041,SKU0225,156,121,71,3
S041,SKU0226,200,178,67,3
S041,SKU0227,251,223,26,7
S041,SKU0228,71,61,116,4
S041,SKU0229,244,222,39,7
S041,SKU0230,296,280,21,5
S041,SKU0231,190,180,114,2
S041,SKU0232,190,156,120,3
S041,SKU0233,233,203,62,6
S041,SKU0234,284,251,123,7
S041,SKU0235,280,270,67,7
S041,SKU0236,200,185,68,6
S041,SKU0237,94,74,141,1
S041,SKU0238,54,24,105,4
S041,SKU0239,204,172,60,3
S041,SKU0240,225,209,69,3
S041,SKU0241,86,61,55,2
S041,SKU0242,93,61,57,7
S041,SKU0243,246,214,143,4
S041,SKU0244,256,228,113,6
S041,SKU0245,275,259,27,1
S041,SKU0246,244,205,118,2
S041,SKU0247,227,191,24,4
S041,SKU0248,174,157,119,3
S041,SKU0249,193,176,75,2
S041,SKU0250,252,242,131,7
S041,SKU0251,142,118,145,7
S041,SKU0252,294,271,46,6
S041,SKU0253,269,244,92,7
S041,SKU0254,143,113,41,3
S041,SKU0255,280,250,122,2
S041,SKU0256,95,69,80,7
S041,SKU0257,232,194,139,6
S041,SKU0258,90,64,31,6
S041,SKU0259,235,225,102,6
S041,SKU0260,125,87,39,4
S041,SKU0261,107,84,99,4
S041,SKU0262,255,224,69,5
S041,SKU0263,80,46,38,1
S041,SKU0264,104,73,141,4
S041,SKU0265,175,139,132,3
S041,SKU0266,50,31,83,7
S041,SKU0267,69,35,81,1
S041,SKU0268,199,170,26,5
S041,SKU0269,218,180,41,4
S041,SKU0270,145,121,134,5
S041,SKU0271,149,117,84,7
S041,SKU0272,265,240,84,7
S041,SKU0273,51,36,122,6
S041,SKU0274,296,257,30,2
S041,SKU0275,158,123,91,7
S041,SKU0276,209,192,33,6
S041,SKU0277,187,148,111,2
S041,SKU0278,214,189,120,4
S041,SKU0279,130,118,89,7
S041,SKU0280,141,115,124,3
S041,SKU0281,54,36,123,6
S041,SKU0282,62,32,73,4
S041,SKU0283,230,214,52,6
S041,SKU0284,251,225,106,4
S041,SKU0285,271,238,87,3
S041,SKU0286,181,164,24,6
S041,SKU0287,101,91,58,1
S041,SKU0288,93,59,66,3
S041,SKU0289,131,114,113,5
S041,SKU0290,271,238,136,4
S041,SKU0291,215,198,114,6
S041,SKU0292,277,262,44,1
S041,SKU0293,259,224,138,6
S041,SKU0294,225,195,123,4
S041,SKU0295,206,168,145,7
S041,SKU0296,269,242,143,4
S041,SKU0297,61,26,122,6
S041,SKU0298,104,72,142,3
S041,SKU0299,276,264,139,5
S041,SKU0300,60,22,122,5
S041,SKU0301,182,150,77,1
S041,SKU0302,251,229,107,4
S041,SKU0303,68,50,83,3
S041,SKU0304,195,173,92,3
S041,SKU0305,256,227,100,6
S041,SKU0306,238,227,36,1
S041,SKU0307,249,210,37,1
S041,SKU0308,50,11,70,3
S041,SKU0309,88,58,63,4
S041,SKU0310,215,177,142,1
S041,SKU0311,82,70,76,2
S041,SKU0312,79,68,77,4
S041,SKU0313,242,205,90,2
S041,SKU0314,220,200,74,4
S041,SKU0315,183,165,136,1
S041,SKU0316,288,265,135,1
S041,SKU0317,100,73,123,7
S041,SKU0318,63,40,59,7
S041,SKU0319,197,174,23,2
S041,SKU0320,281,249,38,5
S041,SKU0321,295,273,113,2
S041,SKU0322,177,167,43,1
S041,SKU0323,83,52,87,6
S041,SKU0324,76,43,107,5
S041,SKU0325,87,55,35,4
S041,SKU0326,285,271,62,5
S041,SKU0327,175,137,30,6
S041,SKU0328,235,215,64,5
S041,SKU0329,262,248,33,3
S041,SKU0330,203,184,133,5
S041,SKU0331,283,264,70,7
S041,SKU0332,137,122,75,7
S041,SKU0333,168,132,54,4
S041,SKU0334,114,86,109,2
S041,SKU0335,200,168,32,2
S041,SKU0336,269,236,74,3
S041,SKU0337,170,133,105,5
S041,SKU0338,227,197,85,1
S041,SKU0339,163,141,46,3
S041,SKU0340,122,108,98,6
S041,SKU0341,82,49,54,2
S041,SKU0342,290,275,34,7
S041,SKU0343,203,171,122,7
S041,SKU0344,211,180,136,4
S041,SKU0345,216,203,104,1
S041,SKU0346,75,38,101,2
S041,SKU0347,160,147,111,2
S041,SKU0348,69,42,77,4
S041,SKU0349,190,168,67,4
S041,SKU0350,104,81,62,4
S041,SKU0351,53,26,147,7
S041,SKU0352,216,193,73,1
S041,SKU0353,122,95,122,6
S041,SKU0354,233,203,66,5
S041,SKU0355,53,36,20,2
S041,SKU0356,278,245,48,5
S041,SKU0357,133,120,68,1
S041,SKU0358,146,110,94,2
S041,SKU0359,268,254,83,1
S041,SKU0360,110,72,80,7
S041,SKU0361,297,282,130,7
S041,SKU0362,234,208,117,2
S041,SKU0363,165,145,42,7
S041,SKU0364,208,170,48,4
S041,SKU0365,87,48,135,2
S041,SKU0366,202,176,37,7
S041,SKU0367,286,270,84,2
S041,SKU0368,88,52,52,2
S041,SKU0369,249,231,103,6
S041,SKU0370,154,141,44,7
S041,SKU0371,129,102,115,3
S041,SKU0372,122,97,24,7
S041,SKU0373,68,30,22,6
S041,SKU0374,92,78,27,7
S041,SKU0375,189,166,147,7
S041,SKU0376,261,251,121,2
S041,SKU0377,66,36,66,4
S041,SKU0378,141,105,91,2
S041,SKU0379,67,38,148,2
S041,SKU0380,55,37,53,2
S041,SKU0381,71,41,140,4
S041,SKU0382,105,84,27,6
S041,SKU0383,288,254,127,6
S041,SKU0384,60,36,104,1
S041,SKU0385,142,131,132,7
S041,SKU0386,210,193,149,5
S041,SKU0387,101,84,146,7
S041,SKU0388,273,246,133,3
S041,SKU0389,90,62,137,4
S041,SKU0390,123,105,121,1
S041,SKU0391,132,108,47,3
S041,SKU0392,153,143,104,6
S041,SKU0393,221,198,47,4
S041,SKU0394,254,215,61,5
S041,SKU0395,109,86,119,4
S041,SKU0396,196,170,24,5
S041,SKU0397,94,58,132,2
S041,SKU0398,171,136,146,4
S041,SKU0399,204,172,25,4
S041,SKU0400,216,182,57,6
S041,SKU0401,142,112,95,7
S041,SKU0402,257,238,32,5
S041,SKU0403,145,132,75,4
S041,SKU0404,95,70,125,3
S041,SKU0405,139,107,129,1
S041,SKU0406,257,231,119,1
S041,SKU0407,99,75,51,1
S041,SKU0408,93,70,141,5
S041,SKU0409,203,187,38,7
S041,SKU0410,139,114,68,4
S041,SKU0411,143,112,58,2
S041,SKU0412,278,247,29,4
S041,SKU0413,229,191,62,4
S041,SKU0414,80,42,94,5
S041,SKU0415,141,118,105,4
S041,SKU0416,89,57,119,3
S041,SKU0417,58,45,41,4
S041,SKU0418,51,22,121,3
S041,SKU0419,70,47,37,3
S041,SKU0420,221,200,92,1
S041,SKU0421,216,196,118,2
S041,SKU0422,131,112,37,7
S041,SKU0423,223,195,90,5
S041,SKU0424,230,193,137,4
S041,SKU0425,293,262,38,2
S041,SKU0426,182,153,133,7
S041,SKU0427,131,113,118,6
S041,SKU0428,90,67,93,7
S041,SKU0429,98,73,108,4
S041,SKU0430,87,69,134,2
S041,SKU0431,225,195,51,6
S041,SKU0432,235,207,46,5
S041,SKU0433,237,198,108,6
S041,SKU0434,64,41,104,7
S041,SKU0435,57,28,53,2
S041,SKU0436,155,122,131,7
S041,SKU0437,131,106,102,1
S041,SKU0438,267,251,134,5
S041,SKU0439,248,229,23,6
S041,SKU0440,221,187,93,6
S041,SKU0441,94,84,120,1
S041,SKU0442,145,126,67,1
S041,SKU0443,296,284,88,4
S041,SKU0444,265,229,63,6
S041,SKU0445,204,190,89,5
S041,SKU0446,289,268,28,2
S041,SKU0447,255,241,54,5
S041,SKU0448,145,115,136,6
S041,SKU0449,215,201,31,5
S041,SKU0450,201,165,134,2
S041,SKU0451,78,50,143,7
S041,SKU0452,136,98,107,6
S041,SKU0453,251,232,89,3
S041,SKU0454,116,96,135,5
S041,SKU0455,134,112,75,7
S041,SKU0456,168,154,85,4
S041,SKU0457,285,270,102,2
S041,SKU0458,236,220,51,1
S041,SKU0459,235,202,63,1
S041,SKU0460,267,248,73,2
S041,SKU0461,244,218,77,5
S041,SKU0462,68,50,126,4
S041,SKU0463,256,225,33,1
S041,SKU0464,285,271,94,2
S041,SKU0465,259,223,66,7
S041,SKU0466,66,50,110,3
S041,SKU0467,105,70,116,6
S041,SKU0468,164,152,103,1
S041,SKU0469,207,173,132,2
S041,SKU0470,130,114,70,2
S041,SKU0471,104,86,79,5
S041,SKU0472,173,154,43,2
S041,SKU0473,168,157,63,4
S041,SKU0474,122,103,111,1
S041,SKU0475,252,240,25,4
S041,SKU0476,260,236,122,3
S041,SKU0477,73,39,142,4
S041,SKU0478,228,216,28,4
S041,SKU0479,196,182,65,5
S041,SKU0480,247,221,145,1
S041,SKU0481,198,182,110,7
S041,SKU0482,195,165,100,5
S041,SKU0483,160,126,48,2
S041,SKU0484,141,106,116,7
S041,SKU0485,201,175,47,4
S041,SKU0486,68,41,105,1
S041,SKU0487,274,264,86,1
S041,SKU0488,290,258,142,2
S041,SKU0489,104,75,49,4
S041,SKU0490,174,141,83,6
S041,SKU0491,146,127,62,5
S041,SKU0492,144,133,100,4
S041,SKU0493,252,222,146,2
S041,SKU0494,119,80,147,4
S041,SKU0495,272,260,63,2
S041,SKU0496,213,197,111,3
S041,SKU0497,71,44,105,3
S041,SKU0498,180,145,81,7
S041,SKU0499,119,99,26,2
S041,SKU0500,247,225,68,3
S042,SKU0001,277,240,129,4
S042,SKU0002,91,55,80,5
S042,SKU0003,271,240,139,3
S042,SKU0004,267,250,86,6
S042,SKU0005,263,241,108,7
S042,SKU0006,51,34,42,1
S042,SKU0007,298,276,108,3
S042,SKU0008,220,181,72,3
S042,SKU0009,282,260,147,1
S042,SKU0010,115,86,103,3
S042,SKU0011,158,139,86,5
S042,SKU0012,58,24,92,7
S042,SKU0013,231,211,95,6
S042,SKU0014,264,228,119,5
S042,SKU0015,255,232,61,5
S042,SKU0016,154,127,121,3
S042,SKU0017,176,140,57,7
S042,SKU0018,288,265,58,1
S042,SKU0019,187,166,42,3
S042,SKU0020,192,169,51,3
S042,SKU0021,139,126,90,7
S042,SKU0022,107,92,79,7
S042,SKU0023,240,210,28,6
S042,SKU0024,287,267,133,5
S042,SKU0025,283,256,24,2
S042,SKU0026,132,117,33,4
S042,SKU0027,175,160,20,3
S042,SKU0028,158,137,136,3
S042,SKU0029,239,213,41,1
S042,SKU0030,259,238,108,3
S042,SKU0031,147,127,72,6
S042,SKU0032,275,238,41,1
S042,SKU0033,96,62,100,6
S042,SKU0034,82,45,136,3
S042,SKU0035,193,167,77,1
S042,SKU0036,266,250,31,1
S042,SKU0037,137,115,117,1
S042,SKU0038,236,214,68,6
S042,SKU0039,204,191,49,1
S042,SKU0040,58,48,30,3
S042,SKU0041,158,133,62,7
S042,SKU0042,110,76,82,5
S042,SKU0043,201,164,119,7
S042,SKU0044,198,160,107,2
S042,SKU0045,194,170,138,2
S042,SKU0046,257,233,90,6
S042,SKU0047,151,141,119,3
S042,SKU0048,79,43,111,3
S042,SKU0049,240,217,146,3
S042,SKU0050,150,123,60,3
S042,SKU0051,208,178,33,2
S042,SKU0052,176,161,130,7
S042,SKU0053,265,251,25,5
S042,SKU0054,159,132,62,7
S042,SKU0055,114,91,100,5
S042,SKU0056,173,146,111,5
S042,SKU0057,212,178,57,2
S042,SKU0058,58,46,137,4
S042,SKU0059,227,190,57,6
S042,SKU0060,217,202,58,6
S042,SKU0061,281,249,114,3
S042,SKU0062,284,256,21,1
S042,SKU0063,211,193,45,6
S042,SKU0064,249,234,95,4
S042,SKU0065,153,142,37,2
S042,SKU0066,110,87,42,3
S042,SKU0067,175,159,140,6
S042,SKU0068,220,201,114,7
S042,SKU0069,292,269,115,3
S042,SKU0070,254,220,26,3
S042,SKU0071,140,101,29,3
S042,SKU0072,262,243,92,6
S042,SKU0073,100,76,101,5
S042,SKU0074,234,206,96,4
S042,SKU0075,205,178,42,4
S042,SKU0076,140,129,50,2
S042,SKU0077,168,145,82,7
S042,SKU0078,191,158,89,7
S042,SKU0079,185,149,32,6
S042,SKU0080,263,242,21,6
S042,SKU0081,74,64,145,7
S042,SKU0082,87,68,140,2
S042,SKU0083,126,90,100,2
S042,SKU0084,80,59,143,4
S042,SKU0085,216,177,139,2
S042,SKU0086,117,98,142,6
S042,SKU0087,156,140,113,6
S042,SKU0088,194,172,52,2
S042,SKU0089,273,243,44,7
S042,SKU0090,100,88,72,5
S042,SKU0091,175,151,78,1
S042,SKU0092,95,62,94,3
S042,SKU0093,51,35,138,5
S042,SKU0094,274,253,56,4
S042,SKU0095,144,131,60,1
S042,SKU0096,119,86,115,7
S042,SKU0097,295,278,69,3
S042,SKU0098,156,144,82,2
S042,SKU0099,165,149,130,5
S042,SKU0100,135,121,78,3
S042,SKU0101,216,182,44,5
S042,SKU0102,225,204,79,5
S042,SKU0103,108,94,46,6
S042,SKU0104,262,227,35,1
S042,SKU0105,75,41,113,6
S042,SKU0106,273,257,39,7
S042,SKU0107,244,224,62,3
S042,SKU0108,201,162,78,5
S042,SKU0109,169,143,72,4
S042,SKU0110,245,208,146,1
S042,SKU0111,176,140,33,2
S042,SKU0112,102,79,92,4
S042,SKU0113,212,194,38,7
S042,SKU0114,295,271,28,7
S042,SKU0115,194,175,140,7
S042,SKU0116,196,182,141,6
S042,SKU0117,247,214,29,1
S042,SKU0118,153,115,109,5
S042,SKU0119,262,235,32,4
S042,SKU0120,192,160,56,2
S042,SKU0121,105,88,80,7
S042,SKU0122,102,79,62,7
S042,SKU0123,94,81,134,5
S042,SKU0124,232,212,148,5
S042,SKU0125,122,106,69,3
S042,SKU0126,206,191,83,2
S042,SKU0127,89,69,75,1
S042,SKU0128,257,243,91,7
S042,SKU0129,222,201,74,3
S042,SKU0130,230,215,100,2
S042,SKU0131,132,98,52,3
S042,SKU0132,106,72,85,3
S042,SKU0133,132,100,33,3
S042,SKU0134,136,97,141,3
S042,SKU0135,188,162,149,2
S042,SKU0136,239,216,143,1
S042,SKU0137,258,244,31,6
S042,SKU0138,178,150,123,6
S042,SKU0139,281,255,60,6
S042,SKU0140,270,231,117,5
S042,SKU0141,92,57,104,1
S042,SKU0142,213,197,132,5
S042,SKU0143,136,122,56,6
S042,SKU0144,209,173,38,1
S042,SKU0145,146,123,117,1
S042,SKU0146,80,50,34,4
S042,SKU0147,176,159,149,1
S042,SKU0148,225,199,83,3
S042,SKU0149,53,23,123,5
S042,SKU0150,166,149,94,5
S042,SKU0151,217,192,64,1
S042,SKU0152,276,251,127,7
S042,SKU0153,148,132,130,1
S042,SKU0154,88,77,33,3
S042,SKU0155,193,175,65,6
S042,SKU0156,182,146,21,6
S042,SKU0157,288,271,144,2
S042,SKU0158,146,130,127,6
S042,SKU0159,296,263,138,4
S042,SKU0160,290,262,74,3
S042,SKU0161,178,166,132,5
S042,SKU0162,199,178,43,1
S042,SKU0163,130,113,88,2
S042,SKU0164,141,114,107,6
S042,SKU0165,92,60,31,2
S042,SKU0166,224,206,124,6
S042,SKU0167,177,144,94,7
S042,SKU0168,213,177,120,3
S042,SKU0169,245,233,58,2
S042,SKU0170,117,104,60,2
S042,SKU0171,94,77,114,2
S042,SKU0172,298,266,107,7
S042,SKU0173,222,201,146,6
S042,SKU0174,158,120,146,2
S042,SKU0175,74,40,70,7
S042,SKU0176,193,174,95,7
S042,SKU0177,102,92,26,3
S042,SKU0178,213,174,135,1
S042,SKU0179,226,199,48,5
S042,SKU0180,162,145,124,6
S042,SKU0181,102,68,105,6
S042,SKU0182,295,271,78,7
S042,SKU0183,113,86,41,6
S042,SKU0184,189,160,58,2
S042,SKU0185,225,206,41,5
S042,SKU0186,75,60,98,4
S042,SKU0187,250,231,77,5
S042,SKU0188,167,146,114,3
S042,SKU0189,285,274,57,2
S042,SKU0190,108,91,97,1
S042,SKU0191,215,181,132,4
S042,SKU0192,94,67,62,7
S042,SKU0193,184,151,114,3
S042,SKU0194,148,125,73,3
S042,SKU0195,262,230,119,6
S042,SKU0196,156,135,86,7
S042,SKU0197,92,55,41,2
S042,SKU0198,254,221,128,6
S042,SKU0199,61,50,30,7
S042,SKU0200,98,64,62,4
S042,SKU0201,98,65,106,4
S042,SKU0202,62,24,133,5
S042,SKU0203,226,216,111,5
S042,SKU0204,241,221,62,2
S042,SKU0205,290,271,20,4
S042,SKU0206,150,120,52,6
S042,SKU0207,137,101,129,3
S042,SKU0208,238,208,87,4
S042,SKU0209,296,286,85,3
S042,SKU0210,133,110,123,4
S042,SKU0211,115,91,27,7
S042,SKU0212,257,237,145,5
S042,SKU0213,276,256,110,6
S042,SKU0214,65,30,51,5
S042,SKU0215,85,70,149,1
S042,SKU0216,250,211,65,7
S042,SKU0217,234,209,88,7
S042,SKU0218,275,253,141,5
S042,SKU0219,285,251,34,4
S042,SKU0220,209,188,118,4
S042,SKU0221,260,235,20,4
S042,SKU0222,193,159,94,6
S042,SKU0223,218,204,118,4
S042,SKU0224,271,242,20,5
S042,SKU0225,215,202,21,4
S042,SKU0226,84,46,137,6
S042,SKU0227,164,125,25,4
S042,SKU0228,69,48,133,2
S042,SKU0229,239,214,125,6
S042,SKU0230,142,124,35,7
S042,SKU0231,210,187,114,7
S042,SKU0232,83,66,115,6
S042,SKU0233,198,165,146,3
S042,SKU0234,257,244,100,2
S042,SKU0235,231,207,32,1
S042,SKU0236,220,188,72,6
S042,SKU0237,229,204,62,3
S042,SKU0238,278,239,35,1
S042,SKU0239,270,231,84,5
S042,SKU0240,141,126,100,1
S042,SKU0241,136,97,126,3
S042,SKU0242,119,88,118,4
S042,SKU0243,157,129,102,4
S042,SKU0244,197,160,144,1
S042,SKU0245,61,49,120,2
S042,SKU0246,193,175,38,5
S042,SKU0247,96,84,47,3
S042,SKU0248,122,83,126,1
S042,SKU0249,274,257,116,5
S042,SKU0250,177,165,61,4
S042,SKU0251,191,179,106,2
S042,SKU0252,92,67,35,2
S042,SKU0253,234,203,108,6
S042,SKU0254,83,65,106,3
S042,SKU0255,228,198,62,5
S042,SKU0256,153,123,46,4
S042,SKU0257,159,134,101,4
S042,SKU0258,182,156,24,6
S042,SKU0259,274,248,83,1
S042,SKU0260,132,100,58,4
S042,SKU0261,138,112,54,1
S042,SKU0262,52,13,101,6
S042,SKU0263,172,144,94,6
S042,SKU0264,126,99,56,6
S042,SKU0265,152,135,50,7
S042,SKU0266,215,186,67,4
S042,SKU0267,80,49,78,3
S042,SKU0268,187,161,78,7
S042,SKU0269,292,276,127,1
S042,SKU0270,227,197,21,5
S042,SKU0271,101,69,140,1
S042,SKU0272,170,141,74,3
S042,SKU0273,142,110,95,1
S042,SKU0274,219,198,100,5
S042,SKU0275,274,238,74,3
S042,SKU0276,189,162,24,7
S042,SKU0277,270,245,21,6
S042,SKU0278,233,197,87,3
S042,SKU0279,266,237,70,5
S042,SKU0280,76,56,118,7
S042,SKU0281,179,155,99,5
S042,SKU0282,145,134,106,7
S042,SKU0283,72,39,61,7
S042,SKU0284,237,202,140,6
S042,SKU0285,138,103,115,3
S042,SKU0286,278,258,43,2
S042,SKU0287,56,20,23,1
S042,SKU0288,191,156,125,6
S042,SKU0289,182,172,84,7
S042,SKU0290,131,111,63,4
S042,SKU0291,282,244,86,1
S042,SKU0292,286,262,47,7
S042,SKU0293,206,185,74,1
S042,SKU0294,82,53,137,1
S042,SKU0295,220,197,119,5
S042,SKU0296,214,199,55,4
S042,SKU0297,117,92,149,4
S042,SKU0298,94,67,60,2
S042,SKU0299,190,160,137,5
S042,SKU0300,234,196,45,4
S042,SKU0301,122,94,94,2
S042,SKU0302,242,204,120,4
S042,SKU0303,90,56,113,4
S042,SKU0304,89,76,70,5
S042,SKU0305,218,204,138,1
S042,SKU0306,90,65,89,5
S042,SKU0307,298,284,82,4
S042,SKU0308,218,197,112,1
S042,SKU0309,217,190,125,2
S042,SKU0310,140,130,99,7
S042,SKU0311,71,44,62,2
S042,SKU0312,129,91,21,6
S042,SKU0313,83,50,92,5
S042,SKU0314,74,38,118,6
S042,SKU0315,298,281,69,6
S042,SKU0316,114,87,61,1
S042,SKU0317,257,242,76,2
S042,SKU0318,139,109,93,7
S042,SKU0319,133,105,59,6
S042,SKU0320,125,88,121,1
S042,SKU0321,258,233,51,4
S042,SKU0322,51,36,142,7
S042,SKU0323,134,123,56,1
S042,SKU0324,231,194,144,4
S042,SKU0325,116,92,123,5
S042,SKU0326,286,273,138,4
S042,SKU0327,87,50,145,2
S042,SKU0328,133,94,95,4
S042,SKU0329,87,77,83,4
S042,SKU0330,234,222,143,6
S042,SKU0331,99,65,107,3
S042,SKU0332,170,142,57,7
S042,SKU0333,157,140,95,6
S042,SKU0334,100,63,37,4
S042,SKU0335,110,84,120,1
S042,SKU0336,193,165,106,6
S042,SKU0337,287,272,43,3
S042,SKU0338,283,259,93,1
S042,SKU0339,250,224,134,4
S042,SKU0340,243,232,71,5
S042,SKU0341,266,227,97,6
S042,SKU0342,61,42,20,3
S042,SKU0343,98,70,41,5
S042,SKU0344,98,71,28,2
S042,SKU0345,56,29,54,2
S042,SKU0346,260,226,96,5
S042,SKU0347,103,70,37,7
S042,SKU0348,150,127,24,2
S042,SKU0349,133,103,41,2
S042,SKU0350,168,157,21,2
S042,SKU0351,241,214,60,6
S042,SKU0352,251,232,81,4
S042,SKU0353,81,51,149,4
S042,SKU0354,79,65,146,3
S042,SKU0355,129,95,114,3
S042,SKU0356,256,217,78,5
S042,SKU0357,91,61,137,1
S042,SKU0358,222,206,120,4
S042,SKU0359,97,82,31,7
S042,SKU0360,148,138,104,4
S042,SKU0361,188,163,126,3
S042,SKU0362,72,62,57,1
S042,SKU0363,123,97,144,4
S042,SKU0364,77,45,116,5
S042,SKU0365,291,280,112,1
S042,SKU0366,271,252,37,4
S042,SKU0367,275,248,30,3
S042,SKU0368,286,263,44,7
S042,SKU0369,172,151,72,5
S042,SKU0370,194,160,133,1
S042,SKU0371,107,74,61,7
S042,SKU0372,269,235,126,6
S042,SKU0373,256,217,115,3
S042,SKU0374,169,135,51,7
S042,SKU0375,235,199,40,1
S042,SKU0376,140,121,103,2
S042,SKU0377,219,186,129,5
S042,SKU0378,135,121,78,5
S042,SKU0379,272,253,47,1
S042,SKU0380,206,168,80,7
S042,SKU0381,239,221,111,2
S042,SKU0382,285,259,105,4
S042,SKU0383,88,67,144,5
S042,SKU0384,197,172,100,4
S042,SKU0385,70,32,91,3
S042,SKU0386,102,70,59,3
S042,SKU0387,286,253,107,2
S042,SKU0388,62,27,99,1
S042,SKU0389,253,242,76,1
S042,SKU0390,125,88,65,3
S042,SKU0391,50,32,133,2
S042,SKU0392,185,146,105,5
S042,SKU0393,208,176,86,6
S042,SKU0394,131,106,60,5
S042,SKU0395,53,36,144,1
S042,SKU0396,121,97,43,2
S042,SKU0397,214,194,131,3
S042,SKU0398,169,146,121,1
S042,SKU0399,277,258,142,2
S042,SKU0400,267,251,32,5
S042,SKU0401,154,141,129,1
S042,SKU0402,201,173,106,2
S042,SKU0403,106,69,67,1
S042,SKU0404,115,103,46,1
S042,SKU0405,85,61,126,4
S042,SKU0406,64,44,92,3
S042,SKU0407,74,64,47,4
S042,SKU0408,263,243,123,3
S042,SKU0409,190,161,109,1
S042,SKU0410,156,138,36,2
S042,SKU0411,138,122,22,5
S042,SKU0412,222,189,22,6
S042,SKU0413,114,104,130,2
S042,SKU0414,110,91,138,4
S042,SKU0415,247,216,146,3
S042,SKU0416,265,237,113,3
S042,SKU0417,119,90,112,5
S042,SKU0418,204,177,38,2
S042,SKU0419,181,156,105,2
S042,SKU0420,219,198,110,7
S042,SKU0421,164,128,49,4
S042,SKU0422,230,202,56,1
S042,SKU0423,231,220,47,1
S042,SKU0424,86,49,88,3
S042,SKU0425,55,37,52,6
S042,SKU0426,131,121,40,1
S042,SKU0427,218,197,32,4
S042,SKU0428,238,220,38,5
S042,SKU0429,148,128,128,1
S042,SKU0430,145,118,127,4
S042,SKU0431,158,127,33,3
S042,SKU0432,88,64,76,5
S042,SKU0433,187,164,42,2
S042,SKU0434,220,196,64,3
S042,SKU0435,213,175,32,5
S042,SKU0436,265,244,27,5
S042,SKU0437,107,84,97,4
S042,SKU0438,75,61,141,5
S042,SKU0439,211,200,136,6
S042,SKU0440,176,152,86,4
S042,SKU0441,234,223,146,6
S042,SKU0442,113,74,41,2
S042,SKU0443,290,261,57,3
S042,SKU0444,95,67,147,5
S042,SKU0445,234,210,95,3
S042,SKU0446,239,223,141,1
S042,SKU0447,227,202,44,5
S042,SKU0448,182,151,123,4
S042,SKU0449,178,150,107,1
S042,SKU0450,70,32,74,3
S042,SKU0451,209,174,118,4
S042,SKU0452,298,263,49,3
S042,SKU0453,218,207,103,2
S042,SKU0454,95,72,98,6
S042,SKU0455,281,248,142,1
S042,SKU0456,169,153,118,3
S042,SKU0457,253,237,124,1
S042,SKU0458,257,218,46,1
S042,SKU0459,209,190,39,1
S042,SKU0460,244,210,23,1
S042,SKU0461,65,26,118,4
S042,SKU0462,96,82,50,5
S042,SKU0463,184,159,48,6
S042,SKU0464,250,236,37,1
S042,SKU0465,113,93,122,6
S042,SKU0466,216,187,148,6
S042,SKU0467,165,130,32,1
S042,SKU0468,164,151,96,5
S042,SKU0469,197,185,48,7
S042,SKU0470,214,175,110,1
S042,SKU0471,129,113,140,1
S042,SKU0472,148,127,65,4
S042,SKU0473,191,162,58,6
S042,SKU0474,189,173,147,6
S042,SKU0475,213,188,98,5
S042,SKU0476,163,133,102,5
S042,SKU0477,178,159,79,2
S042,SKU0478,237,224,139,5
S042,SKU0479,222,212,98,3
S042,SKU0480,222,196,122,2
S042,SKU0481,199,163,44,4
S042,SKU0482,89,52,98,7
S042,SKU0483,203,165,110,3
S042,SKU0484,199,185,102,6
S042,SKU0485,151,139,29,3
S042,SKU0486,77,47,55,3
S042,SKU0487,190,169,86,3
S042,SKU0488,119,108,129,2
S042,SKU0489,102,82,43,6
S042,SKU0490,194,155,122,1
S042,SKU0491,113,96,25,5
S042,SKU0492,195,170,94,6
S042,SKU0493,195,160,44,2
S042,SKU0494,87,50,41,3
S042,SKU0495,186,172,136,2
S042,SKU0496,194,184,37,5
S042,SKU0497,55,42,140,3
S042,SKU0498,133,107,141,7
S042,SKU0499,51,32,58,7
S042,SKU0500,144,120,94,6
